ticker,category,period_index,as_of_date,composite_score,dcf_score,relative_score,recommendation,forward_return_pct
GEF,Materials (S&P 400),0,2023-10-01,80.5,90.8,38.9,Buy,-1.0492942219568213
WMG,Communication Services (S&P 400),1,2023-12-30,-62.6,-61.7,-66.4,Sell,-7.297513568348511
UGI,Utilities (S&P 400),1,2023-12-30,78.9,93.9,19.0,Buy,1.2479761564325091
POST,Consumer Staples (S&P 400),1,2023-12-30,67.2,100.0,-63.8,Buy,20.69044029734366
GEF,Materials (S&P 400),1,2023-12-30,80.8,91.0,40.2,Buy,6.143446871462175
APD,Materials (S&P 500),1,2023-12-30,-24.4,-27.6,-11.5,Sell,-10.866727005223142
COST,Consumer Staples (S&P 500),1,2023-12-30,-37.9,-45.4,-8.1,Sell,11.15424968938815
MTN,Consumer Discretionary (S&P 400),1,2023-12-30,80.7,95.5,21.5,Buy,5.45504556696258
MMS,Industrials (S&P 400),1,2023-12-30,-20.7,-15.7,-40.6,Sell,0.4181998677192856
AAPL,Information Technology (S&P 500),1,2023-12-30,-42.6,-42.7,-42.3,Sell,-10.819715266006561
SWKS,Information Technology (S&P 500),1,2023-12-30,-52.7,-51.3,-58.2,Sell,-3.0223771900297938
AZO,Consumer Discretionary (S&P 500),1,2023-12-30,44.7,51.1,19.4,Buy,21.891923817016487
CBT,Materials (S&P 400),1,2023-12-30,3.7,-7.8,49.5,Hold,10.959974310820677
TEL,Information Technology (S&P 500),1,2023-12-30,-42.0,-47.0,-22.0,Sell,3.8025820097590617
TOL,Consumer Discretionary (S&P 400),2,2024-03-29,-3.4,17.3,-86.2,Hold,-10.813508747678402
WMG,Communication Services (S&P 400),2,2024-03-29,-59.2,-59.5,-58.1,Sell,-6.646396177740281
UGI,Utilities (S&P 400),2,2024-03-29,78.5,93.7,17.7,Buy,-5.970876559705948
POST,Consumer Staples (S&P 400),2,2024-03-29,65.2,100.0,-73.9,Buy,-2.314639737229522
GEF,Materials (S&P 400),2,2024-03-29,-23.3,-19.5,-38.4,Sell,-13.658120714743655
AMAT,Information Technology (S&P 500),2,2024-03-29,-63.9,-54.9,-100.0,Sell,12.958324923367131
HRL,Consumer Staples (S&P 500),2,2024-03-29,66.3,72.0,43.5,Buy,-12.67786235665255
APD,Materials (S&P 500),2,2024-03-29,-13.6,-20.5,13.8,Sell,8.585462178554696
COST,Consumer Staples (S&P 500),2,2024-03-29,-46.4,-49.5,-34.4,Sell,16.291341326648066
MTN,Consumer Discretionary (S&P 400),2,2024-03-29,78.0,94.8,11.0,Buy,-18.6754821874697
MMS,Industrials (S&P 400),2,2024-03-29,-38.0,-37.2,-41.1,Sell,4.670991824232234
AAPL,Information Technology (S&P 500),2,2024-03-29,-34.7,-38.5,-19.3,Sell,25.023558683520257
SWKS,Information Technology (S&P 500),2,2024-03-29,-52.2,-51.8,-54.0,Sell,-1.7978059953615133
AZO,Consumer Discretionary (S&P 500),2,2024-03-29,26.4,38.8,-23.1,Buy,-6.226897215139825
CBT,Materials (S&P 400),2,2024-03-29,-4.6,-14.2,33.6,Hold,1.623964263101841
TEL,Information Technology (S&P 500),2,2024-03-29,-48.7,-53.1,-30.9,Sell,2.8298655897966247
MKC,Consumer Staples (S&P 500),2,2024-03-29,33.2,27.2,57.0,Buy,-7.576862615411197
PSKY,Communication Services (S&P 500),3,2024-06-27,48.4,85.5,-100.0,Buy,3.315240787882682
WSO,Industrials (S&P 400),3,2024-06-27,-66.4,-58.0,-100.0,Sell,8.42461699930166
LSCC,Information Technology (S&P 400),3,2024-06-27,-11.1,-32.0,72.4,Sell,-9.299882252434422
ASTH,Health Care (S&P 600),3,2024-06-27,27.9,43.6,-34.9,Buy,36.669120910182826
AA,Materials (S&P 400),3,2024-06-27,-7.4,15.7,-100.0,Hold,-6.934041419285476
TOL,Consumer Discretionary (S&P 400),3,2024-06-27,-5.8,11.2,-74.1,Hold,30.806112925883593
MUR,Energy (S&P 400),3,2024-06-27,-17.7,-22.2,0.2,Sell,-15.764890548844543
VLO,Energy (S&P 500),3,2024-06-27,10.0,21.8,-37.0,Buy,-13.207881936494411
NEE,Utilities (S&P 500),3,2024-06-27,74.0,69.9,90.1,Buy,15.529120408566216
BIIB,Health Care (S&P 500),3,2024-06-27,30.8,63.5,-100.0,Buy,-17.335604094468398
TXN,Information Technology (S&P 500),3,2024-06-27,-71.2,-74.4,-58.5,Sell,6.702673984701532
PPG,Materials (S&P 500),3,2024-06-27,42.1,35.4,68.9,Buy,2.940936577342895
PNW,Utilities (S&P 500),3,2024-06-27,65.6,75.1,27.6,Buy,18.348750446508255
AN,Consumer Discretionary (S&P 400),3,2024-06-27,64.3,93.1,-50.8,Buy,11.600027246100401
OMC,Communication Services (S&P 500),3,2024-06-27,69.5,81.9,19.8,Buy,13.86977236145308
KMB,Consumer Staples (S&P 500),3,2024-06-27,-65.7,-73.3,-35.3,Sell,2.1694928725660327
DINO,Energy (S&P 400),3,2024-06-27,38.9,64.8,-64.8,Buy,-13.900589138824563
SMTC,Information Technology (S&P 400),3,2024-06-27,44.7,39.9,63.8,Buy,65.45834903123112
CLF,Materials (S&P 400),3,2024-06-27,39.8,61.2,-45.7,Buy,-18.333333333333332
CELH,Consumer Staples (S&P 400),3,2024-06-27,-39.2,-64.5,62.1,Sell,-46.08967680882878
EHC,Health Care (S&P 400),3,2024-06-27,-11.7,-18.0,13.4,Sell,12.88082155037254
UNP,Industrials (S&P 500),3,2024-06-27,-14.6,-18.9,2.5,Sell,10.442634994402157
AVNT,Materials (S&P 400),3,2024-06-27,-47.5,-50.1,-37.3,Sell,14.97733716622823
TNL,Consumer Discretionary (S&P 400),3,2024-06-27,79.9,92.3,30.0,Buy,5.0034310380159015
BNL,Real Estate (S&P 600),3,2024-06-27,78.9,85.8,51.2,Buy,20.400263315967003
PM,Consumer Staples (S&P 500),3,2024-06-27,56.1,67.5,10.7,Buy,19.80898336173623
PBF,Energy (S&P 400),3,2024-06-27,36.7,50.0,-16.4,Buy,-31.50411229134914
ALKS,Health Care (S&P 600),3,2024-06-27,90.7,88.8,98.2,Buy,8.810207118108613
ROL,Industrials (S&P 500),3,2024-06-27,26.5,33.1,-0.1,Buy,3.1810016825813374
BCPC,Materials (S&P 600),3,2024-06-27,-23.6,-33.0,13.9,Sell,14.597627209367452
GOOG,Communication Services (S&P 500),3,2024-06-27,-29.6,-18.4,-74.1,Sell,-12.659458134029105
PNR,Industrials (S&P 500),3,2024-06-27,-14.1,-11.4,-24.7,Sell,27.20426050839222
ACLS,Information Technology (S&P 600),3,2024-06-27,-34.4,-33.7,-37.1,Sell,-27.01907808325879
AVY,Materials (S&P 500),3,2024-06-27,-62.0,-63.2,-57.5,Sell,-1.6565996495865136
OVV,Energy (S&P 400),3,2024-06-27,33.7,47.6,-21.6,Buy,-15.94829265943928
HWM,Industrials (S&P 500),3,2024-06-27,22.3,38.0,-40.2,Buy,25.385454348451002
WMG,Communication Services (S&P 400),3,2024-06-27,-55.8,-57.3,-50.1,Sell,1.8006297957702855
AMT,Real Estate (S&P 500),3,2024-06-27,-18.7,-28.3,19.3,Sell,20.637940628318304
DAR,Consumer Staples (S&P 400),3,2024-06-27,59.1,54.8,76.3,Buy,-1.2054756896136558
NVR,Consumer Discretionary (S&P 500),3,2024-06-27,-44.9,-36.1,-80.3,Sell,24.290706195860924
MTDR,Energy (S&P 400),3,2024-06-27,24.1,42.8,-50.4,Buy,-14.90447733006159
OPCH,Health Care (S&P 400),3,2024-06-27,63.3,57.8,85.5,Buy,10.912340442955264
NXPI,Information Technology (S&P 500),3,2024-06-27,-40.9,-35.8,-61.1,Sell,-11.323292251476955
UGI,Utilities (S&P 400),3,2024-06-27,80.4,94.5,24.0,Buy,10.719292002109464
CAKE,Consumer Discretionary (S&P 600),3,2024-06-27,26.3,14.5,73.3,Buy,1.5057345298228937
BG,Consumer Staples (S&P 500),3,2024-06-27,-1.8,-21.5,76.9,Hold,-11.378548568120737
CHTR,Communication Services (S&P 500),3,2024-06-27,71.3,77.8,45.1,Buy,6.929382169208363
FANG,Energy (S&P 500),3,2024-06-27,-49.9,-44.8,-70.0,Sell,-8.275375471111362
AVTR,Health Care (S&P 400),3,2024-06-27,-50.8,-50.1,-53.6,Sell,19.84126977059903
ALGT,Industrials (S&P 600),3,2024-06-27,97.1,100.0,85.7,Buy,-6.4997025810054465
STLD,Materials (S&P 500),3,2024-06-27,6.3,26.5,-74.2,Hold,-1.0033001073516763
T,Communication Services (S&P 500),3,2024-06-27,62.5,55.0,92.6,Buy,16.712494095410023
CVX,Energy (S&P 500),3,2024-06-27,26.6,39.5,-24.9,Buy,-6.869685073655554
POST,Consumer Staples (S&P 400),3,2024-06-27,65.4,100.0,-72.9,Buy,10.94201564606429
PSN,Industrials (S&P 400),3,2024-06-27,42.6,59.3,-24.2,Buy,25.50311526639187
ENSG,Health Care (S&P 400),3,2024-06-27,-17.6,-14.9,-28.2,Sell,24.68952244523069
GEF,Materials (S&P 400),3,2024-06-27,-12.8,-11.1,-19.5,Sell,5.208959605302367
CHH,Consumer Discretionary (S&P 400),3,2024-06-27,82.2,92.2,42.2,Buy,9.769700327090986
APAM,Financials (S&P 600),3,2024-06-27,39.3,51.5,-9.4,Buy,7.885248396381171
PR,Energy (S&P 400),3,2024-06-27,66.5,100.0,-67.6,Buy,-12.667727341747135
EW,Health Care (S&P 500),3,2024-06-27,-60.2,-66.1,-36.7,Sell,-29.92285597984676
ACIW,Information Technology (S&P 600),3,2024-06-27,-77.5,-80.4,-65.6,Sell,27.688311291979506
SPG,Real Estate (S&P 500),3,2024-06-27,43.7,54.3,1.2,Buy,14.300737103855116
CEG,Utilities (S&P 500),3,2024-06-27,-37.1,-65.8,77.6,Sell,28.601255258374998
APTV,Consumer Discretionary (S&P 500),3,2024-06-27,66.0,61.4,84.8,Buy,2.2905104737159188
JNJ,Health Care (S&P 500),3,2024-06-27,21.9,12.5,59.2,Buy,10.986943889770913
TEX,Industrials (S&P 400),3,2024-06-27,80.0,81.7,73.3,Buy,-2.2554611674687117
AMAT,Information Technology (S&P 500),3,2024-06-27,-69.6,-62.0,-100.0,Sell,-14.98381350853291
VZ,Communication Services (S&P 500),3,2024-06-27,-27.2,-25.7,-33.1,Sell,10.923728126213826
AJG,Financials (S&P 500),3,2024-06-27,16.2,22.9,-10.4,Buy,8.146353573198578
CHRD,Energy (S&P 400),3,2024-06-27,64.4,88.6,-32.4,Buy,-19.171642978627073
EXLS,Industrials (S&P 400),3,2024-06-27,42.1,34.8,71.3,Buy,19.350692187902347
HST,Real Estate (S&P 500),3,2024-06-27,52.6,55.2,42.4,Buy,2.1885493760128307
NYT,Communication Services (S&P 400),3,2024-06-27,-13.4,-9.2,-30.5,Sell,9.596078520479246
HRL,Consumer Staples (S&P 500),3,2024-06-27,74.3,77.5,61.7,Buy,3.8944508592755653
GAP,Consumer Discretionary (S&P 400),3,2024-06-27,33.2,19.0,90.3,Buy,-14.513442686068876
HAL,Energy (S&P 500),3,2024-06-27,86.1,86.9,82.7,Buy,-13.610934498699697
CPAY,Financials (S&P 500),3,2024-06-27,49.3,59.1,9.8,Buy,13.17783846130828
AXTA,Materials (S&P 400),3,2024-06-27,49.6,52.1,39.8,Buy,6.457347196564603
BLDR,Industrials (S&P 500),3,2024-06-27,-78.4,-73.0,-100.0,Sell,39.20644335736303
MAA,Real Estate (S&P 500),3,2024-06-27,59.5,66.5,31.4,Buy,16.170854346445516
AROC,Energy (S&P 600),3,2024-06-27,17.4,5.2,66.1,Buy,5.421110403481158
CHD,Consumer Staples (S&P 500),3,2024-06-27,43.0,34.9,75.2,Buy,-0.748219884756556
CMCSA,Communication Services (S&P 500),3,2024-06-27,73.2,83.7,31.2,Buy,6.902914981932017
VTRS,Health Care (S&P 500),3,2024-06-27,-3.7,13.9,-74.4,Hold,8.652560619328828
APD,Materials (S&P 500),3,2024-06-27,-21.2,-25.7,-3.6,Sell,13.187514924502755
TYL,Information Technology (S&P 500),3,2024-06-27,-49.9,-49.5,-51.6,Sell,17.462177941935707
COST,Consumer Staples (S&P 500),3,2024-06-27,-55.8,-55.1,-58.3,Sell,6.947089062653351
EXE,Energy (S&P 500),3,2024-06-27,-26.8,-46.6,52.2,Sell,-4.19295218055652
EFX,Industrials (S&P 500),3,2024-06-27,-57.5,-64.9,-27.9,Sell,21.972154481120903
SHW,Materials (S&P 500),3,2024-06-27,28.3,27.0,33.6,Buy,28.60138035121921
HSY,Consumer Staples (S&P 500),3,2024-06-27,35.9,26.1,75.4,Buy,4.714696404607709
LNT,Utilities (S&P 500),3,2024-06-27,35.1,35.3,34.4,Buy,18.3772379407462
APA,Energy (S&P 500),3,2024-06-27,18.4,21.2,7.2,Buy,-14.814558644687398
MCD,Consumer Discretionary (S&P 500),3,2024-06-27,65.4,64.5,69.2,Buy,17.061776837316113
IDCC,Information Technology (S&P 400),3,2024-06-27,69.8,100.0,-50.9,Buy,18.289244576670917
NUE,Materials (S&P 500),3,2024-06-27,-21.7,-10.4,-67.0,Sell,-3.431288477319189
MTN,Consumer Discretionary (S&P 400),3,2024-06-27,87.5,98.0,45.3,Buy,2.1005513958178423
LYV,Communication Services (S&P 500),3,2024-06-27,85.3,90.5,64.2,Buy,17.7733727822582
VAL,Energy (S&P 400),3,2024-06-27,-18.7,-6.0,-69.4,Sell,-24.859609635420284
DG,Consumer Staples (S&P 500),3,2024-06-27,26.5,17.5,62.6,Buy,-35.029321465062594
RTX,Industrials (S&P 500),3,2024-06-27,35.5,47.4,-12.1,Buy,20.79800809281342
TKO,Communication Services (S&P 500),3,2024-06-27,64.2,87.8,-30.1,Buy,12.107733541619949
HCA,Health Care (S&P 500),3,2024-06-27,53.9,75.5,-32.6,Buy,18.205750689652778
MMS,Industrials (S&P 400),3,2024-06-27,-36.8,-34.4,-46.6,Sell,6.281780606698324
RS,Materials (S&P 400),3,2024-06-27,-40.2,-31.8,-73.8,Sell,2.8291410979053926
CDP,Real Estate (S&P 400),3,2024-06-27,-35.1,-18.9,-100.0,Sell,25.506242245473658
WEC,Utilities (S&P 500),3,2024-06-27,4.3,-7.3,50.6,Hold,21.72274989818853
TMUS,Communication Services (S&P 500),3,2024-06-27,-33.0,-56.6,61.8,Sell,14.965989494851575
MTD,Health Care (S&P 500),3,2024-06-27,-29.7,-45.3,32.6,Sell,0.9839864081653765
AM,Energy (S&P 400),3,2024-06-27,42.8,52.7,3.0,Buy,3.854589493751938
AAPL,Information Technology (S&P 500),3,2024-06-27,-50.6,-48.7,-58.2,Sell,5.853345717163873
WLK,Materials (S&P 400),3,2024-06-27,-79.5,-74.4,-100.0,Sell,-0.08158669720644286
MO,Consumer Staples (S&P 500),3,2024-06-27,83.9,86.8,72.1,Buy,14.47938436457733
BKNG,Consumer Discretionary (S&P 500),3,2024-06-27,60.5,81.4,-23.2,Buy,4.389260203228569
UHS,Health Care (S&P 500),3,2024-06-27,10.2,10.1,10.8,Buy,26.040380798353898
AZZ,Industrials (S&P 600),3,2024-06-27,65.3,78.2,13.5,Buy,5.070417068503335
BHE,Information Technology (S&P 600),3,2024-06-27,-32.5,-35.8,-19.3,Sell,12.466181274346823
LIN,Materials (S&P 500),3,2024-06-27,-10.1,-17.3,18.5,Sell,8.675841780286179
WMB,Energy (S&P 500),3,2024-06-27,45.7,44.9,48.9,Buy,8.864627473457155
PEG,Utilities (S&P 500),3,2024-06-27,10.3,-10.3,92.7,Buy,21.590916352831847
RRX,Industrials (S&P 400),3,2024-06-27,33.2,66.5,-100.0,Buy,21.12726378751836
SWKS,Information Technology (S&P 500),3,2024-06-27,-51.8,-51.9,-51.5,Sell,-7.37339330336703
AZO,Consumer Discretionary (S&P 500),3,2024-06-27,32.4,42.8,-9.0,Buy,5.196253415234527
CBT,Materials (S&P 400),3,2024-06-27,5.3,-1.2,31.0,Hold,16.547117240512495
SPGI,Financials (S&P 500),3,2024-06-27,-17.8,-6.7,-62.2,Sell,14.890487979221156
LAMR,Real Estate (S&P 400),3,2024-06-27,37.3,48.2,-6.3,Buy,12.974742602758639
TEL,Information Technology (S&P 500),3,2024-06-27,-48.0,-51.1,-35.6,Sell,-1.5456059221681857
MKC,Consumer Staples (S&P 500),3,2024-06-27,39.1,32.7,64.8,Buy,18.805969909309024
NCLH,Consumer Discretionary (S&P 500),3,2024-06-27,88.3,90.1,80.9,Buy,8.315457055593892
NFLX,Communication Services (S&P 500),3,2024-06-27,-42.6,-33.5,-79.0,Sell,5.438817291079904
DOW,Materials (S&P 500),3,2024-06-27,-48.1,-35.1,-100.0,Sell,1.0872114890659674
LOW,Consumer Discretionary (S&P 500),3,2024-06-27,-17.9,-34.4,48.3,Sell,21.135054902183896
PSA,Real Estate (S&P 500),3,2024-06-27,36.8,65.4,-77.6,Buy,26.543046266075287
NRG,Utilities (S&P 500),3,2024-06-27,50.9,88.6,-100.0,Buy,14.069434892593186
ESAB,Industrials (S&P 400),3,2024-06-27,5.7,18.1,-43.6,Hold,11.018480341300277
WST,Health Care (S&P 500),3,2024-06-27,-39.3,-39.9,-37.0,Sell,-7.673488546506096
BOX,Information Technology (S&P 600),3,2024-06-27,-36.4,-64.6,76.3,Sell,24.323298434839717
SLGN,Materials (S&P 400),3,2024-06-27,78.8,84.1,57.7,Buy,19.08802266655201
BKR,Energy (S&P 500),3,2024-06-27,87.7,86.2,93.8,Buy,5.376873997318388
PSKY,Communication Services (S&P 500),4,2024-09-25,49.2,86.5,-100.0,Buy,-0.7901244267932379
WSO,Industrials (S&P 400),4,2024-09-25,-65.4,-56.7,-100.0,Sell,-0.7959849678032411
LSCC,Information Technology (S&P 400),4,2024-09-25,-11.7,-34.7,80.2,Sell,17.79841556851131
ASTH,Health Care (S&P 600),4,2024-09-25,12.5,34.7,-76.3,Buy,-39.91385712713046
AA,Materials (S&P 400),4,2024-09-25,0.6,25.8,-100.0,Hold,7.47977668106761
TOL,Consumer Discretionary (S&P 400),4,2024-09-25,-20.5,-0.7,-100.0,Sell,-14.81467489275518
MUR,Energy (S&P 400),4,2024-09-25,-1.2,-9.5,32.0,Hold,-15.699590233804631
BFAM,Consumer Discretionary (S&P 600),4,2024-09-25,-75.0,-77.6,-64.6,Sell,-21.32817338816459
VLO,Energy (S&P 500),4,2024-09-25,24.1,32.2,-8.1,Buy,-9.839466197660471
NEE,Utilities (S&P 500),4,2024-09-25,67.6,62.9,86.5,Buy,-13.260894264871675
CALM,Consumer Staples (S&P 600),4,2024-09-25,-58.3,-58.3,,Sell,42.089215952381565
BIIB,Health Care (S&P 500),4,2024-09-25,50.7,82.1,-75.1,Buy,-21.182631565185137
TXN,Information Technology (S&P 500),4,2024-09-25,-73.5,-75.2,-66.7,Sell,-5.536446648010516
PPG,Materials (S&P 500),4,2024-09-25,43.2,37.5,66.4,Buy,-4.852421182432272
PNW,Utilities (S&P 500),4,2024-09-25,56.0,68.1,7.7,Buy,-2.7407491299330577
AN,Consumer Discretionary (S&P 400),4,2024-09-25,61.8,91.8,-58.1,Buy,-0.6628592354910714
OMC,Communication Services (S&P 500),4,2024-09-25,60.9,78.6,-10.3,Buy,-13.478821024486054
KMB,Consumer Staples (S&P 500),4,2024-09-25,-66.5,-73.5,-38.6,Sell,-5.55402587535262
DINO,Energy (S&P 400),4,2024-09-25,47.9,71.6,-47.2,Buy,-22.504015471010753
SMTC,Information Technology (S&P 400),4,2024-09-25,-18.5,-22.7,-1.6,Sell,35.854215726549135
CLF,Materials (S&P 400),4,2024-09-25,57.3,75.9,-17.0,Buy,-22.775509892677775
CELH,Consumer Staples (S&P 400),4,2024-09-25,-15.3,-42.2,92.2,Sell,-11.798838792396234
EHC,Health Care (S&P 400),4,2024-09-25,-22.3,-25.3,-10.3,Sell,-2.495151844897414
UNP,Industrials (S&P 500),4,2024-09-25,-23.8,-25.0,-18.9,Sell,-5.875485665860328
AVNT,Materials (S&P 400),4,2024-09-25,-53.9,-54.1,-52.9,Sell,-15.730002890743805
TNL,Consumer Discretionary (S&P 400),4,2024-09-25,78.5,91.8,25.6,Buy,13.474188246959345
BNL,Real Estate (S&P 600),4,2024-09-25,74.4,85.4,30.4,Buy,-12.159971390829146
PM,Consumer Staples (S&P 500),4,2024-09-25,41.9,58.9,-25.8,Buy,2.1356256436303407
PBF,Energy (S&P 400),4,2024-09-25,67.6,69.2,60.8,Buy,-15.591535654852484
ALKS,Health Care (S&P 600),4,2024-09-25,88.9,86.6,98.1,Buy,12.18312249782275
ROL,Industrials (S&P 500),4,2024-09-25,23.2,31.2,-8.9,Buy,-7.896745722081865
BCPC,Materials (S&P 600),4,2024-09-25,-36.2,-40.4,-19.6,Sell,-3.775968483420048
GOOG,Communication Services (S&P 500),4,2024-09-25,-11.7,-0.0,-58.2,Sell,21.353577803120498
PNR,Industrials (S&P 500),4,2024-09-25,-28.0,-20.0,-60.3,Sell,6.352521151574822
ACLS,Information Technology (S&P 600),4,2024-09-25,-3.4,-14.4,40.8,Hold,-29.14005063968443
AVY,Materials (S&P 500),4,2024-09-25,-61.3,-62.7,-55.4,Sell,-13.081210453523864
OVV,Energy (S&P 400),4,2024-09-25,47.3,57.5,6.7,Buy,0.5242348233240759
HWM,Industrials (S&P 500),4,2024-09-25,2.0,20.0,-69.9,Hold,12.435469303116141
WMG,Communication Services (S&P 400),4,2024-09-25,-56.7,-57.9,-52.1,Sell,0.7048815041105442
AMT,Real Estate (S&P 500),4,2024-09-25,-32.6,-37.4,-13.6,Sell,-21.039818978314308
DAR,Consumer Staples (S&P 400),4,2024-09-25,67.3,65.0,76.8,Buy,-6.544649252563733
NVR,Consumer Discretionary (S&P 500),4,2024-09-25,-47.7,-34.6,-100.0,Sell,-13.213101693503004
MTDR,Energy (S&P 400),4,2024-09-25,35.9,52.6,-30.7,Buy,7.5761683022113155
OPCH,Health Care (S&P 400),4,2024-09-25,65.1,61.0,81.5,Buy,-26.41935656147619
FDX,Industrials (S&P 500),4,2024-09-25,20.8,20.0,24.0,Buy,3.568683600990457
NXPI,Information Technology (S&P 500),4,2024-09-25,-34.3,-31.5,-45.3,Sell,-7.51763819808583
UGI,Utilities (S&P 400),4,2024-09-25,77.2,93.2,13.4,Buy,14.361005354894695
CAKE,Consumer Discretionary (S&P 600),4,2024-09-25,25.3,13.5,72.6,Buy,20.433135606788582
BG,Consumer Staples (S&P 500),4,2024-09-25,4.9,-14.5,82.8,Hold,-15.859193813068739
CHTR,Communication Services (S&P 500),4,2024-09-25,68.2,75.0,41.2,Buy,11.987666818563973
FANG,Energy (S&P 500),4,2024-09-25,-45.0,-41.1,-60.5,Sell,-12.173597758396463
AVTR,Health Care (S&P 400),4,2024-09-25,-60.4,-57.7,-71.4,Sell,-16.790025138810325
ALGM,Information Technology (S&P 400),4,2024-09-25,-14.9,-41.6,91.6,Sell,-2.1538451477721496
ALGT,Industrials (S&P 600),4,2024-09-25,97.3,100.0,86.5,Buy,92.04930820498872
STLD,Materials (S&P 500),4,2024-09-25,7.1,27.3,-73.4,Hold,-4.74379606428152
T,Communication Services (S&P 500),4,2024-09-25,55.2,46.0,92.0,Buy,7.813863123456147
DECK,Consumer Discretionary (S&P 500),4,2024-09-25,-7.0,2.2,-43.7,Hold,34.63430065167374
CVX,Energy (S&P 500),4,2024-09-25,33.7,43.8,-7.0,Buy,0.9288586343927475
POST,Consumer Staples (S&P 400),4,2024-09-25,64.4,100.0,-77.8,Buy,-0.8334772373060302
PSN,Industrials (S&P 400),4,2024-09-25,13.0,31.3,-60.3,Buy,-9.203110865184447
ENSG,Health Care (S&P 400),4,2024-09-25,-34.0,-27.8,-58.7,Sell,-10.50722840373344
GEF,Materials (S&P 400),4,2024-09-25,-16.8,-14.1,-27.2,Sell,0.016008871873536355
CHH,Consumer Discretionary (S&P 400),4,2024-09-25,78.4,91.2,27.2,Buy,9.183710480959173
APAM,Financials (S&P 600),4,2024-09-25,36.2,52.4,-28.2,Buy,4.703829839828286
PR,Energy (S&P 400),4,2024-09-25,68.9,100.0,-55.4,Buy,2.4704491629032885
EW,Health Care (S&P 500),4,2024-09-25,-27.6,-46.4,47.5,Sell,15.24230703733166
ACIW,Information Technology (S&P 600),4,2024-09-25,-82.5,-78.2,-100.0,Sell,7.587468579767872
SPG,Real Estate (S&P 500),4,2024-09-25,32.8,46.5,-22.2,Buy,3.697841074784657
CEG,Utilities (S&P 500),4,2024-09-25,-50.6,-76.8,54.1,Sell,-12.443717633528504
APTV,Consumer Discretionary (S&P 500),4,2024-09-25,69.4,65.7,84.0,Buy,-15.03684405153734
JNJ,Health Care (S&P 500),4,2024-09-25,12.7,5.3,42.2,Buy,-8.455606990168496
TEX,Industrials (S&P 400),4,2024-09-25,83.0,85.0,75.0,Buy,-12.317451839869038
AMAT,Information Technology (S&P 500),4,2024-09-25,-69.2,-61.5,-100.0,Sell,-14.466603626597985
VZ,Communication Services (S&P 500),4,2024-09-25,-33.6,-31.5,-41.7,Sell,-9.267557369689069
EXP,Materials (S&P 400),4,2024-09-25,-8.6,4.9,-62.7,Sell,-11.357587828545473
ELF,Consumer Staples (S&P 400),4,2024-09-25,53.4,46.2,82.2,Buy,20.36682915418771
AJG,Financials (S&P 500),4,2024-09-25,8.0,17.2,-28.6,Buy,2.9104307091543835
CHRD,Energy (S&P 400),4,2024-09-25,77.3,91.6,19.9,Buy,-13.817446543602745
EXLS,Industrials (S&P 400),4,2024-09-25,49.6,49.4,50.2,Buy,21.94989894083336
RPM,Materials (S&P 400),4,2024-09-25,25.8,34.0,-6.9,Buy,4.320266047653341
HST,Real Estate (S&P 500),4,2024-09-25,55.9,60.1,39.3,Buy,1.1709790364947559
NYT,Communication Services (S&P 400),4,2024-09-25,-16.3,-8.8,-46.4,Sell,-2.733355755872089
HRL,Consumer Staples (S&P 500),4,2024-09-25,72.2,75.8,57.5,Buy,2.5363648872698046
GAP,Consumer Discretionary (S&P 400),4,2024-09-25,43.3,31.3,91.3,Buy,18.59661431483226
HAL,Energy (S&P 500),4,2024-09-25,89.8,90.3,87.8,Buy,-6.530568716156289
CPAY,Financials (S&P 500),4,2024-09-25,38.6,52.2,-15.4,Buy,13.628904769272909
AXTA,Materials (S&P 400),4,2024-09-25,49.8,54.6,30.9,Buy,-4.173622863984384
BLDR,Industrials (S&P 500),4,2024-09-25,-79.4,-74.2,-100.0,Sell,-22.453230949730994
MAA,Real Estate (S&P 500),4,2024-09-25,60.2,74.7,2.2,Buy,-3.2826218826709663
AROC,Energy (S&P 600),4,2024-09-25,11.5,-0.7,60.4,Buy,19.622723250622766
CHD,Consumer Staples (S&P 500),4,2024-09-25,43.5,35.4,75.7,Buy,3.692451505586309
CMCSA,Communication Services (S&P 500),4,2024-09-25,70.0,82.3,21.1,Buy,-4.686865562189467
VTRS,Health Care (S&P 500),4,2024-09-25,-8.8,8.3,-77.5,Sell,11.032199418106375
APD,Materials (S&P 500),4,2024-09-25,-32.2,-32.4,-31.4,Sell,0.7000782968018835
TYL,Information Technology (S&P 500),4,2024-09-25,-44.5,-37.7,-72.0,Sell,3.3135701790153496
COST,Consumer Staples (S&P 500),4,2024-09-25,-59.4,-57.4,-67.4,Sell,5.688328837693006
EXE,Energy (S&P 500),4,2024-09-25,-24.3,-44.8,58.1,Sell,25.32780702544762
EFX,Industrials (S&P 500),4,2024-09-25,-58.1,-58.6,-56.0,Sell,-10.425689291371981
SHW,Materials (S&P 500),4,2024-09-25,4.3,11.1,-22.8,Hold,-8.925183061473414
HSY,Consumer Staples (S&P 500),4,2024-09-25,32.5,22.6,72.0,Buy,-10.016968256537998
LNT,Utilities (S&P 500),4,2024-09-25,20.7,23.4,9.9,Buy,0.26137523292037057
APA,Energy (S&P 500),4,2024-09-25,32.5,32.8,31.2,Buy,-10.093893341962543
MCD,Consumer Discretionary (S&P 500),4,2024-09-25,56.1,56.6,53.9,Buy,-1.568041054227811
IDCC,Information Technology (S&P 400),4,2024-09-25,65.7,100.0,-71.7,Buy,40.84018263176969
NUE,Materials (S&P 500),4,2024-09-25,-17.5,-6.3,-62.4,Sell,-20.84054361100285
MTN,Consumer Discretionary (S&P 400),4,2024-09-25,86.6,97.6,42.5,Buy,6.16780955301292
LYV,Communication Services (S&P 500),4,2024-09-25,78.9,88.2,41.5,Buy,24.656391891940093
VAL,Energy (S&P 400),4,2024-09-25,5.0,13.9,-30.9,Hold,-25.227852713469375
DG,Consumer Staples (S&P 500),4,2024-09-25,53.9,46.8,82.2,Buy,-10.7927064950931
RTX,Industrials (S&P 500),4,2024-09-25,19.6,35.4,-43.7,Buy,-2.851764565702826
TKO,Communication Services (S&P 500),4,2024-09-25,63.7,90.8,-45.0,Buy,19.61028539978345
HCA,Health Care (S&P 500),4,2024-09-25,44.6,68.7,-51.8,Buy,-24.646205363190795
MMS,Industrials (S&P 400),4,2024-09-25,-31.4,-25.8,-53.9,Sell,-20.982803015153795
RS,Materials (S&P 400),4,2024-09-25,-34.9,-24.5,-76.3,Sell,-5.40413178820288
CDP,Real Estate (S&P 400),4,2024-09-25,-45.7,-32.1,-100.0,Sell,2.9817219452670014
WEC,Utilities (S&P 500),4,2024-09-25,-9.4,-19.0,28.9,Sell,1.3317756384306851
TMUS,Communication Services (S&P 500),4,2024-09-25,-39.2,-61.0,47.8,Sell,10.085179619820286
VFC,Consumer Discretionary (S&P 400),4,2024-09-25,44.7,80.9,-100.0,Buy,19.416684527162076
MTD,Health Care (S&P 500),4,2024-09-25,-26.3,-40.5,30.7,Sell,-12.254635326153236
AM,Energy (S&P 400),4,2024-09-25,39.9,50.7,-3.6,Buy,2.644001551118563
AAPL,Information Technology (S&P 500),4,2024-09-25,-48.0,-43.6,-65.6,Sell,14.186553411863478
WLK,Materials (S&P 400),4,2024-09-25,-78.2,-72.7,-100.0,Sell,-20.604541973936392
MO,Consumer Staples (S&P 500),4,2024-09-25,79.2,83.6,61.5,Buy,4.760980672143008
BKNG,Consumer Discretionary (S&P 500),4,2024-09-25,60.4,83.7,-33.0,Buy,22.887932943557967
UHS,Health Care (S&P 500),4,2024-09-25,-0.4,7.6,-32.1,Hold,-24.804999784036667
AZZ,Industrials (S&P 600),4,2024-09-25,59.7,73.3,5.4,Buy,2.4435048307948963
BHE,Information Technology (S&P 600),4,2024-09-25,-50.3,-52.6,-41.3,Sell,7.814148339633441
LIN,Materials (S&P 500),4,2024-09-25,-17.9,-22.1,-0.7,Sell,-10.47120559826491
WMB,Energy (S&P 500),4,2024-09-25,39.4,39.7,38.2,Buy,21.041750960672235
PEG,Utilities (S&P 500),4,2024-09-25,4.9,-16.7,91.1,Hold,-2.1083136174249812
RRX,Industrials (S&P 400),4,2024-09-25,21.0,51.2,-100.0,Buy,-3.6103522134583828
SWKS,Information Technology (S&P 500),4,2024-09-25,-47.6,-49.4,-40.3,Sell,-6.2868846642376495
AZO,Consumer Discretionary (S&P 500),4,2024-09-25,27.8,39.7,-20.1,Buy,5.613113391576368
CBT,Materials (S&P 400),4,2024-09-25,-15.4,-19.1,-0.6,Sell,-14.198093978664478
GIS,Consumer Staples (S&P 500),4,2024-09-25,36.6,33.3,49.7,Buy,-12.8591364876275
SPGI,Financials (S&P 500),4,2024-09-25,-12.6,3.3,-76.2,Sell,-1.7843080190909726
LAMR,Real Estate (S&P 400),4,2024-09-25,29.1,43.8,-29.6,Buy,-5.768069946171319
TEL,Information Technology (S&P 500),4,2024-09-25,-39.8,-41.6,-32.9,Sell,0.24079613848483114
MKC,Consumer Staples (S&P 500),4,2024-09-25,25.0,20.1,44.2,Buy,-5.926260563432693
NCLH,Consumer Discretionary (S&P 500),4,2024-09-25,86.4,88.2,79.1,Buy,30.856856748107646
NFLX,Communication Services (S&P 500),4,2024-09-25,-29.2,-14.8,-86.8,Sell,29.18121884856789
DOW,Materials (S&P 500),4,2024-09-25,-42.2,-27.8,-100.0,Sell,-22.920759787566464
LOW,Consumer Discretionary (S&P 500),4,2024-09-25,-25.4,-35.7,16.1,Sell,-5.1660422876384935
PSA,Real Estate (S&P 500),4,2024-09-25,30.2,62.7,-100.0,Buy,-15.557140642581052
NRG,Utilities (S&P 500),4,2024-09-25,45.0,81.2,-100.0,Buy,4.719600061037911
ESAB,Industrials (S&P 400),4,2024-09-25,-1.7,12.1,-57.0,Hold,16.400335501893625
WST,Health Care (S&P 500),4,2024-09-25,-17.4,-17.1,-18.7,Sell,9.775958114678662
BOX,Information Technology (S&P 600),4,2024-09-25,-43.8,-68.0,53.2,Sell,-1.8092613969488973
SLGN,Materials (S&P 400),4,2024-09-25,72.1,80.5,38.8,Buy,4.556252025057963
BKR,Energy (S&P 500),4,2024-09-25,86.5,84.7,93.5,Buy,13.779684692577735
PSKY,Communication Services (S&P 500),5,2024-12-24,49.3,86.7,-100.0,Buy,12.188104760918163
WSO,Industrials (S&P 400),5,2024-12-24,-68.4,-60.5,-100.0,Sell,4.885178312268345
LSCC,Information Technology (S&P 400),5,2024-12-24,-24.8,-47.5,65.9,Sell,4.12219110098592
ASTH,Health Care (S&P 600),5,2024-12-24,56.3,67.1,13.2,Buy,-4.749104463343983
AA,Materials (S&P 400),5,2024-12-24,0.7,25.8,-100.0,Hold,-13.035025736838001
PG,Consumer Staples (S&P 500),5,2024-12-24,-0.5,-4.1,13.6,Hold,-1.3495325253449602
TOL,Consumer Discretionary (S&P 400),5,2024-12-24,-1.3,19.7,-85.3,Hold,-13.646737528075938
MUR,Energy (S&P 400),5,2024-12-24,6.0,-6.1,54.2,Hold,-4.046121220886476
BFAM,Consumer Discretionary (S&P 600),5,2024-12-24,-62.0,-68.5,-35.9,Sell,15.33272576366625
VLO,Energy (S&P 500),5,2024-12-24,34.0,38.9,14.3,Buy,11.93851396771109
NEE,Utilities (S&P 500),5,2024-12-24,73.9,69.8,90.1,Buy,-3.1033511711689066
CALM,Consumer Staples (S&P 600),5,2024-12-24,-67.6,-67.6,,Sell,-8.063470997275848
BIIB,Health Care (S&P 500),5,2024-12-24,58.2,85.8,-52.0,Buy,-4.97919605167837
TXN,Information Technology (S&P 500),5,2024-12-24,-73.0,-76.4,-59.6,Sell,-2.888258927660963
PPG,Materials (S&P 500),5,2024-12-24,46.7,40.7,70.6,Buy,-6.070875740543074
PNW,Utilities (S&P 500),5,2024-12-24,57.8,69.5,10.8,Buy,9.868080798543906
AN,Consumer Discretionary (S&P 400),5,2024-12-24,62.0,91.9,-57.7,Buy,0.7880869793126839
OMC,Communication Services (S&P 500),5,2024-12-24,70.4,82.2,23.3,Buy,-7.29759546920269
KMB,Consumer Staples (S&P 500),5,2024-12-24,-64.2,-72.8,-29.8,Sell,5.197653972339308
DINO,Energy (S&P 400),5,2024-12-24,64.3,81.0,-2.8,Buy,-2.0886769045810065
SMTC,Information Technology (S&P 400),5,2024-12-24,-46.5,-45.6,-50.2,Sell,-37.44766399620104
CLF,Materials (S&P 400),5,2024-12-24,70.1,81.0,26.5,Buy,-1.7970409683766235
CELH,Consumer Staples (S&P 400),5,2024-12-24,-8.7,-34.2,93.2,Sell,27.485381176923312
EHC,Health Care (S&P 400),5,2024-12-24,-20.0,-23.7,-4.8,Sell,6.344211823972892
UNP,Industrials (S&P 500),5,2024-12-24,-18.1,-21.2,-5.8,Sell,2.9349772701669283
AVNT,Materials (S&P 400),5,2024-12-24,-49.9,-54.1,-33.3,Sell,-3.3941082575080133
TNL,Consumer Discretionary (S&P 400),5,2024-12-24,75.0,90.5,13.1,Buy,-3.5656350927318363
BNL,Real Estate (S&P 600),5,2024-12-24,80.1,88.7,45.5,Buy,8.610821375944555
PM,Consumer Staples (S&P 500),5,2024-12-24,40.1,57.6,-30.2,Buy,25.77141871635212
PBF,Energy (S&P 400),5,2024-12-24,76.0,76.0,75.9,Buy,-22.36755135345638
ALKS,Health Care (S&P 600),5,2024-12-24,86.7,83.9,97.8,Buy,17.33558638491428
ROL,Industrials (S&P 500),5,2024-12-24,31.4,36.4,11.5,Buy,12.6361095674057
BCPC,Materials (S&P 600),5,2024-12-24,-37.2,-44.0,-10.1,Sell,-1.0703567468082522
GOOG,Communication Services (S&P 500),5,2024-12-24,-31.8,-19.9,-79.4,Sell,-13.89199713996017
PNR,Industrials (S&P 500),5,2024-12-24,-37.2,-29.6,-67.5,Sell,-12.002170137535584
ACLS,Information Technology (S&P 600),5,2024-12-24,19.9,4.5,81.4,Buy,-20.180304500676222
AVY,Materials (S&P 500),5,2024-12-24,-54.4,-58.7,-37.2,Sell,-6.076038763283878
OVV,Energy (S&P 400),5,2024-12-24,46.9,57.2,6.0,Buy,11.831596636795062
FOX,Communication Services (S&P 500),5,2024-12-24,-14.2,-19.9,8.5,Sell,5.973342731962032
HWM,Industrials (S&P 500),5,2024-12-24,-22.6,-8.3,-79.8,Sell,21.568702533316085
WMG,Communication Services (S&P 400),5,2024-12-24,-57.0,-58.1,-52.9,Sell,4.589296985990915
AMT,Real Estate (S&P 500),5,2024-12-24,-14.8,-25.4,27.6,Sell,16.231077740310884
DAR,Consumer Staples (S&P 400),5,2024-12-24,74.1,72.7,79.8,Buy,-11.364984679519592
NVR,Consumer Discretionary (S&P 500),5,2024-12-24,-41.9,-27.3,-100.0,Sell,-10.870684869634925
MTDR,Energy (S&P 400),5,2024-12-24,28.2,45.4,-40.3,Buy,-1.6107234632786613
OPCH,Health Care (S&P 400),5,2024-12-24,77.7,74.5,90.6,Buy,52.17010038206343
FDX,Industrials (S&P 500),5,2024-12-24,17.7,17.5,18.2,Buy,-10.372221459062985
NXPI,Information Technology (S&P 500),5,2024-12-24,-31.7,-31.1,-33.8,Sell,-1.5047492460676504
UGI,Utilities (S&P 400),5,2024-12-24,73.3,91.6,-0.3,Buy,20.098585748791216
CAKE,Consumer Discretionary (S&P 600),5,2024-12-24,13.1,0.8,62.5,Buy,7.08672589015661
BG,Consumer Staples (S&P 500),5,2024-12-24,14.9,-3.6,88.7,Buy,-7.170353876390396
CHTR,Communication Services (S&P 500),5,2024-12-24,63.3,70.6,33.9,Buy,4.347084656709092
FANG,Energy (S&P 500),5,2024-12-24,-37.3,-35.5,-44.7,Sell,2.7738221339071405
AVTR,Health Care (S&P 400),5,2024-12-24,-55.8,-56.4,-53.3,Sell,-22.799628745671853
ALGM,Information Technology (S&P 400),5,2024-12-24,-17.8,-45.2,91.8,Sell,22.147350649076902
ALGT,Industrials (S&P 600),5,2024-12-24,94.7,100.0,73.3,Buy,-37.757359063947405
STLD,Materials (S&P 500),5,2024-12-24,8.3,27.6,-69.2,Buy,8.640065335182877
T,Communication Services (S&P 500),5,2024-12-24,51.5,41.4,91.7,Buy,18.963830530439555
DECK,Consumer Discretionary (S&P 500),5,2024-12-24,-44.6,-35.1,-82.6,Sell,-40.06057228126201
CVX,Energy (S&P 500),5,2024-12-24,32.0,42.4,-9.5,Buy,15.997189516091767
POST,Consumer Staples (S&P 400),5,2024-12-24,64.5,100.0,-77.3,Buy,-2.3901272349476765
PSN,Industrials (S&P 400),5,2024-12-24,10.6,25.0,-46.9,Buy,-35.288452438201126
ENSG,Health Care (S&P 400),5,2024-12-24,-25.7,-21.0,-44.6,Sell,-3.1607046086159545
GEF,Materials (S&P 400),5,2024-12-24,-16.8,-14.2,-27.2,Sell,-8.25319496782666
NWSA,Communication Services (S&P 500),5,2024-12-24,-36.4,-46.0,1.9,Sell,-3.002790344081688
CHH,Consumer Discretionary (S&P 400),5,2024-12-24,74.0,90.3,8.8,Buy,-6.376784786217457
CLX,Consumer Staples (S&P 500),5,2024-12-24,-49.8,-78.4,64.6,Sell,-11.26521055269908
APAM,Financials (S&P 600),5,2024-12-24,23.0,37.9,-36.6,Buy,-3.2448829541291357
PR,Energy (S&P 400),5,2024-12-24,68.5,100.0,-57.7,Buy,2.562408082469628
EW,Health Care (S&P 500),5,2024-12-24,-40.0,-54.0,16.3,Sell,-5.346244263910664
ACIW,Information Technology (S&P 600),5,2024-12-24,-84.4,-80.6,-100.0,Sell,2.9117053002438698
SPG,Real Estate (S&P 500),5,2024-12-24,29.7,44.2,-28.6,Buy,-2.9799785484447625
CEG,Utilities (S&P 500),5,2024-12-24,-48.2,-77.4,68.7,Sell,-0.32294272325849604
APTV,Consumer Discretionary (S&P 500),5,2024-12-24,74.7,71.1,89.3,Buy,6.605502975941064
JNJ,Health Care (S&P 500),5,2024-12-24,20.6,11.5,56.8,Buy,12.853659274087526
TEX,Industrials (S&P 400),5,2024-12-24,86.6,87.6,82.8,Buy,-9.37582435954723
AMAT,Information Technology (S&P 500),5,2024-12-24,-63.2,-60.3,-74.6,Sell,-7.758563435576195
VZ,Communication Services (S&P 500),5,2024-12-24,-27.6,-26.1,-33.6,Sell,11.38662358601256
EXP,Materials (S&P 400),5,2024-12-24,-3.0,8.0,-47.3,Hold,-8.824928680350954
ELF,Consumer Staples (S&P 400),5,2024-12-24,34.6,26.0,68.7,Buy,-50.822529796338955
AJG,Financials (S&P 500),5,2024-12-24,5.5,15.2,-33.6,Hold,17.328620858979775
CHRD,Energy (S&P 400),5,2024-12-24,84.6,93.4,49.8,Buy,0.907440512013722
EXLS,Industrials (S&P 400),5,2024-12-24,21.7,25.4,7.1,Buy,2.6501784348283217
RPM,Materials (S&P 400),5,2024-12-24,14.8,22.7,-16.8,Buy,-7.133507570928131
HST,Real Estate (S&P 500),5,2024-12-24,50.1,53.2,37.6,Buy,-16.148297207171627
NYT,Communication Services (S&P 400),5,2024-12-24,-23.7,-19.1,-42.0,Sell,-8.67159945678088
HRL,Consumer Staples (S&P 500),5,2024-12-24,70.7,74.8,54.2,Buy,-6.5323308050497175
GAP,Consumer Discretionary (S&P 400),5,2024-12-24,23.7,7.0,90.2,Buy,-9.248122510260776
HAL,Energy (S&P 500),5,2024-12-24,90.7,91.0,89.8,Buy,-3.943817008089655
CPAY,Financials (S&P 500),5,2024-12-24,27.8,44.4,-38.7,Buy,3.379064897337545
AXTA,Materials (S&P 400),5,2024-12-24,53.0,57.0,37.0,Buy,0.842046826629202
BLDR,Industrials (S&P 500),5,2024-12-24,-73.4,-66.7,-100.0,Sell,-11.483678776770551
MAA,Real Estate (S&P 500),5,2024-12-24,64.0,77.9,8.3,Buy,6.852608902518638
AROC,Energy (S&P 600),5,2024-12-24,-13.9,-24.5,28.8,Sell,10.869822606923291
CHD,Consumer Staples (S&P 500),5,2024-12-24,41.1,33.1,73.0,Buy,0.6895375067423781
CMCSA,Communication Services (S&P 500),5,2024-12-24,72.3,83.3,28.7,Buy,-3.886120106231176
VTRS,Health Care (S&P 500),5,2024-12-24,-15.7,1.1,-83.0,Sell,-24.05560104342123
APD,Materials (S&P 500),5,2024-12-24,-32.7,-32.8,-32.5,Sell,-0.25948041594069116
TYL,Information Technology (S&P 500),5,2024-12-24,-46.8,-39.8,-74.9,Sell,-4.150117597020088
COST,Consumer Staples (S&P 500),5,2024-12-24,-37.2,-31.1,-61.9,Sell,-3.3120709460651514
EXE,Energy (S&P 500),5,2024-12-24,-42.0,-56.8,17.2,Sell,12.585183809694398
EFX,Industrials (S&P 500),5,2024-12-24,-54.2,-57.3,-41.7,Sell,-5.937375002865987
SHW,Materials (S&P 500),5,2024-12-24,13.8,17.3,-0.3,Buy,-0.8833618543278906
HSY,Consumer Staples (S&P 500),5,2024-12-24,40.4,30.6,79.5,Buy,-0.6078877716577322
LNT,Utilities (S&P 500),5,2024-12-24,20.5,23.2,9.5,Buy,6.546024310688205
APA,Energy (S&P 500),5,2024-12-24,40.4,39.8,42.7,Buy,-3.693760407778158
MCD,Consumer Discretionary (S&P 500),5,2024-12-24,57.2,57.5,55.8,Buy,4.5732425189826555
IDCC,Information Technology (S&P 400),5,2024-12-24,60.0,100.0,-100.0,Buy,15.640794124626048
PH,Industrials (S&P 500),5,2024-12-24,-28.6,-31.6,-16.6,Sell,-1.2982363017554883
NUE,Materials (S&P 500),5,2024-12-24,-6.6,-2.3,-24.1,Hold,9.007636766536045
MTN,Consumer Discretionary (S&P 400),5,2024-12-24,77.1,86.5,39.5,Buy,-14.392862290929772
LYV,Communication Services (S&P 500),5,2024-12-24,61.3,78.5,-7.5,Buy,-4.725480299315804
VAL,Energy (S&P 400),5,2024-12-24,33.5,33.6,33.3,Buy,-2.315945276299115
DG,Consumer Staples (S&P 500),5,2024-12-24,59.7,53.5,84.7,Buy,12.288240523528511
RTX,Industrials (S&P 500),5,2024-12-24,21.8,37.3,-40.2,Buy,15.87065235298271
TKO,Communication Services (S&P 500),5,2024-12-24,52.4,81.8,-65.3,Buy,5.8426399508205495
HCA,Health Care (S&P 500),5,2024-12-24,61.5,80.2,-13.3,Buy,9.839899353558708
MMS,Industrials (S&P 400),5,2024-12-24,-19.3,-19.0,-20.3,Sell,-8.472991134084547
RS,Materials (S&P 400),5,2024-12-24,-42.5,-35.3,-71.5,Sell,6.506885227230902
CDP,Real Estate (S&P 400),5,2024-12-24,-46.8,-33.5,-100.0,Sell,-12.199471698405022
WEC,Utilities (S&P 500),5,2024-12-24,-10.4,-19.7,26.8,Sell,12.266531770789422
TMUS,Communication Services (S&P 500),5,2024-12-24,-43.9,-63.6,35.1,Sell,16.508450217828134
VFC,Consumer Discretionary (S&P 400),5,2024-12-24,39.5,74.4,-100.0,Buy,-21.936201686851522
MTD,Health Care (S&P 500),5,2024-12-24,-19.6,-37.8,53.3,Sell,-2.74733121181936
AM,Energy (S&P 400),5,2024-12-24,37.6,49.2,-8.7,Buy,19.27922399042531
AAPL,Information Technology (S&P 500),5,2024-12-24,-59.4,-54.5,-78.7,Sell,-14.418021936628762
WLK,Materials (S&P 400),5,2024-12-24,-73.5,-66.9,-100.0,Sell,-10.26694908696971
MO,Consumer Staples (S&P 500),5,2024-12-24,77.4,82.6,56.6,Buy,9.914213059353495
BKNG,Consumer Discretionary (S&P 500),5,2024-12-24,47.4,75.2,-63.9,Buy,-7.877745720819151
UHS,Health Care (S&P 500),5,2024-12-24,26.5,27.9,20.8,Buy,0.3131418614848492
AZZ,Industrials (S&P 600),5,2024-12-24,49.6,61.6,1.7,Buy,4.546230342100674
BHE,Information Technology (S&P 600),5,2024-12-24,-62.2,-64.8,-51.6,Sell,-11.495445746667611
LIN,Materials (S&P 500),5,2024-12-24,-7.5,-15.7,25.2,Sell,8.185516754240982
WMB,Energy (S&P 500),5,2024-12-24,22.7,26.8,6.3,Buy,12.891182883393004
PEG,Utilities (S&P 500),5,2024-12-24,5.9,-15.5,91.3,Hold,-2.087532319516985
MZTI,Consumer Staples (S&P 400),5,2024-12-24,-13.6,-35.5,74.3,Sell,-0.7275753930441357
RRX,Industrials (S&P 400),5,2024-12-24,11.5,39.3,-100.0,Buy,-21.359716244969622
SWKS,Information Technology (S&P 500),5,2024-12-24,-45.1,-49.1,-29.0,Sell,-22.804186593533593
AZO,Consumer Discretionary (S&P 500),5,2024-12-24,32.1,39.0,4.2,Buy,11.400711748429304
CBT,Materials (S&P 400),5,2024-12-24,-10.6,-21.1,31.0,Sell,-8.703143006256685
GIS,Consumer Staples (S&P 500),5,2024-12-24,46.5,42.2,63.7,Buy,-7.831607186295522
SPGI,Financials (S&P 500),5,2024-12-24,-13.4,1.9,-74.7,Sell,0.01953815154695292
LAMR,Real Estate (S&P 400),5,2024-12-24,34.4,47.6,-18.2,Buy,-7.272012185303166
TEL,Information Technology (S&P 500),5,2024-12-24,-43.8,-46.4,-33.3,Sell,2.8207848456504414
MKC,Consumer Staples (S&P 500),5,2024-12-24,30.3,24.7,52.9,Buy,3.56525629954449
NCLH,Consumer Discretionary (S&P 500),5,2024-12-24,75.1,76.4,69.9,Buy,-21.688113269074986
NFLX,Communication Services (S&P 500),5,2024-12-24,-55.6,-44.5,-100.0,Sell,4.277345833016506
DOW,Materials (S&P 500),5,2024-12-24,-28.0,-10.0,-100.0,Sell,-7.7992373609996255
FOXA,Communication Services (S&P 500),5,2024-12-24,-17.2,-23.7,9.1,Sell,7.316759703042443
LOW,Consumer Discretionary (S&P 500),5,2024-12-24,-21.2,-33.3,27.0,Sell,-6.519225641508003
PSA,Real Estate (S&P 500),5,2024-12-24,39.6,70.7,-85.0,Buy,-0.9724403023415102
NRG,Utilities (S&P 500),5,2024-12-24,40.3,75.4,-100.0,Buy,11.043422051170177
ESAB,Industrials (S&P 400),5,2024-12-24,-24.3,-12.1,-73.1,Sell,0.5082569319670971
WST,Health Care (S&P 500),5,2024-12-24,-28.4,-25.7,-39.5,Sell,-30.267916179824393
BOX,Information Technology (S&P 600),5,2024-12-24,-42.9,-67.6,55.9,Sell,-3.7788912383600803
SLGN,Materials (S&P 400),5,2024-12-24,69.9,79.1,33.1,Buy,-5.055373099561436
BKR,Energy (S&P 500),5,2024-12-24,73.3,68.4,92.7,Buy,9.87355514665805
PSKY,Communication Services (S&P 500),6,2025-03-24,47.2,84.0,-100.0,Buy,6.547714984681753
WSO,Industrials (S&P 400),6,2025-03-24,-65.2,-56.5,-100.0,Sell,-17.21053102663763
LSCC,Information Technology (S&P 400),6,2025-03-24,-24.4,-45.8,61.4,Sell,-20.473190921983424
ASTH,Health Care (S&P 600),6,2025-03-24,72.1,83.6,25.9,Buy,-24.74129677220862
AA,Materials (S&P 400),6,2025-03-24,15.1,43.9,-100.0,Buy,-16.477285081857165
PG,Consumer Staples (S&P 500),6,2025-03-24,0.9,-3.1,17.0,Hold,-3.367580577635488
TOL,Consumer Discretionary (S&P 400),6,2025-03-24,44.1,62.5,-29.6,Buy,-1.467284660524937
MUR,Energy (S&P 400),6,2025-03-24,15.5,4.7,58.5,Buy,-7.582790654516897
BFAM,Consumer Discretionary (S&P 600),6,2025-03-24,-63.4,-65.8,-53.7,Sell,-3.3117253581917008
VLO,Energy (S&P 500),6,2025-03-24,23.2,31.6,-10.3,Buy,7.841624988616068
NEE,Utilities (S&P 500),6,2025-03-24,74.9,71.0,90.3,Buy,2.909640251487592
CALM,Consumer Staples (S&P 600),6,2025-03-24,-65.6,-65.6,,Sell,13.603610363716273
BIIB,Health Care (S&P 500),6,2025-03-24,62.1,89.1,-46.0,Buy,-10.28248909632412
TXN,Information Technology (S&P 500),6,2025-03-24,-71.0,-74.9,-55.5,Sell,7.752108756676172
PPG,Materials (S&P 500),6,2025-03-24,50.6,44.5,75.0,Buy,-3.2134663607372373
PNW,Utilities (S&P 500),6,2025-03-24,52.0,64.9,0.2,Buy,-3.9440428300937365
AN,Consumer Discretionary (S&P 400),6,2025-03-24,61.8,91.8,-58.2,Buy,12.196789166321143
OMC,Communication Services (S&P 500),6,2025-03-24,74.7,83.8,38.1,Buy,-10.645390522455246
KMB,Consumer Staples (S&P 500),6,2025-03-24,-66.3,-73.4,-37.6,Sell,-6.039804229436647
DINO,Energy (S&P 400),6,2025-03-24,65.5,81.4,1.6,Buy,28.002447480438487
SMTC,Information Technology (S&P 400),6,2025-03-24,-16.4,-27.2,26.9,Sell,3.817553073133912
CLF,Materials (S&P 400),6,2025-03-24,70.2,80.4,29.4,Buy,-24.86544620306734
CELH,Consumer Staples (S&P 400),6,2025-03-24,-9.4,-34.6,91.1,Sell,24.34058946038987
EHC,Health Care (S&P 400),6,2025-03-24,-25.5,-27.5,-17.6,Sell,19.428171175910837
UNP,Industrials (S&P 500),6,2025-03-24,-20.9,-23.0,-12.3,Sell,-4.822225839027959
AVNT,Materials (S&P 400),6,2025-03-24,-41.3,-44.5,-28.6,Sell,-15.118788693512474
TNL,Consumer Discretionary (S&P 400),6,2025-03-24,76.0,90.8,16.9,Buy,1.4996134122985039
BNL,Real Estate (S&P 600),6,2025-03-24,76.5,86.6,36.1,Buy,-3.6440540180470395
PM,Consumer Staples (S&P 500),6,2025-03-24,23.4,44.2,-60.0,Buy,20.943580676594596
PBF,Energy (S&P 400),6,2025-03-24,84.2,83.2,87.9,Buy,22.521182089789537
ALKS,Health Care (S&P 600),6,2025-03-24,84.0,80.6,97.4,Buy,-16.38402015791684
ROL,Industrials (S&P 500),6,2025-03-24,19.3,28.6,-18.2,Buy,8.266018099453255
BCPC,Materials (S&P 600),6,2025-03-24,-30.5,-36.3,-7.1,Sell,-5.17263115950786
GOOG,Communication Services (S&P 500),6,2025-03-24,-18.8,-7.5,-64.0,Sell,-1.1760153601122454
PNR,Industrials (S&P 500),6,2025-03-24,-22.1,-14.6,-51.8,Sell,8.594548319342255
ACLS,Information Technology (S&P 600),6,2025-03-24,46.5,35.5,90.4,Buy,14.717632525269304
AVY,Materials (S&P 500),6,2025-03-24,-50.7,-56.6,-26.9,Sell,-0.34289932516457317
OVV,Energy (S&P 400),6,2025-03-24,36.2,48.3,-12.2,Buy,-2.791271534549542
FOX,Communication Services (S&P 500),6,2025-03-24,-19.6,-23.6,-3.7,Sell,2.072015755735603
HWM,Industrials (S&P 500),6,2025-03-24,-41.7,-27.1,-100.0,Sell,27.443149067179878
WMG,Communication Services (S&P 400),6,2025-03-24,-18.2,-19.6,-12.9,Sell,-17.559646626701465
AMT,Real Estate (S&P 500),6,2025-03-24,-26.3,-33.5,2.4,Sell,3.8510741124010255
DAR,Consumer Staples (S&P 400),6,2025-03-24,82.2,82.0,82.9,Buy,29.2935984158343
NVR,Consumer Discretionary (S&P 500),6,2025-03-24,-31.4,-20.2,-76.1,Sell,-2.7654625347057484
MTDR,Energy (S&P 400),6,2025-03-24,28.4,45.0,-38.1,Buy,-2.3039528184036446
OPCH,Health Care (S&P 400),6,2025-03-24,58.8,54.8,74.7,Buy,-9.161620517730594
FDX,Industrials (S&P 500),6,2025-03-24,27.3,25.6,34.4,Buy,-6.718383651956726
NXPI,Information Technology (S&P 500),6,2025-03-24,-22.9,-20.8,-31.4,Sell,-1.0041645826016936
UGI,Utilities (S&P 400),6,2025-03-24,0.6,15.3,-58.0,Hold,10.742867072073283
CAKE,Consumer Discretionary (S&P 600),6,2025-03-24,8.4,-3.9,57.5,Buy,17.75917539921593
BG,Consumer Staples (S&P 500),6,2025-03-24,19.3,1.5,90.2,Buy,18.42588569891974
CHTR,Communication Services (S&P 500),6,2025-03-24,61.1,68.7,30.9,Buy,5.134692548894558
FANG,Energy (S&P 500),6,2025-03-24,-39.0,-36.7,-48.2,Sell,-6.909513585000228
AVTR,Health Care (S&P 400),6,2025-03-24,-29.7,-32.2,-19.6,Sell,-17.707702345807515
ALGM,Information Technology (S&P 400),6,2025-03-24,-18.3,-45.3,90.0,Sell,13.865386084464468
ALGT,Industrials (S&P 600),6,2025-03-24,96.8,100.0,84.2,Buy,-10.688241811239713
STLD,Materials (S&P 500),6,2025-03-24,2.9,22.7,-76.3,Hold,-0.1974943055890471
T,Communication Services (S&P 500),6,2025-03-24,42.5,30.3,90.9,Buy,4.097747593139856
DECK,Consumer Discretionary (S&P 500),6,2025-03-24,1.2,-0.6,8.4,Hold,-18.439202604665986
CVX,Energy (S&P 500),6,2025-03-24,18.8,33.8,-41.2,Buy,-8.270776608334163
POST,Consumer Staples (S&P 400),6,2025-03-24,72.5,93.4,-11.3,Buy,0.9059127774534518
PSN,Industrials (S&P 400),6,2025-03-24,60.7,65.0,43.9,Buy,10.833614209299558
ENSG,Health Care (S&P 400),6,2025-03-24,-23.3,-19.1,-40.4,Sell,17.80303852242707
GEF,Materials (S&P 400),6,2025-03-24,17.3,30.1,-33.7,Buy,13.854513791542766
NWSA,Communication Services (S&P 500),6,2025-03-24,-28.6,-37.8,8.5,Sell,3.846161724603217
CHH,Consumer Discretionary (S&P 400),6,2025-03-24,77.3,91.0,22.6,Buy,-6.315394065165695
CLX,Consumer Staples (S&P 500),6,2025-03-24,-47.1,-77.5,74.5,Sell,-15.352399042210408
APAM,Financials (S&P 600),6,2025-03-24,31.3,46.9,-31.0,Buy,4.494119008652584
PR,Energy (S&P 400),6,2025-03-24,68.0,100.0,-60.2,Buy,5.155420354687076
EW,Health Care (S&P 500),6,2025-03-24,-31.6,-47.1,30.6,Sell,3.4758281849621904
ACIW,Information Technology (S&P 600),6,2025-03-24,-83.6,-79.6,-100.0,Sell,-18.07826584129598
SPG,Real Estate (S&P 500),6,2025-03-24,32.3,46.2,-23.2,Buy,-4.084904095959317
CEG,Utilities (S&P 500),6,2025-03-24,-49.1,-78.6,69.0,Sell,33.556364427190985
APTV,Consumer Discretionary (S&P 500),6,2025-03-24,73.9,70.5,87.3,Buy,4.913164155597867
JNJ,Health Care (S&P 500),6,2025-03-24,9.7,3.1,36.1,Buy,-7.481071904290058
TEX,Industrials (S&P 400),6,2025-03-24,90.1,91.0,86.7,Buy,11.74085149511752
AMAT,Information Technology (S&P 500),6,2025-03-24,-37.3,-38.8,-31.2,Sell,9.675297521861955
VZ,Communication Services (S&P 500),6,2025-03-24,-34.1,-32.0,-42.5,Sell,-2.732366802575999
EXP,Materials (S&P 400),6,2025-03-24,17.9,30.9,-33.8,Buy,-13.550410404698358
ELF,Consumer Staples (S&P 400),6,2025-03-24,79.2,75.8,92.8,Buy,84.75411345721876
AJG,Financials (S&P 500),6,2025-03-24,-7.9,4.3,-56.4,Sell,-4.997322972549978
CHRD,Energy (S&P 400),6,2025-03-24,84.2,93.2,48.2,Buy,-6.428672781392441
EXLS,Industrials (S&P 400),6,2025-03-24,25.2,31.2,1.1,Buy,-5.658350030157283
RPM,Materials (S&P 400),6,2025-03-24,29.6,36.7,0.8,Buy,-7.979892547669418
HST,Real Estate (S&P 500),6,2025-03-24,67.6,69.6,59.8,Buy,5.810533577052797
NYT,Communication Services (S&P 400),6,2025-03-24,-9.7,-6.3,-23.4,Sell,12.481437553247517
HRL,Consumer Staples (S&P 500),6,2025-03-24,46.3,42.4,61.8,Buy,4.9342650703316995
GAP,Consumer Discretionary (S&P 400),6,2025-03-24,33.0,18.5,90.9,Buy,-0.5930171928028686
HAL,Energy (S&P 500),6,2025-03-24,91.2,91.4,90.3,Buy,-12.238482753187897
CPAY,Financials (S&P 500),6,2025-03-24,25.3,42.4,-43.1,Buy,-11.632913319850296
AXTA,Materials (S&P 400),6,2025-03-24,52.4,56.5,35.8,Buy,-16.325943423634275
BLDR,Industrials (S&P 500),6,2025-03-24,-65.0,-56.2,-100.0,Sell,-12.836860685618085
MAA,Real Estate (S&P 500),6,2025-03-24,59.1,75.1,-4.8,Buy,-8.378037201158842
AROC,Energy (S&P 600),6,2025-03-24,-26.5,-33.8,2.7,Sell,-7.946636552821822
CHD,Consumer Staples (S&P 500),6,2025-03-24,40.6,32.7,72.4,Buy,-9.507654754824122
CMCSA,Communication Services (S&P 500),6,2025-03-24,74.0,84.1,33.6,Buy,-4.800175582659443
VTRS,Health Care (S&P 500),6,2025-03-24,1.7,20.0,-71.4,Hold,-3.2578938000929343
APD,Materials (S&P 500),6,2025-03-24,-37.3,-63.0,65.5,Sell,-7.257878121622384
CCL,Consumer Discretionary (S&P 500),6,2025-03-24,88.6,93.7,68.0,Buy,10.867537494722251
TYL,Information Technology (S&P 500),6,2025-03-24,-43.3,-36.4,-71.2,Sell,-0.804330681134007
COST,Consumer Staples (S&P 500),6,2025-03-24,-33.1,-27.0,-57.2,Sell,5.996214111114117
EXE,Energy (S&P 500),6,2025-03-24,-48.5,-57.9,-11.2,Sell,12.44043948345004
EFX,Industrials (S&P 500),6,2025-03-24,-38.6,-40.1,-32.7,Sell,4.412411973220688
SHW,Materials (S&P 500),6,2025-03-24,14.7,18.0,1.6,Buy,-2.474256495633163
HSY,Consumer Staples (S&P 500),6,2025-03-24,40.8,31.0,79.9,Buy,2.9087942162951155
LNT,Utilities (S&P 500),6,2025-03-24,15.0,18.6,0.6,Buy,-3.076648412133608
APA,Energy (S&P 500),6,2025-03-24,43.0,42.1,46.5,Buy,-2.6037604908029097
MCD,Consumer Discretionary (S&P 500),6,2025-03-24,54.0,55.0,50.3,Buy,-5.42403040037203
IDCC,Information Technology (S&P 400),6,2025-03-24,60.0,100.0,-100.0,Buy,2.945078292349679
PH,Industrials (S&P 500),6,2025-03-24,-26.3,-29.5,-13.6,Sell,1.8653974789537346
NUE,Materials (S&P 500),6,2025-03-24,-16.5,-10.3,-41.1,Sell,-1.9912576840539604
MTN,Consumer Discretionary (S&P 400),6,2025-03-24,83.7,90.2,57.8,Buy,-2.04977144334876
LYV,Communication Services (S&P 500),6,2025-03-24,65.0,80.1,4.5,Buy,17.202014683972056
VAL,Energy (S&P 400),6,2025-03-24,43.9,45.6,37.1,Buy,13.301726657470267
DG,Consumer Staples (S&P 500),6,2025-03-24,53.8,46.7,82.2,Buy,34.95621577981819
RTX,Industrials (S&P 500),6,2025-03-24,10.3,27.4,-58.1,Buy,9.427219340657096
TKO,Communication Services (S&P 500),6,2025-03-24,49.8,80.0,-70.9,Buy,14.686107400220378
HCA,Health Care (S&P 500),6,2025-03-24,55.2,76.4,-29.9,Buy,13.297904516846746
MMS,Industrials (S&P 400),6,2025-03-24,65.9,61.5,83.3,Buy,1.1716841330780188
RS,Materials (S&P 400),6,2025-03-24,-40.1,-30.9,-77.0,Sell,7.450719323137271
CDP,Real Estate (S&P 400),6,2025-03-24,-41.3,-26.6,-100.0,Sell,6.035823391410331
WEC,Utilities (S&P 500),6,2025-03-24,-19.8,-26.9,8.3,Sell,-0.6463814065233918
TMUS,Communication Services (S&P 500),6,2025-03-24,-52.2,-67.3,8.1,Sell,-14.142092895355232
VFC,Consumer Discretionary (S&P 400),6,2025-03-24,45.8,82.3,-100.0,Buy,-30.638196427124733
MTD,Health Care (S&P 500),6,2025-03-24,-6.4,-22.3,57.2,Hold,-4.795967367347769
AM,Energy (S&P 400),6,2025-03-24,22.9,38.0,-37.4,Buy,3.6169895698467536
AAPL,Information Technology (S&P 500),6,2025-03-24,-30.7,-30.9,-30.1,Sell,-8.819106803495977
WLK,Materials (S&P 400),6,2025-03-24,-65.2,-56.5,-100.0,Sell,-29.365635135510317
DIS,Communication Services (S&P 500),6,2025-03-24,41.7,38.1,55.7,Buy,17.418643371730365
MO,Consumer Staples (S&P 500),6,2025-03-24,73.4,80.7,44.1,Buy,7.34001583884944
BKNG,Consumer Discretionary (S&P 500),6,2025-03-24,53.7,80.2,-52.6,Buy,12.813219365143574
UHS,Health Care (S&P 500),6,2025-03-24,26.2,27.7,20.2,Buy,-5.341675195989762
AZZ,Industrials (S&P 600),6,2025-03-24,50.4,64.7,-6.7,Buy,1.5787058250810102
BHE,Information Technology (S&P 600),6,2025-03-24,-52.1,-56.6,-33.9,Sell,-9.723594885520274
LIN,Materials (S&P 500),6,2025-03-24,-14.8,-20.1,6.4,Sell,-0.3868891382050888
WMB,Energy (S&P 500),6,2025-03-24,10.8,17.8,-17.0,Buy,-0.15118590369436996
PEG,Utilities (S&P 500),6,2025-03-24,1.2,-21.3,91.5,Hold,-0.6959868490924119
MZTI,Consumer Staples (S&P 400),6,2025-03-24,-5.0,-25.0,74.9,Hold,-3.3682561990605153
RRX,Industrials (S&P 400),6,2025-03-24,33.0,66.3,-100.0,Buy,12.616909746661168
SWKS,Information Technology (S&P 500),6,2025-03-24,-57.8,-64.7,-30.1,Sell,5.570935995442342
AZO,Consumer Discretionary (S&P 500),6,2025-03-24,21.7,32.0,-19.5,Buy,-0.06807306504531875
CBT,Materials (S&P 400),6,2025-03-24,33.6,29.2,51.4,Buy,-12.417074794357903
GIS,Consumer Staples (S&P 500),6,2025-03-24,51.8,47.3,69.8,Buy,-7.953707151989428
SPGI,Financials (S&P 500),6,2025-03-24,-8.4,8.2,-74.7,Sell,0.23782761085556822
LAMR,Real Estate (S&P 400),6,2025-03-24,40.9,52.0,-3.7,Buy,7.807300963800194
TEL,Information Technology (S&P 500),6,2025-03-24,18.3,28.6,-23.2,Buy,10.024477306964005
MKC,Consumer Staples (S&P 500),6,2025-03-24,10.2,2.2,42.5,Buy,-8.523109947933806
NCLH,Consumer Discretionary (S&P 500),6,2025-03-24,85.0,86.6,78.4,Buy,-8.844851988735858
NFLX,Communication Services (S&P 500),6,2025-03-24,-57.9,-47.4,-100.0,Sell,26.68957706423365
DOW,Materials (S&P 500),6,2025-03-24,-23.8,-4.7,-100.0,Sell,-21.598859683418446
FOXA,Communication Services (S&P 500),6,2025-03-24,-23.6,-28.0,-6.1,Sell,3.483791675116106
LOW,Consumer Discretionary (S&P 500),6,2025-03-24,-16.4,-30.0,38.0,Sell,-8.165780637278917
PSA,Real Estate (S&P 500),6,2025-03-24,40.1,71.1,-83.6,Buy,-0.6515137726730624
NRG,Utilities (S&P 500),6,2025-03-24,27.0,58.8,-100.0,Buy,48.29136366395429
ESAB,Industrials (S&P 400),6,2025-03-24,-22.0,-9.2,-73.5,Sell,-5.840993413936146
WST,Health Care (S&P 500),6,2025-03-24,17.6,10.3,46.9,Buy,-6.842364330715565
BOX,Information Technology (S&P 600),6,2025-03-24,-41.2,-66.7,61.2,Sell,11.359954456401606
SLGN,Materials (S&P 400),6,2025-03-24,72.4,80.6,39.7,Buy,8.100268245044694
BKR,Energy (S&P 500),6,2025-03-24,66.9,60.6,92.0,Buy,-12.005340159213516
PSKY,Communication Services (S&P 500),7,2025-06-22,80.4,87.3,52.6,Buy,53.60712365827742
WSO,Industrials (S&P 400),7,2025-06-22,-46.0,-48.1,-37.9,Sell,-6.993521801418604
LSCC,Information Technology (S&P 400),7,2025-06-22,-77.1,-79.1,-69.3,Sell,43.07814757930893
ASTH,Health Care (S&P 600),7,2025-06-22,91.7,94.9,78.9,Buy,15.708335240681967
AA,Materials (S&P 400),7,2025-06-22,34.7,19.8,94.3,Buy,16.909731127077226
PG,Consumer Staples (S&P 500),7,2025-06-22,4.5,-0.7,25.5,Hold,-1.2401906101259816
TOL,Consumer Discretionary (S&P 400),7,2025-06-22,53.3,73.2,-26.1,Buy,29.23585797938861
MUR,Energy (S&P 400),7,2025-06-22,3.6,-9.6,56.4,Hold,8.420868064794773
BFAM,Consumer Discretionary (S&P 600),7,2025-06-22,-22.4,-32.9,19.6,Sell,-10.880409538757487
VLO,Energy (S&P 500),7,2025-06-22,-18.3,2.2,-100.0,Sell,16.19368397425706
NEE,Utilities (S&P 500),7,2025-06-22,4.1,-7.1,49.2,Hold,0.13933413300355782
CALM,Consumer Staples (S&P 600),7,2025-06-22,-68.5,-68.5,,Sell,0.1280540316457408
BIIB,Health Care (S&P 500),7,2025-06-22,90.4,90.5,90.4,Buy,12.169394657634227
TXN,Information Technology (S&P 500),7,2025-06-22,-78.0,-80.1,-69.5,Sell,-8.846388278066577
PPG,Materials (S&P 500),7,2025-06-22,56.7,50.8,80.5,Buy,1.3630861235881675
PNW,Utilities (S&P 500),7,2025-06-22,2.6,-3.9,28.4,Hold,-1.3401385963873849
AN,Consumer Discretionary (S&P 400),7,2025-06-22,53.5,83.0,-64.7,Buy,10.80476411401105
OMC,Communication Services (S&P 500),7,2025-06-22,79.2,83.1,63.4,Buy,7.692606490268685
KMB,Consumer Staples (S&P 500),7,2025-06-22,2.8,-11.0,57.9,Hold,-1.903803649036959
DINO,Energy (S&P 400),7,2025-06-22,17.5,46.9,-100.0,Buy,26.857234306209314
SMTC,Information Technology (S&P 400),7,2025-06-22,-53.7,-62.8,-17.4,Sell,45.34383328425296
WY,Real Estate (S&P 500),7,2025-06-22,-67.9,-68.9,-63.9,Sell,-7.1939620593845826
CLF,Materials (S&P 400),7,2025-06-22,18.6,48.2,-100.0,Buy,66.33237285031323
CELH,Consumer Staples (S&P 400),7,2025-06-22,-33.1,-61.7,81.3,Sell,26.193223172989093
META,Communication Services (S&P 500),7,2025-06-22,-38.2,-30.4,-69.2,Sell,14.073436841941367
EHC,Health Care (S&P 400),7,2025-06-22,18.3,28.5,-22.7,Buy,4.239142372048156
UNP,Industrials (S&P 500),7,2025-06-22,10.4,3.2,39.5,Buy,-0.23471080552548354
AVNT,Materials (S&P 400),7,2025-06-22,9.2,-7.8,77.1,Buy,5.843996166511442
TNL,Consumer Discretionary (S&P 400),7,2025-06-22,75.6,87.9,26.5,Buy,25.839192695949453
BNL,Real Estate (S&P 600),7,2025-06-22,71.7,81.0,34.7,Buy,14.579185560577004
PM,Consumer Staples (S&P 500),7,2025-06-22,9.9,26.5,-56.5,Buy,-10.427841438821183
PBF,Energy (S&P 400),7,2025-06-22,78.5,94.8,13.3,Buy,28.06943204673611
ALKS,Health Care (S&P 600),7,2025-06-22,85.1,82.3,96.1,Buy,-4.468887006674343
ROL,Industrials (S&P 500),7,2025-06-22,14.5,21.3,-12.4,Buy,-1.4401049747856567
BCPC,Materials (S&P 600),7,2025-06-22,-7.3,-17.9,35.5,Hold,0.326912098729422
GOOG,Communication Services (S&P 500),7,2025-06-22,41.4,41.3,41.8,Buy,52.309155216373725
ANDE,Consumer Staples (S&P 600),7,2025-06-22,11.6,-2.1,66.5,Buy,5.532783093897383
PNR,Industrials (S&P 500),7,2025-06-22,-22.0,-20.0,-30.1,Sell,13.662019748242733
ACLS,Information Technology (S&P 600),7,2025-06-22,-11.6,-35.3,83.0,Sell,44.880348969124526
AVY,Materials (S&P 500),7,2025-06-22,8.3,-6.1,65.8,Buy,-5.8025337413759965
OVV,Energy (S&P 400),7,2025-06-22,-5.0,-4.4,-7.3,Hold,0.11508084179288144
FOX,Communication Services (S&P 500),7,2025-06-22,-32.1,-37.9,-8.8,Sell,8.05282065994677
ANIP,Health Care (S&P 600),7,2025-06-22,16.8,24.0,-12.2,Buy,47.63576040255648
HWM,Industrials (S&P 500),7,2025-06-22,-36.6,-20.7,-100.0,Sell,9.816429038753576
IP,Materials (S&P 500),7,2025-06-22,-46.4,-45.6,-49.9,Sell,2.300919663912871
WMG,Communication Services (S&P 400),7,2025-06-22,-1.1,-8.2,27.4,Hold,27.455998108109213
AMT,Real Estate (S&P 500),7,2025-06-22,14.2,4.6,52.6,Buy,-11.113670542322422
DAR,Consumer Staples (S&P 400),7,2025-06-22,26.1,31.9,2.7,Buy,-17.32262768445005
NVR,Consumer Discretionary (S&P 500),7,2025-06-22,34.4,44.4,-5.7,Buy,13.087009133555455
MTDR,Energy (S&P 400),7,2025-06-22,56.0,63.7,25.0,Buy,-10.979760016071758
OPCH,Health Care (S&P 400),7,2025-06-22,55.8,56.4,53.3,Buy,-10.212499684679527
FDX,Industrials (S&P 500),7,2025-06-22,33.1,30.8,42.3,Buy,3.849285996776218
NXPI,Information Technology (S&P 500),7,2025-06-22,-39.1,-48.5,-1.7,Sell,8.197196763180598
UGI,Utilities (S&P 400),7,2025-06-22,-6.2,8.4,-64.9,Hold,-8.42839709818508
CAKE,Consumer Discretionary (S&P 600),7,2025-06-22,25.6,15.8,64.8,Buy,-8.617567645521513
BG,Consumer Staples (S&P 500),7,2025-06-22,-38.0,-47.9,1.8,Sell,-6.460684675182801
CHTR,Communication Services (S&P 500),7,2025-06-22,61.3,66.1,42.3,Buy,-32.047003879445576
FANG,Energy (S&P 500),7,2025-06-22,-74.7,-77.3,-64.3,Sell,-5.492135852226282
AVTR,Health Care (S&P 400),7,2025-06-22,59.6,51.8,90.7,Buy,-7.885038459008449
ALGM,Information Technology (S&P 400),7,2025-06-22,-25.8,-53.5,84.8,Sell,1.582692806707953
ALGT,Industrials (S&P 600),7,2025-06-22,60.0,100.0,-100.0,Buy,21.465548620601858
STLD,Materials (S&P 500),7,2025-06-22,-20.7,-3.6,-89.2,Sell,11.042692547556356
NWE,Utilities (S&P 400),7,2025-06-22,-0.8,-12.3,45.4,Hold,11.573893076634963
T,Communication Services (S&P 500),7,2025-06-22,29.0,19.0,68.9,Buy,5.509066386736469
DECK,Consumer Discretionary (S&P 500),7,2025-06-22,26.9,19.9,55.0,Buy,11.89890666104872
CVX,Energy (S&P 500),7,2025-06-22,30.7,39.8,-5.7,Buy,5.616160359700543
POST,Consumer Staples (S&P 400),7,2025-06-22,72.1,93.3,-12.4,Buy,-7.777777777777778
PSN,Industrials (S&P 400),7,2025-06-22,79.6,85.4,56.4,Buy,22.220562475699165
ENSG,Health Care (S&P 400),7,2025-06-22,12.5,11.6,16.1,Buy,7.045404467752871
GEF,Materials (S&P 400),7,2025-06-22,7.0,20.1,-45.4,Hold,-4.094622103935222
NWSA,Communication Services (S&P 500),7,2025-06-22,-32.4,-40.6,0.3,Sell,8.375430980830407
CHH,Consumer Discretionary (S&P 400),7,2025-06-22,49.1,52.2,36.6,Buy,-9.550594139134173
CLX,Consumer Staples (S&P 500),7,2025-06-22,-44.1,-76.0,83.4,Sell,1.764365677610663
APAM,Financials (S&P 600),7,2025-06-22,66.2,75.9,27.5,Buy,8.731859273918129
PR,Energy (S&P 400),7,2025-06-22,77.1,85.8,42.4,Buy,-9.016740085970463
ACIW,Information Technology (S&P 600),7,2025-06-22,-13.8,-20.0,10.9,Sell,14.128726655083698
SPG,Real Estate (S&P 500),7,2025-06-22,56.2,67.8,10.0,Buy,16.280174209756833
CEG,Utilities (S&P 500),7,2025-06-22,-36.6,-58.4,50.3,Sell,8.651093145884115
APTV,Consumer Discretionary (S&P 500),7,2025-06-22,87.4,86.4,91.5,Buy,27.188657565707803
OXY,Energy (S&P 500),7,2025-06-22,-33.2,-35.6,-23.4,Sell,1.5700409069389212
JNJ,Health Care (S&P 500),7,2025-06-22,37.6,34.1,51.4,Buy,18.48803845824937
TEX,Industrials (S&P 400),7,2025-06-22,16.8,32.5,-45.7,Buy,14.59561979241221
AMAT,Information Technology (S&P 500),7,2025-06-22,-38.9,-37.0,-46.8,Sell,12.501372232052454
TLN,Utilities (S&P 400),7,2025-06-22,67.7,67.7,,Buy,46.733178197555695
VZ,Communication Services (S&P 500),7,2025-06-22,60.1,66.0,36.7,Buy,5.954503555346964
EXP,Materials (S&P 400),7,2025-06-22,42.9,54.1,-1.7,Buy,17.650890687049273
ELF,Consumer Staples (S&P 400),7,2025-06-22,47.7,40.5,76.7,Buy,16.77931455634386
CHRD,Energy (S&P 400),7,2025-06-22,76.5,91.6,15.8,Buy,-2.326760581269604
EXLS,Industrials (S&P 400),7,2025-06-22,9.1,8.0,13.7,Buy,-1.094639815140721
RPM,Materials (S&P 400),7,2025-06-22,32.6,36.0,18.6,Buy,15.15299912005989
HST,Real Estate (S&P 500),7,2025-06-22,72.1,80.1,40.0,Buy,12.596744241745771
NYT,Communication Services (S&P 400),7,2025-06-22,14.1,12.3,21.2,Buy,7.537122537380483
HRL,Consumer Staples (S&P 500),7,2025-06-22,42.8,39.5,56.1,Buy,-17.59888381863586
GAP,Consumer Discretionary (S&P 400),7,2025-06-22,43.7,31.7,91.8,Buy,5.075936596521827
HAL,Energy (S&P 500),7,2025-06-22,80.7,78.5,89.3,Buy,1.794988317008591
CPAY,Financials (S&P 500),7,2025-06-22,41.0,49.9,5.4,Buy,-4.5461746368445795
AXTA,Materials (S&P 400),7,2025-06-22,71.8,71.4,73.3,Buy,4.163802526009613
BLDR,Industrials (S&P 500),7,2025-06-22,-11.5,-4.5,-39.8,Sell,8.125763678673184
MAA,Real Estate (S&P 500),7,2025-06-22,49.3,60.0,6.1,Buy,-4.2238122888232414
CHD,Consumer Staples (S&P 500),7,2025-06-22,-39.6,-58.0,34.4,Sell,-6.005648531057113
CMCSA,Communication Services (S&P 500),7,2025-06-22,73.8,79.6,50.5,Buy,-7.67571657708758
VTRS,Health Care (S&P 500),7,2025-06-22,65.8,90.2,-31.5,Buy,12.87929445958375
APD,Materials (S&P 500),7,2025-06-22,-34.4,-60.9,71.7,Sell,7.949394716108782
CCL,Consumer Discretionary (S&P 500),7,2025-06-22,85.5,91.3,62.4,Buy,28.397140273299442
TYL,Information Technology (S&P 500),7,2025-06-22,-56.6,-65.3,-21.6,Sell,-6.221810729212462
COST,Consumer Staples (S&P 500),7,2025-06-22,-37.3,-30.3,-65.1,Sell,-2.837151942374849
EXE,Energy (S&P 500),7,2025-06-22,-70.1,-62.6,-100.0,Sell,-18.050761678304703
EFX,Industrials (S&P 500),7,2025-06-22,-31.6,-44.5,20.3,Sell,0.940134616327862
SHW,Materials (S&P 500),7,2025-06-22,12.3,6.4,36.0,Buy,4.21322112740885
HSY,Consumer Staples (S&P 500),7,2025-06-22,53.4,47.5,77.2,Buy,11.773958996287718
LNT,Utilities (S&P 500),7,2025-06-22,27.6,34.7,-0.7,Buy,6.8292880648821495
APA,Energy (S&P 500),7,2025-06-22,-8.5,-16.1,21.8,Sell,19.178214220949606
MCD,Consumer Discretionary (S&P 500),7,2025-06-22,42.5,41.1,48.3,Buy,5.787472675469726
ELAN,Health Care (S&P 400),7,2025-06-22,62.1,55.5,88.8,Buy,42.64487896377972
IDCC,Information Technology (S&P 400),7,2025-06-22,69.0,100.0,-54.8,Buy,47.62081984267697
PH,Industrials (S&P 500),7,2025-06-22,-30.6,-33.7,-17.9,Sell,16.047299292865798
NUE,Materials (S&P 500),7,2025-06-22,-23.4,-11.0,-73.4,Sell,7.691216996072465
MTN,Consumer Discretionary (S&P 400),7,2025-06-22,84.3,90.4,59.8,Buy,-4.905826225911788
LYV,Communication Services (S&P 500),7,2025-06-22,5.8,22.9,-62.6,Hold,9.975150527697672
VAL,Energy (S&P 400),7,2025-06-22,83.9,81.6,92.9,Buy,10.859031144229329
DG,Consumer Staples (S&P 500),7,2025-06-22,-9.4,-19.9,32.7,Sell,-7.96283592657136
RTX,Industrials (S&P 500),7,2025-06-22,42.6,58.7,-21.7,Buy,8.38579784578451
TKO,Communication Services (S&P 500),7,2025-06-22,42.8,78.5,-100.0,Buy,15.379424603975936
HCA,Health Care (S&P 500),7,2025-06-22,60.1,77.0,-7.5,Buy,6.76018623609303
MMS,Industrials (S&P 400),7,2025-06-22,65.4,61.0,82.9,Buy,33.2791983973728
RS,Materials (S&P 400),7,2025-06-22,-19.1,-3.0,-83.4,Sell,-5.990797765038587
CDP,Real Estate (S&P 400),7,2025-06-22,73.8,70.9,85.8,Buy,7.737791045213179
WEC,Utilities (S&P 500),7,2025-06-22,-33.8,-47.4,20.5,Sell,6.557044237924262
TMUS,Communication Services (S&P 500),7,2025-06-22,10.7,1.9,45.6,Buy,7.895187659041834
VFC,Consumer Discretionary (S&P 400),7,2025-06-22,50.2,87.8,-100.0,Buy,24.04596123617912
MTD,Health Care (S&P 500),7,2025-06-22,-4.3,-21.8,65.4,Hold,9.676488774192729
AM,Energy (S&P 400),7,2025-06-22,21.1,34.3,-31.6,Buy,2.2637100487799726
AAPL,Information Technology (S&P 500),7,2025-06-22,-32.2,-38.8,-6.2,Sell,22.277916029114124
WLK,Materials (S&P 400),7,2025-06-22,13.3,-1.4,72.2,Buy,16.065600944739092
PPC,Consumer Staples (S&P 400),7,2025-06-22,30.4,22.8,60.5,Buy,-6.337611695980582
DIS,Communication Services (S&P 500),7,2025-06-22,0.1,-7.8,32.1,Hold,-2.87756316411486
MO,Consumer Staples (S&P 500),7,2025-06-22,74.1,81.1,46.1,Buy,10.357633886793003
BKNG,Consumer Discretionary (S&P 500),7,2025-06-22,52.1,63.4,6.9,Buy,2.8239505309725246
UHS,Health Care (S&P 500),7,2025-06-22,79.6,81.2,73.1,Buy,9.987199094733132
AZZ,Industrials (S&P 600),7,2025-06-22,20.6,28.9,-12.6,Buy,30.46769191901243
BHE,Information Technology (S&P 600),7,2025-06-22,-7.1,-8.3,-2.4,Hold,8.549504520298704
LIN,Materials (S&P 500),7,2025-06-22,-13.3,-22.3,22.9,Sell,5.413476809624721
WMB,Energy (S&P 500),7,2025-06-22,-5.6,9.6,-66.3,Hold,0.2163611893613262
MZTI,Consumer Staples (S&P 400),7,2025-06-22,-2.8,-22.9,77.7,Hold,5.222949940389619
RRX,Industrials (S&P 400),7,2025-06-22,34.1,32.4,41.3,Buy,2.944945110537039
SWKS,Information Technology (S&P 500),7,2025-06-22,-63.4,-69.3,-40.0,Sell,10.477018396393204
AZO,Consumer Discretionary (S&P 500),7,2025-06-22,21.8,32.1,-19.4,Buy,13.26911044392045
VTR,Real Estate (S&P 500),7,2025-06-22,11.6,17.3,-11.1,Buy,8.32085602549329
CBT,Materials (S&P 400),7,2025-06-22,43.9,38.5,65.5,Buy,6.48846433789941
CNX,Energy (S&P 400),7,2025-06-22,-24.2,-11.3,-76.1,Sell,-11.71851948479512
GIS,Consumer Staples (S&P 500),7,2025-06-22,56.7,52.2,74.6,Buy,-3.83637948303138
SPGI,Financials (S&P 500),7,2025-06-22,21.1,16.6,39.2,Buy,0.7624044529339249
NSC,Industrials (S&P 500),7,2025-06-22,-3.9,-14.1,36.9,Hold,12.605453747400597
LAMR,Real Estate (S&P 400),7,2025-06-22,43.8,54.5,0.9,Buy,4.338206581634382
TEL,Information Technology (S&P 500),7,2025-06-22,0.1,10.4,-41.3,Hold,32.928290773196245
MKC,Consumer Staples (S&P 500),7,2025-06-22,17.7,8.4,55.0,Buy,-9.835120555771068
NCLH,Consumer Discretionary (S&P 500),7,2025-06-22,96.3,100.0,81.3,Buy,33.775178821513435
NFLX,Communication Services (S&P 500),7,2025-06-22,-26.5,-13.4,-78.9,Sell,-0.3605624839183965
DOW,Materials (S&P 500),7,2025-06-22,48.9,43.9,68.6,Buy,-14.159040376567983
FOXA,Communication Services (S&P 500),7,2025-06-22,-35.8,-41.3,-14.1,Sell,10.224994518168735
LOW,Consumer Discretionary (S&P 500),7,2025-06-22,14.8,10.5,32.2,Buy,25.31630433590861
PSA,Real Estate (S&P 500),7,2025-06-22,46.7,64.1,-23.1,Buy,-2.8223212562924576
NRG,Utilities (S&P 500),7,2025-06-22,4.7,16.6,-43.0,Hold,8.4739661319064
ESAB,Industrials (S&P 400),7,2025-06-22,-26.1,-22.5,-40.3,Sell,-4.403274396963811
WST,Health Care (S&P 500),7,2025-06-22,15.7,3.0,66.1,Buy,18.18262930049622
BOX,Information Technology (S&P 600),7,2025-06-22,-41.5,-52.4,1.9,Sell,-6.237257705304586
SLGN,Materials (S&P 400),7,2025-06-22,38.8,54.1,-22.4,Buy,-20.312912288889056
BKR,Energy (S&P 500),7,2025-06-22,72.3,67.6,91.2,Buy,22.026114078720934
PSKY,Communication Services (S&P 500),8,2025-09-20,63.2,75.9,12.2,Buy,-30.76110123489749
WSO,Industrials (S&P 400),8,2025-09-20,-36.8,-40.5,-22.3,Sell,-10.02801869552454
LSCC,Information Technology (S&P 400),8,2025-09-20,-84.3,-80.4,-100.0,Sell,4.394230933969462
ASTH,Health Care (S&P 600),8,2025-09-20,88.0,93.0,68.0,Buy,-14.04393069586698
AA,Materials (S&P 400),8,2025-09-20,25.4,8.4,93.5,Buy,58.312206160148314
PG,Consumer Staples (S&P 500),8,2025-09-20,5.8,0.1,28.6,Hold,-6.7737636836644
TOL,Consumer Discretionary (S&P 400),8,2025-09-20,36.8,61.7,-62.9,Buy,0.2663080678139189
MUR,Energy (S&P 400),8,2025-09-20,-5.0,-18.1,47.4,Hold,20.273482173265165
BFAM,Consumer Discretionary (S&P 600),8,2025-09-20,-6.9,-18.6,40.2,Hold,-6.77857238781931
VLO,Energy (S&P 500),8,2025-09-20,-28.3,-10.4,-100.0,Sell,0.6862749607232367
NEE,Utilities (S&P 500),8,2025-09-20,4.0,-7.2,49.0,Hold,12.659820552013956
CALM,Consumer Staples (S&P 600),8,2025-09-20,98.4,98.4,,Buy,-12.946829613337908
BIIB,Health Care (S&P 500),8,2025-09-20,88.1,88.2,87.7,Buy,22.666668808251096
TXN,Information Technology (S&P 500),8,2025-09-20,-74.2,-78.3,-57.8,Sell,-0.8398691201918026
PPG,Materials (S&P 500),8,2025-09-20,54.5,48.2,79.9,Buy,-5.462387259660069
PNW,Utilities (S&P 500),8,2025-09-20,3.6,-3.0,30.0,Hold,1.9495777752823276
AN,Consumer Discretionary (S&P 400),8,2025-09-20,50.6,80.9,-70.9,Buy,-3.994129058163851
OMC,Communication Services (S&P 500),8,2025-09-20,76.3,81.6,55.2,Buy,8.017297222030576
KMB,Consumer Staples (S&P 500),8,2025-09-20,4.2,-9.8,60.3,Hold,-18.252943726835692
DINO,Energy (S&P 400),8,2025-09-20,1.9,27.3,-100.0,Hold,-9.30280019062651
SMTC,Information Technology (S&P 400),8,2025-09-20,-71.4,-71.1,-72.5,Sell,19.878433548780905
WY,Real Estate (S&P 500),8,2025-09-20,-65.3,-67.7,-55.7,Sell,-1.6447375166752072
CLF,Materials (S&P 400),8,2025-09-20,-31.0,-13.8,-100.0,Sell,13.867361395016104
CELH,Consumer Staples (S&P 400),8,2025-09-20,-40.2,-64.9,58.8,Sell,-21.797917787244163
META,Communication Services (S&P 500),8,2025-09-20,-44.9,-35.5,-82.5,Sell,-15.240333888324386
EHC,Health Care (S&P 400),8,2025-09-20,13.9,25.2,-31.2,Buy,-14.11463519354774
UNP,Industrials (S&P 500),8,2025-09-20,10.7,3.4,39.8,Buy,6.794885657114498
AVNT,Materials (S&P 400),8,2025-09-20,7.6,-9.1,74.1,Buy,-10.74637355245242
TNL,Consumer Discretionary (S&P 400),8,2025-09-20,66.7,82.5,3.6,Buy,18.981451917606183
BNL,Real Estate (S&P 600),8,2025-09-20,63.9,76.3,14.2,Buy,-2.8413753089782343
PM,Consumer Staples (S&P 500),8,2025-09-20,18.8,34.1,-42.3,Buy,-2.845189591815368
PBF,Energy (S&P 400),8,2025-09-20,67.3,90.9,-26.9,Buy,-11.898172898825205
ALKS,Health Care (S&P 600),8,2025-09-20,85.9,83.3,96.3,Buy,2.37495439247482
ROL,Industrials (S&P 500),8,2025-09-20,16.2,22.4,-8.6,Buy,8.535616609120442
BCPC,Materials (S&P 600),8,2025-09-20,-1.8,-11.0,34.9,Hold,-0.1405594698485224
GOOG,Communication Services (S&P 500),8,2025-09-20,3.3,17.0,-51.5,Hold,20.988620435744618
ANDE,Consumer Staples (S&P 600),8,2025-09-20,8.4,-4.9,61.9,Buy,40.21569104786979
PNR,Industrials (S&P 500),8,2025-09-20,-31.9,-27.5,-49.5,Sell,-5.616402005265222
ACLS,Information Technology (S&P 600),8,2025-09-20,-27.9,-45.6,43.1,Sell,-13.518034604189172
AVY,Materials (S&P 500),8,2025-09-20,12.6,-2.0,70.8,Buy,10.80675961186789
OVV,Energy (S&P 400),8,2025-09-20,-4.3,-3.5,-7.5,Hold,-8.678437200615557
FOX,Communication Services (S&P 500),8,2025-09-20,-40.7,-44.2,-26.3,Sell,16.59028583322535
ANIP,Health Care (S&P 600),8,2025-09-20,-14.0,-1.0,-66.0,Sell,-14.40231667481052
HWM,Industrials (S&P 500),8,2025-09-20,-37.4,-21.7,-100.0,Sell,7.032949331850924
IP,Materials (S&P 500),8,2025-09-20,-46.7,-45.3,-52.4,Sell,-16.620589383935478
WMG,Communication Services (S&P 400),8,2025-09-20,-22.9,-22.7,-23.5,Sell,-11.934795338493233
AMT,Real Estate (S&P 500),8,2025-09-20,22.9,12.7,63.5,Buy,-10.025435383672574
DAR,Consumer Staples (S&P 400),8,2025-09-20,47.2,51.5,30.2,Buy,7.641711880326747
NVR,Consumer Discretionary (S&P 500),8,2025-09-20,21.8,36.6,-37.3,Buy,-8.585743975761533
MTDR,Energy (S&P 400),8,2025-09-20,65.8,72.1,40.7,Buy,-8.638470619618213
OPCH,Health Care (S&P 400),8,2025-09-20,62.7,62.0,65.3,Buy,14.835743323285897
FDX,Industrials (S&P 500),8,2025-09-20,58.2,64.1,34.5,Buy,25.247105818543268
NXPI,Information Technology (S&P 500),8,2025-09-20,-42.9,-48.5,-20.4,Sell,1.4419028997785683
UGI,Utilities (S&P 400),8,2025-09-20,-0.3,14.4,-59.0,Hold,16.95327626351203
CAKE,Consumer Discretionary (S&P 600),8,2025-09-20,31.9,22.2,70.5,Buy,-4.144926092247692
BG,Consumer Staples (S&P 500),8,2025-09-20,-31.7,-43.1,13.7,Sell,16.384752717804655
CHTR,Communication Services (S&P 500),8,2025-09-20,77.3,81.2,61.9,Buy,-21.91963072508281
FANG,Energy (S&P 500),8,2025-09-20,-72.5,-76.0,-58.7,Sell,6.78771374740997
AVTR,Health Care (S&P 400),8,2025-09-20,61.3,53.9,91.3,Buy,-9.839996337890625
ALGM,Information Technology (S&P 400),8,2025-09-20,-59.3,-72.9,-4.8,Sell,-15.103338266361444
ALGT,Industrials (S&P 600),8,2025-09-20,58.0,97.5,-100.0,Buy,39.57376949122695
STLD,Materials (S&P 500),8,2025-09-20,-29.5,-11.8,-100.0,Sell,25.590366014289323
NWE,Utilities (S&P 400),8,2025-09-20,-7.9,-18.6,34.9,Sell,13.119056958457993
T,Communication Services (S&P 500),8,2025-09-20,25.3,15.3,65.6,Buy,-15.85660079466106
DECK,Consumer Discretionary (S&P 500),8,2025-09-20,46.7,37.2,84.9,Buy,-12.584585270769752
CVX,Energy (S&P 500),8,2025-09-20,28.2,40.1,-19.5,Buy,-4.3594491044617305
POST,Consumer Staples (S&P 400),8,2025-09-20,75.3,94.4,-1.0,Buy,-2.8144560664533134
PSN,Industrials (S&P 400),8,2025-09-20,71.1,83.5,21.5,Buy,-25.054945147076374
ENSG,Health Care (S&P 400),8,2025-09-20,5.8,6.8,1.8,Hold,10.448999250029322
GEF,Materials (S&P 400),8,2025-09-20,10.2,23.2,-41.9,Buy,16.177313171626388
NWSA,Communication Services (S&P 500),8,2025-09-20,-36.5,-40.7,-20.0,Sell,-14.826915738630086
CHH,Consumer Discretionary (S&P 400),8,2025-09-20,56.4,57.8,50.6,Buy,-12.34163472934726
CLX,Consumer Staples (S&P 500),8,2025-09-20,-44.4,-76.2,82.7,Sell,-18.348328080790687
APAM,Financials (S&P 600),8,2025-09-20,59.7,73.0,6.2,Buy,-7.397179875449112
PR,Energy (S&P 400),8,2025-09-20,82.3,89.4,54.1,Buy,5.4315046939253735
ACIW,Information Technology (S&P 600),8,2025-09-20,-28.3,-30.7,-18.8,Sell,-5.403812208650525
SPG,Real Estate (S&P 500),8,2025-09-20,45.3,60.8,-16.8,Buy,3.5883084593596704
CEG,Utilities (S&P 500),8,2025-09-20,-38.8,-57.4,35.5,Sell,7.527293373227037
APTV,Consumer Discretionary (S&P 500),8,2025-09-20,78.5,75.8,89.4,Buy,-8.196526693040324
OXY,Energy (S&P 500),8,2025-09-20,-32.8,-34.5,-26.0,Sell,-13.557085110994233
JNJ,Health Care (S&P 500),8,2025-09-20,21.0,22.0,16.8,Buy,17.872911177494554
TEX,Industrials (S&P 400),8,2025-09-20,3.6,18.9,-57.7,Hold,4.194966880413764
AMAT,Information Technology (S&P 500),8,2025-09-20,-41.8,-36.3,-63.8,Sell,35.146032664601265
TLN,Utilities (S&P 400),8,2025-09-20,53.5,53.5,,Buy,-12.113985705530588
VZ,Communication Services (S&P 500),8,2025-09-20,56.8,63.3,31.0,Buy,-6.843378774339413
EXP,Materials (S&P 400),8,2025-09-20,36.5,40.7,19.7,Buy,-5.812332792424294
ELF,Consumer Staples (S&P 400),8,2025-09-20,-18.7,-43.6,80.7,Sell,-42.52643713724809
CHRD,Energy (S&P 400),8,2025-09-20,77.9,92.1,21.0,Buy,-8.886269236688731
EXLS,Industrials (S&P 400),8,2025-09-20,9.3,7.5,16.5,Buy,-0.6225512206899615
RPM,Materials (S&P 400),8,2025-09-20,7.7,10.8,-4.6,Buy,-13.729299777665222
HST,Real Estate (S&P 500),8,2025-09-20,63.5,73.7,22.4,Buy,7.490568088053062
NYT,Communication Services (S&P 400),8,2025-09-20,6.4,7.3,2.7,Hold,21.592641863068938
HRL,Consumer Staples (S&P 500),8,2025-09-20,55.9,51.4,74.2,Buy,-3.444352646156422
GAP,Consumer Discretionary (S&P 400),8,2025-09-20,41.0,28.3,91.5,Buy,26.869523760232223
HAL,Energy (S&P 500),8,2025-09-20,79.7,77.4,88.8,Buy,23.928182592922827
CPAY,Financials (S&P 500),8,2025-09-20,43.2,50.4,14.2,Buy,2.609878141942067
AXTA,Materials (S&P 400),8,2025-09-20,69.2,68.8,70.9,Buy,5.913448590874544
BLDR,Industrials (S&P 500),8,2025-09-20,-17.5,-9.5,-49.1,Sell,-16.399517003717108
MAA,Real Estate (S&P 500),8,2025-09-20,52.4,61.9,14.2,Buy,-3.6151170400978185
CHD,Consumer Staples (S&P 500),8,2025-09-20,-35.7,-56.0,45.6,Sell,-5.504678577764366
CMCSA,Communication Services (S&P 500),8,2025-09-20,76.5,81.4,57.2,Buy,-5.400866231396298
VTRS,Health Care (S&P 500),8,2025-09-20,61.6,87.2,-40.9,Buy,21.903570653759548
APD,Materials (S&P 500),8,2025-09-20,-37.3,-63.0,65.4,Sell,-16.751556420128423
CCL,Consumer Discretionary (S&P 500),8,2025-09-20,75.4,84.2,40.3,Buy,1.9659260149190367
TYL,Information Technology (S&P 500),8,2025-09-20,-51.5,-63.3,-4.2,Sell,-14.302293079091768
COST,Consumer Staples (S&P 500),8,2025-09-20,-35.3,-28.7,-61.3,Sell,-9.917314512081525
EXE,Energy (S&P 500),8,2025-09-20,-59.5,-49.4,-100.0,Sell,10.929869538223397
EFX,Industrials (S&P 500),8,2025-09-20,-33.3,-46.2,18.2,Sell,-14.716230575037953
SHW,Materials (S&P 500),8,2025-09-20,8.5,3.5,28.4,Buy,-7.263600635258029
HSY,Consumer Staples (S&P 500),8,2025-09-20,46.3,40.6,68.8,Buy,0.2829125887795391
LNT,Utilities (S&P 500),8,2025-09-20,22.1,30.6,-11.9,Buy,1.4742033115573265
APA,Energy (S&P 500),8,2025-09-20,-28.4,-34.5,-3.9,Sell,3.875816239616578
MCD,Consumer Discretionary (S&P 500),8,2025-09-20,37.9,37.4,39.8,Buy,5.078133613225027
ELAN,Health Care (S&P 400),8,2025-09-20,36.1,25.9,77.0,Buy,16.14582474446993
IDCC,Information Technology (S&P 400),8,2025-09-20,60.0,100.0,-100.0,Buy,0.08307399536525838
PH,Industrials (S&P 500),8,2025-09-20,-39.7,-38.4,-44.9,Sell,16.01495648361056
NUE,Materials (S&P 500),8,2025-09-20,-28.5,-15.7,-79.5,Sell,19.876848384958944
MTN,Consumer Discretionary (S&P 400),8,2025-09-20,85.4,90.9,63.5,Buy,6.078741050052621
LYV,Communication Services (S&P 500),8,2025-09-20,-0.4,17.7,-73.0,Hold,-13.81626859793054
VAL,Energy (S&P 400),8,2025-09-20,82.6,80.2,92.3,Buy,-1.6292538837451913
DG,Consumer Staples (S&P 500),8,2025-09-20,-3.9,-15.3,42.0,Hold,35.256467090404904
RTX,Industrials (S&P 500),8,2025-09-20,35.6,53.6,-36.5,Buy,15.476073277904462
TKO,Communication Services (S&P 500),8,2025-09-20,37.1,71.3,-100.0,Buy,6.529649516545296
HCA,Health Care (S&P 500),8,2025-09-20,55.5,74.3,-19.6,Buy,17.743855772317595
MMS,Industrials (S&P 400),8,2025-09-20,48.6,44.5,65.0,Buy,-0.6300070925750244
RS,Materials (S&P 400),8,2025-09-20,-13.4,2.4,-76.5,Sell,1.5191196537759277
CDP,Real Estate (S&P 400),8,2025-09-20,70.7,67.4,83.9,Buy,-4.761111705307237
WEC,Utilities (S&P 500),8,2025-09-20,-37.8,-49.8,10.1,Sell,-4.851653466487289
TMUS,Communication Services (S&P 500),8,2025-09-20,4.5,-3.3,35.5,Hold,-16.990100940121202
MTD,Health Care (S&P 500),8,2025-09-20,-11.8,-28.4,54.6,Sell,10.818673317828145
AM,Energy (S&P 400),8,2025-09-20,19.4,32.9,-34.5,Buy,-4.479681620335217
AAPL,Information Technology (S&P 500),8,2025-09-20,-47.6,-47.5,-48.0,Sell,11.582618277761776
WLK,Materials (S&P 400),8,2025-09-20,-0.5,-15.7,60.0,Hold,-11.966569199943061
PPC,Consumer Staples (S&P 400),8,2025-09-20,35.7,27.9,66.7,Buy,-3.072007968020667
DIS,Communication Services (S&P 500),8,2025-09-20,3.6,-4.7,36.9,Hold,-1.5535869628373318
MO,Consumer Staples (S&P 500),8,2025-09-20,68.6,78.1,30.5,Buy,-10.510098853857663
BKNG,Consumer Discretionary (S&P 500),8,2025-09-20,52.8,65.9,0.4,Buy,-0.7416847624455721
UHS,Health Care (S&P 500),8,2025-09-20,76.2,78.6,66.7,Buy,20.677948669370952
AZZ,Industrials (S&P 600),8,2025-09-20,-1.4,11.5,-52.7,Hold,-5.182398553878445
BHE,Information Technology (S&P 600),8,2025-09-20,-12.5,-9.7,-23.8,Sell,11.437459400340318
LIN,Materials (S&P 500),8,2025-09-20,-18.5,-25.6,10.0,Sell,-11.69661531121964
WMB,Energy (S&P 500),8,2025-09-20,-5.8,9.4,-66.5,Hold,-2.2756245553977505
MZTI,Consumer Staples (S&P 400),8,2025-09-20,-6.1,-26.0,73.5,Hold,-3.7684906059156593
RRX,Industrials (S&P 400),8,2025-09-20,32.5,31.2,37.8,Buy,-2.174820428581374
SWKS,Information Technology (S&P 500),8,2025-09-20,-67.3,-70.4,-55.2,Sell,-17.143307954522665
AZO,Consumer Discretionary (S&P 500),8,2025-09-20,10.0,22.9,-41.4,Buy,-18.06654010982071
VTR,Real Estate (S&P 500),8,2025-09-20,4.4,11.9,-25.3,Hold,18.65410662706637
CBT,Materials (S&P 400),8,2025-09-20,39.5,34.4,59.9,Buy,-14.07592540349373
CNX,Energy (S&P 400),8,2025-09-20,-14.2,-0.7,-67.9,Sell,24.11067044685232
GIS,Consumer Staples (S&P 500),8,2025-09-20,58.4,56.9,64.4,Buy,-3.752310306958774
SPGI,Financials (S&P 500),8,2025-09-20,21.7,17.7,37.8,Buy,1.2713609748963846
NSC,Industrials (S&P 500),8,2025-09-20,-13.6,-20.6,14.6,Sell,3.207949308566598
LAMR,Real Estate (S&P 400),8,2025-09-20,40.2,52.2,-7.7,Buy,2.8767664261281896
TEL,Information Technology (S&P 500),8,2025-09-20,-25.8,-13.3,-76.1,Sell,6.388483952012661
MKC,Consumer Staples (S&P 500),8,2025-09-20,25.4,15.3,65.5,Buy,5.460366064329449
NCLH,Consumer Discretionary (S&P 500),8,2025-09-20,90.0,94.4,72.2,Buy,-8.680137401678557
NFLX,Communication Services (S&P 500),8,2025-09-20,-21.3,-7.0,-78.6,Sell,-23.07065334149228
STE,Health Care (S&P 500),8,2025-09-20,26.8,33.4,0.5,Buy,2.2349114126314595
DOW,Materials (S&P 500),8,2025-09-20,60.1,56.3,75.5,Buy,0.491893806492061
FOXA,Communication Services (S&P 500),8,2025-09-20,-45.3,-48.0,-34.4,Sell,18.39325865533878
LOW,Consumer Discretionary (S&P 500),8,2025-09-20,-6.6,-5.1,-12.6,Hold,-8.890591607280301
PSA,Real Estate (S&P 500),8,2025-09-20,49.0,65.5,-16.8,Buy,-6.0901154907887785
NRG,Utilities (S&P 500),8,2025-09-20,1.2,14.5,-52.3,Hold,-4.720782818445275
ESAB,Industrials (S&P 400),8,2025-09-20,-18.1,-14.3,-33.1,Sell,3.043132327669254
WST,Health Care (S&P 500),8,2025-09-20,1.7,-8.2,41.3,Hold,7.02621299769344
BOX,Information Technology (S&P 600),8,2025-09-20,-36.4,-49.9,17.4,Sell,-5.3776740234872475
SLGN,Materials (S&P 400),8,2025-09-20,55.1,65.6,13.0,Buy,-4.072079794244917
BKR,Energy (S&P 500),8,2025-09-20,62.0,55.6,87.3,Buy,-5.106844874585435
PSKY,Communication Services (S&P 500),9,2025-12-19,78.3,85.8,48.6,Buy,-30.98598119321425
WSO,Industrials (S&P 400),9,2025-12-19,-26.9,-35.1,5.6,Sell,11.024920905316636
LSCC,Information Technology (S&P 400),9,2025-12-19,-84.5,-80.6,-100.0,Sell,26.039040294874944
ASTH,Health Care (S&P 600),9,2025-12-19,91.9,95.0,79.3,Buy,1.2986990156818892
AA,Materials (S&P 400),9,2025-12-19,-8.4,-33.1,90.2,Sell,14.626450726367631
PG,Consumer Staples (S&P 500),9,2025-12-19,28.4,21.4,56.4,Buy,0.9748957882865008
TOL,Consumer Discretionary (S&P 400),9,2025-12-19,36.7,61.6,-63.2,Buy,-2.1229402222705134
MUR,Energy (S&P 400),9,2025-12-19,-23.5,-34.2,19.2,Sell,21.91517875023229
BFAM,Consumer Discretionary (S&P 600),9,2025-12-19,-1.2,-14.1,50.4,Hold,-24.16609094001305
VLO,Energy (S&P 500),9,2025-12-19,-29.5,-11.9,-100.0,Sell,49.68378303504905
NEE,Utilities (S&P 500),9,2025-12-19,-4.8,-14.6,34.3,Hold,16.972738189469524
CALM,Consumer Staples (S&P 600),9,2025-12-19,100.0,100.0,,Buy,-4.357202661367243
BIIB,Health Care (S&P 500),9,2025-12-19,82.6,83.3,80.0,Buy,4.925629553794781
TXN,Information Technology (S&P 500),9,2025-12-19,-73.7,-78.0,-56.6,Sell,7.504117154611389
PPG,Materials (S&P 500),9,2025-12-19,58.8,52.9,82.1,Buy,-3.637126400479054
PNW,Utilities (S&P 500),9,2025-12-19,2.1,-4.3,27.7,Hold,15.753595482824032
AN,Consumer Discretionary (S&P 400),9,2025-12-19,51.6,81.7,-68.6,Buy,-11.663159888647028
OMC,Communication Services (S&P 500),9,2025-12-19,72.9,80.1,44.1,Buy,-4.528618260504583
KMB,Consumer Staples (S&P 500),9,2025-12-19,18.3,3.7,76.6,Buy,-0.8468761963738167
DINO,Energy (S&P 400),9,2025-12-19,9.2,36.5,-100.0,Buy,29.42361935827084
SMTC,Information Technology (S&P 400),9,2025-12-19,-79.1,-73.8,-100.0,Sell,7.372889082385749
WY,Real Estate (S&P 500),9,2025-12-19,-63.8,-66.3,-53.8,Sell,-1.367500068596012
CLF,Materials (S&P 400),9,2025-12-19,-46.9,-33.6,-100.0,Sell,-38.12405340431786
CELH,Consumer Staples (S&P 400),9,2025-12-19,-33.1,-61.9,82.0,Sell,0.3738314258509739
META,Communication Services (S&P 500),9,2025-12-19,-34.1,-26.5,-64.8,Sell,-7.82527009990376
EHC,Health Care (S&P 400),9,2025-12-19,28.9,35.7,1.4,Buy,-7.824469526297976
UNP,Industrials (S&P 500),9,2025-12-19,5.0,-1.1,29.1,Hold,0.5011244516368083
AVNT,Materials (S&P 400),9,2025-12-19,19.5,4.4,79.9,Buy,3.8873513119547245
TNL,Consumer Discretionary (S&P 400),9,2025-12-19,59.0,78.0,-16.9,Buy,-2.3730231804991995
BNL,Real Estate (S&P 600),9,2025-12-19,65.8,77.6,19.0,Buy,12.360010734387437
PM,Consumer Staples (S&P 500),9,2025-12-19,21.1,36.0,-38.2,Buy,6.051876480005753
PBF,Energy (S&P 400),9,2025-12-19,72.9,92.4,-5.2,Buy,79.12677696520227
ALKS,Health Care (S&P 600),9,2025-12-19,85.5,82.8,96.2,Buy,-0.17575094224360777
ROL,Industrials (S&P 500),9,2025-12-19,7.2,16.5,-29.7,Hold,-9.666866377128251
BCPC,Materials (S&P 600),9,2025-12-19,5.0,-2.5,35.1,Hold,5.758634302371667
GOOG,Communication Services (S&P 500),9,2025-12-19,-14.5,0.6,-74.9,Sell,-0.8634288481185021
ANDE,Consumer Staples (S&P 600),9,2025-12-19,-20.5,-27.1,6.0,Sell,27.678787049122374
PNR,Industrials (S&P 500),9,2025-12-19,-27.0,-23.4,-41.3,Sell,-14.59373543933889
ACLS,Information Technology (S&P 600),9,2025-12-19,-19.3,-40.4,65.1,Sell,5.319150702306416
AVY,Materials (S&P 500),9,2025-12-19,5.3,-8.8,62.0,Hold,-9.578988850377897
OVV,Energy (S&P 400),9,2025-12-19,5.4,5.0,7.0,Hold,53.23056958404905
FOX,Communication Services (S&P 500),9,2025-12-19,41.3,49.2,9.8,Buy,-17.76797599917633
ANIP,Health Care (S&P 600),9,2025-12-19,1.3,13.7,-48.6,Hold,-9.692213551223075
HWM,Industrials (S&P 500),9,2025-12-19,-38.2,-22.8,-100.0,Sell,14.538020142864427
IP,Materials (S&P 500),9,2025-12-19,-40.0,-42.5,-30.2,Sell,-10.200798170634027
WMG,Communication Services (S&P 400),9,2025-12-19,-11.4,-15.3,4.0,Sell,-18.04130176261057
AMT,Real Estate (S&P 500),9,2025-12-19,30.2,20.0,70.8,Buy,7.034569918216555
DAR,Consumer Staples (S&P 400),9,2025-12-19,36.6,40.8,19.6,Buy,65.26040442895578
NVR,Consumer Discretionary (S&P 500),9,2025-12-19,30.8,42.3,-15.4,Buy,-13.268223535471657
MTDR,Energy (S&P 400),9,2025-12-19,72.1,77.4,50.7,Buy,39.879813164964254
OPCH,Health Care (S&P 400),9,2025-12-19,53.6,54.7,49.1,Buy,-10.396798939629099
FDX,Industrials (S&P 500),9,2025-12-19,42.2,52.5,1.3,Buy,23.815285117698398
SOLS,Materials (S&P 400),9,2025-12-19,17.1,17.1,,Buy,45.282723024427426
NXPI,Information Technology (S&P 500),9,2025-12-19,-45.0,-50.3,-23.7,Sell,-14.9909354922918
UGI,Utilities (S&P 400),9,2025-12-19,-11.1,3.6,-69.7,Sell,-2.1879925058595897
CAKE,Consumer Discretionary (S&P 600),9,2025-12-19,34.9,25.4,72.6,Buy,10.498642649235082
BG,Consumer Staples (S&P 500),9,2025-12-19,-42.1,-48.7,-15.5,Sell,34.18737634995951
CHTR,Communication Services (S&P 500),9,2025-12-19,83.1,86.7,68.7,Buy,3.2341487233231705
FANG,Energy (S&P 500),9,2025-12-19,-74.4,-76.6,-65.2,Sell,29.24293757845884
AVTR,Health Care (S&P 400),9,2025-12-19,66.5,60.2,91.9,Buy,-32.47560049323661
ALGM,Information Technology (S&P 400),9,2025-12-19,-49.7,-70.7,34.1,Sell,15.767786382674132
ALGT,Industrials (S&P 600),9,2025-12-19,51.1,88.8,-100.0,Buy,-6.941503494341577
STLD,Materials (S&P 500),9,2025-12-19,-41.2,-26.4,-100.0,Sell,-3.5739720255236045
NWE,Utilities (S&P 400),9,2025-12-19,-17.1,-26.1,19.2,Sell,7.502097579708029
T,Communication Services (S&P 500),9,2025-12-19,37.4,28.0,74.7,Buy,16.21210938503605
DECK,Consumer Discretionary (S&P 500),9,2025-12-19,57.6,49.4,90.3,Buy,5.468988011104999
CVX,Energy (S&P 500),9,2025-12-19,33.3,43.8,-8.4,Buy,37.67212765998103
POST,Consumer Staples (S&P 400),9,2025-12-19,76.3,94.7,2.4,Buy,-3.3918457868082528
PSN,Industrials (S&P 400),9,2025-12-19,85.6,90.6,65.8,Buy,-18.279571563141474
ENSG,Health Care (S&P 400),9,2025-12-19,-4.2,0.1,-21.4,Hold,11.673466129177324
GEF,Materials (S&P 400),9,2025-12-19,-0.8,12.7,-54.6,Hold,-6.9993142323723205
NWSA,Communication Services (S&P 500),9,2025-12-19,-30.0,-47.4,39.6,Sell,-7.860419519284916
CHH,Consumer Discretionary (S&P 400),9,2025-12-19,64.1,64.2,63.7,Buy,2.9618724300832673
CLX,Consumer Staples (S&P 500),9,2025-12-19,60.0,51.5,94.1,Buy,9.65412195498572
APAM,Financials (S&P 600),9,2025-12-19,69.3,80.2,25.8,Buy,-9.810740033512346
PR,Energy (S&P 400),9,2025-12-19,80.3,88.4,48.0,Buy,45.7131086967659
ACIW,Information Technology (S&P 600),9,2025-12-19,-17.3,-20.2,-5.7,Sell,-17.5737415698676
SPG,Real Estate (S&P 500),9,2025-12-19,42.5,59.0,-23.4,Buy,4.643829297191719
CEG,Utilities (S&P 500),9,2025-12-19,-45.8,-62.1,19.2,Sell,-10.834517248826492
APTV,Consumer Discretionary (S&P 500),9,2025-12-19,82.9,81.0,90.5,Buy,-11.649000689656718
OXY,Energy (S&P 500),9,2025-12-19,-18.1,-22.1,-1.9,Sell,51.09260029106068
JNJ,Health Care (S&P 500),9,2025-12-19,3.6,10.7,-24.8,Hold,15.745079606276846
TEX,Industrials (S&P 400),9,2025-12-19,-4.5,9.6,-61.2,Hold,7.600177529844836
AMAT,Information Technology (S&P 500),9,2025-12-19,-60.2,-50.3,-100.0,Sell,39.48577826953722
TLN,Utilities (S&P 400),9,2025-12-19,57.4,57.4,,Buy,-8.644726037819005
VZ,Communication Services (S&P 500),9,2025-12-19,60.9,66.6,38.0,Buy,26.415042514485492
EXP,Materials (S&P 400),9,2025-12-19,44.2,47.2,32.4,Buy,-18.53476631119636
ELF,Consumer Staples (S&P 400),9,2025-12-19,2.9,-19.5,92.8,Hold,-8.751865616433054
CHRD,Energy (S&P 400),9,2025-12-19,82.4,93.3,38.8,Buy,46.243853789372736
EXLS,Industrials (S&P 400),9,2025-12-19,15.8,15.2,18.1,Buy,-28.65428981751939
RPM,Materials (S&P 400),9,2025-12-19,29.9,30.6,27.2,Buy,-7.698738616170836
HST,Real Estate (S&P 500),9,2025-12-19,59.3,71.8,9.2,Buy,5.2006004801592285
NYT,Communication Services (S&P 400),9,2025-12-19,-13.5,-6.1,-43.1,Sell,15.114023642939529
HRL,Consumer Staples (S&P 500),9,2025-12-19,57.9,53.2,76.6,Buy,-4.284924623915341
GAP,Consumer Discretionary (S&P 400),9,2025-12-19,26.9,11.2,89.5,Buy,-13.53395324721036
HAL,Energy (S&P 500),9,2025-12-19,68.2,64.9,81.5,Buy,33.87053513349301
CPAY,Financials (S&P 500),9,2025-12-19,41.5,49.7,9.0,Buy,-8.208254374028625
AXTA,Materials (S&P 400),9,2025-12-19,67.1,67.1,66.9,Buy,-18.590145778304702
BLDR,Industrials (S&P 500),9,2025-12-19,-2.9,2.4,-24.4,Hold,-18.595243165539337
MAA,Real Estate (S&P 500),9,2025-12-19,55.2,63.6,21.6,Buy,-6.1880021369257046
CHD,Consumer Staples (S&P 500),9,2025-12-19,-32.3,-54.0,54.6,Sell,11.509408053317898
CMCSA,Communication Services (S&P 500),9,2025-12-19,78.2,82.5,61.2,Buy,5.7969219125411895
VTRS,Health Care (S&P 500),9,2025-12-19,55.0,82.6,-55.3,Buy,14.127279237456358
BR,Industrials (S&P 500),9,2025-12-19,-13.8,-26.0,34.6,Sell,-22.40277496061765
APD,Materials (S&P 500),9,2025-12-19,-30.3,-57.6,78.8,Sell,19.279924861544217
CCL,Consumer Discretionary (S&P 500),9,2025-12-19,75.2,84.4,38.1,Buy,-19.488161516521565
TYL,Information Technology (S&P 500),9,2025-12-19,-38.8,-57.1,34.2,Sell,-23.548807165226197
COST,Consumer Staples (S&P 500),9,2025-12-19,-18.2,-25.7,11.9,Sell,14.082390058865602
EXE,Energy (S&P 500),9,2025-12-19,-62.9,-53.6,-100.0,Sell,-0.18442807590631502
EFX,Industrials (S&P 500),9,2025-12-19,-19.3,-36.1,47.6,Sell,-16.9600423103901
SHW,Materials (S&P 500),9,2025-12-19,15.4,8.8,41.7,Buy,-3.052315904915981
HSY,Consumer Staples (S&P 500),9,2025-12-19,46.1,40.4,68.6,Buy,11.995538785524031
LNT,Utilities (S&P 500),9,2025-12-19,20.8,29.6,-14.2,Buy,11.248547035517541
APA,Energy (S&P 500),9,2025-12-19,-33.1,-38.8,-10.5,Sell,59.29488798075304
MCD,Consumer Discretionary (S&P 500),9,2025-12-19,33.8,34.2,32.0,Buy,-1.4344556030946742
ELAN,Health Care (S&P 400),9,2025-12-19,22.0,10.6,67.4,Buy,12.645747527588558
IDCC,Information Technology (S&P 400),9,2025-12-19,60.0,100.0,-100.0,Buy,5.678125534462118
PH,Industrials (S&P 500),9,2025-12-19,-43.6,-42.0,-49.7,Sell,3.072367178719673
NUE,Materials (S&P 500),9,2025-12-19,-40.7,-25.8,-100.0,Sell,2.1063100952873457
MTN,Consumer Discretionary (S&P 400),9,2025-12-19,86.0,90.4,68.4,Buy,-10.138103085691577
LYV,Communication Services (S&P 500),9,2025-12-19,17.8,36.1,-55.6,Buy,9.277105437038301
VAL,Energy (S&P 400),9,2025-12-19,80.0,76.9,92.4,Buy,93.25389527141638
DG,Consumer Staples (S&P 500),9,2025-12-19,-26.3,-32.6,-0.8,Sell,-9.690781777893461
RTX,Industrials (S&P 500),9,2025-12-19,22.1,41.5,-55.7,Buy,10.651461729214466
TKO,Communication Services (S&P 500),9,2025-12-19,35.4,69.2,-100.0,Buy,-7.185076661253227
HCA,Health Care (S&P 500),9,2025-12-19,45.3,67.4,-43.3,Buy,5.795837092189347
MMS,Industrials (S&P 400),9,2025-12-19,49.1,44.9,65.5,Buy,-21.626629200510813
VIAV,Information Technology (S&P 400),9,2025-12-19,-9.3,7.5,-76.6,Sell,90.06658784652724
RS,Materials (S&P 400),9,2025-12-19,-10.5,6.3,-77.8,Sell,1.7179645159232415
CDP,Real Estate (S&P 400),9,2025-12-19,72.9,69.9,85.2,Buy,11.639913673480965
WEC,Utilities (S&P 500),9,2025-12-19,-34.7,-48.0,18.3,Sell,12.194142430064444
TMUS,Communication Services (S&P 500),9,2025-12-19,19.3,9.7,57.9,Buy,5.516882983417638
MTD,Health Care (S&P 500),9,2025-12-19,-19.4,-33.6,37.5,Sell,-15.117184052517452
AM,Energy (S&P 400),9,2025-12-19,23.1,35.8,-27.8,Buy,33.352671562908284
AAPL,Information Technology (S&P 500),9,2025-12-19,-53.8,-51.5,-63.3,Sell,-8.943998821013686
WLK,Materials (S&P 400),9,2025-12-19,7.0,-8.9,70.7,Hold,54.20719025845767
PPC,Consumer Staples (S&P 400),9,2025-12-19,38.2,30.3,69.6,Buy,-9.558825022906078
DIS,Communication Services (S&P 500),9,2025-12-19,3.3,-5.7,39.4,Hold,-10.823447015762797
MO,Consumer Staples (S&P 500),9,2025-12-19,74.7,81.3,48.0,Buy,14.10514039788167
BKNG,Consumer Discretionary (S&P 500),9,2025-12-19,52.5,65.1,2.2,Buy,-20.20218685037498
UHS,Health Care (S&P 500),9,2025-12-19,66.4,70.9,48.1,Buy,-17.611069817622056
AZZ,Industrials (S&P 600),9,2025-12-19,6.2,19.4,-46.3,Hold,12.664152368810901
BHE,Information Technology (S&P 600),9,2025-12-19,-21.7,-16.2,-43.9,Sell,26.390824137074297
LIN,Materials (S&P 500),9,2025-12-19,-6.9,-18.1,37.7,Hold,16.613728539034188
WMB,Energy (S&P 500),9,2025-12-19,-4.1,11.0,-64.3,Hold,28.034101155832445
MZTI,Consumer Staples (S&P 400),9,2025-12-19,17.9,4.4,71.9,Buy,-15.701028005794527
RRX,Industrials (S&P 400),9,2025-12-19,33.8,32.2,40.5,Buy,32.771526031713556
SWKS,Information Technology (S&P 500),9,2025-12-19,-57.6,-66.8,-20.9,Sell,-15.320809097345062
AZO,Consumer Discretionary (S&P 500),9,2025-12-19,20.6,25.0,3.1,Buy,-1.4963125291246329
VTR,Real Estate (S&P 500),9,2025-12-19,-9.4,0.1,-47.4,Sell,8.816672719737015
CBT,Materials (S&P 400),9,2025-12-19,49.7,44.1,72.3,Buy,4.33930129590089
CNX,Energy (S&P 400),9,2025-12-19,-28.5,-14.7,-83.7,Sell,7.77600923950447
GIS,Consumer Staples (S&P 500),9,2025-12-19,60.7,59.1,66.9,Buy,-20.542900245175794
SPGI,Financials (S&P 500),9,2025-12-19,25.2,22.6,35.5,Buy,-16.67371479037672
NSC,Industrials (S&P 500),9,2025-12-19,-16.5,-22.7,8.1,Sell,-4.1147981705126035
LAMR,Real Estate (S&P 400),9,2025-12-19,37.9,50.7,-13.3,Buy,2.7392865306429974
TEL,Information Technology (S&P 500),9,2025-12-19,-33.2,-20.7,-82.9,Sell,-13.471614663223216
MKC,Consumer Staples (S&P 500),9,2025-12-19,21.6,11.8,60.8,Buy,-20.634267285598654
NCLH,Consumer Discretionary (S&P 500),9,2025-12-19,92.6,96.8,75.6,Buy,-14.756950480794226
NFLX,Communication Services (S&P 500),9,2025-12-19,2.9,15.4,-47.3,Hold,-2.8075024292981685
STE,Health Care (S&P 500),9,2025-12-19,25.8,33.5,-5.2,Buy,-14.101517990225451
DOW,Materials (S&P 500),9,2025-12-19,55.7,50.7,75.4,Buy,63.08703669144394
FOXA,Communication Services (S&P 500),9,2025-12-19,32.3,41.5,-4.4,Buy,-19.237916849473617
LOW,Consumer Discretionary (S&P 500),9,2025-12-19,2.3,1.2,6.6,Hold,-4.033580148633128
PSA,Real Estate (S&P 500),9,2025-12-19,54.4,68.6,-2.4,Buy,8.104571734117368
NRG,Utilities (S&P 500),9,2025-12-19,0.3,12.1,-46.8,Hold,3.6516385385554524
ESAB,Industrials (S&P 400),9,2025-12-19,-18.2,-13.3,-37.9,Sell,-13.44041110195508
WST,Health Care (S&P 500),9,2025-12-19,-4.5,-12.5,27.2,Hold,-11.737724277636417
BOX,Information Technology (S&P 600),9,2025-12-19,-32.0,-47.8,31.2,Sell,-21.61629371965372
SLGN,Materials (S&P 400),9,2025-12-19,58.0,67.7,19.2,Buy,-3.855380818502459
BKR,Energy (S&P 500),9,2025-12-19,66.2,60.5,89.3,Buy,36.29841690772938
PSKY,Communication Services (S&P 500),10,2026-03-19,87.0,92.1,66.5,Buy,11.918389574577445
WSO,Industrials (S&P 400),10,2026-03-19,-37.7,-41.6,-22.1,Sell,1.1285427707668552
LSCC,Information Technology (S&P 400),10,2026-03-19,-85.0,-81.2,-100.0,Sell,47.345136228741666
ASTH,Health Care (S&P 600),10,2026-03-19,91.3,94.6,78.4,Buy,57.81637454836541
AA,Materials (S&P 400),10,2026-03-19,-17.9,-43.9,86.0,Sell,5.419918773931655
PG,Consumer Staples (S&P 500),10,2026-03-19,27.6,20.7,55.1,Buy,4.731934467713246
TOL,Consumer Discretionary (S&P 400),10,2026-03-19,21.8,39.5,-48.9,Buy,9.788394021522787
MUR,Energy (S&P 400),10,2026-03-19,-43.8,-50.0,-19.3,Sell,-6.623640936998733
BFAM,Consumer Discretionary (S&P 600),10,2026-03-19,18.0,4.0,74.4,Buy,-16.945630738689125
VLO,Energy (S&P 500),10,2026-03-19,-52.3,-40.4,-100.0,Sell,-0.47953720692211044
NEE,Utilities (S&P 500),10,2026-03-19,-17.5,-23.8,7.8,Sell,-6.549155703115979
CALM,Consumer Staples (S&P 600),10,2026-03-19,100.0,100.0,,Buy,-3.1979486103733037
BIIB,Health Care (S&P 500),10,2026-03-19,77.0,77.0,76.8,Buy,8.32015386409836
TXN,Information Technology (S&P 500),10,2026-03-19,-76.6,-79.3,-65.9,Sell,61.14179052546695
PPG,Materials (S&P 500),10,2026-03-19,55.0,47.9,83.5,Buy,19.8452217174981
PNW,Utilities (S&P 500),10,2026-03-19,-9.1,-13.6,8.7,Sell,3.2155285953908384
AN,Consumer Discretionary (S&P 400),10,2026-03-19,55.3,84.4,-61.0,Buy,0.882371526287814
OMC,Communication Services (S&P 500),10,2026-03-19,75.0,81.0,51.2,Buy,1.6954453379447258
KMB,Consumer Staples (S&P 500),10,2026-03-19,18.9,4.3,77.2,Buy,4.345434844797562
DINO,Energy (S&P 400),10,2026-03-19,-7.8,15.2,-100.0,Sell,9.717575261593604
SMTC,Information Technology (S&P 400),10,2026-03-19,-78.5,-73.2,-100.0,Sell,91.70389262720032
WY,Real Estate (S&P 500),10,2026-03-19,-63.5,-66.3,-52.2,Sell,6.8755542098045215
CLF,Materials (S&P 400),10,2026-03-19,-3.1,21.1,-100.0,Hold,55.012222886503906
CELH,Consumer Staples (S&P 400),10,2026-03-19,-34.5,-63.6,81.8,Sell,-29.28305445018721
META,Communication Services (S&P 500),10,2026-03-19,-30.5,-24.7,-53.5,Sell,-6.361292639217784
EHC,Health Care (S&P 400),10,2026-03-19,36.3,41.0,17.4,Buy,0.19680212584476495
UNP,Industrials (S&P 500),10,2026-03-19,4.5,-1.4,28.1,Hold,10.765513324640164
AVNT,Materials (S&P 400),10,2026-03-19,14.3,-1.7,78.0,Buy,15.04369115598459
TNL,Consumer Discretionary (S&P 400),10,2026-03-19,60.4,79.1,-14.1,Buy,9.754964356065711
BNL,Real Estate (S&P 600),10,2026-03-19,58.3,72.8,0.7,Buy,6.955223192793128
PM,Consumer Staples (S&P 500),10,2026-03-19,16.5,32.2,-46.2,Buy,9.83656763210003
PBF,Energy (S&P 400),10,2026-03-19,49.2,80.0,-73.9,Buy,-18.801013480782643
ALKS,Health Care (S&P 600),10,2026-03-19,85.5,82.8,96.2,Buy,56.72534830772169
ROL,Industrials (S&P 500),10,2026-03-19,18.5,23.8,-3.1,Buy,-16.280373733417413
BCPC,Materials (S&P 600),10,2026-03-19,-1.3,-7.2,22.5,Hold,0.054788240524741134
GOOG,Communication Services (S&P 500),10,2026-03-19,-11.5,4.2,-74.1,Sell,18.50912270570625
ANDE,Consumer Staples (S&P 600),10,2026-03-19,-41.3,-40.9,-42.9,Sell,0.5865548016710808
PNR,Industrials (S&P 500),10,2026-03-19,-16.6,-18.4,-9.3,Sell,-16.810967663258452
ACLS,Information Technology (S&P 600),10,2026-03-19,-24.4,-45.2,58.9,Sell,101.3888790368818
AVY,Materials (S&P 500),10,2026-03-19,12.4,-2.1,70.7,Buy,-1.4832215859037516
OVV,Energy (S&P 400),10,2026-03-19,-34.6,-30.1,-52.7,Sell,-5.4204713840788115
FOX,Communication Services (S&P 500),10,2026-03-19,58.1,60.2,49.9,Buy,-10.169165400921182
ANIP,Health Care (S&P 600),10,2026-03-19,14.5,27.0,-35.7,Buy,7.618279833589058
HWM,Industrials (S&P 500),10,2026-03-19,-43.1,-28.9,-100.0,Sell,21.64280804814573
IP,Materials (S&P 500),10,2026-03-19,-35.5,-41.9,-10.0,Sell,7.939482730007535
WMG,Communication Services (S&P 400),10,2026-03-19,-12.1,-19.9,18.9,Sell,19.987156348658573
AMT,Real Estate (S&P 500),10,2026-03-19,25.4,15.2,66.2,Buy,1.0315628873681453
DAR,Consumer Staples (S&P 400),10,2026-03-19,-15.8,-7.2,-50.6,Sell,-5.299292890780985
NVR,Consumer Discretionary (S&P 500),10,2026-03-19,45.9,51.2,24.7,Buy,-2.211937909559133
MTDR,Energy (S&P 400),10,2026-03-19,45.6,56.2,3.5,Buy,-11.08739322032565
OPCH,Health Care (S&P 400),10,2026-03-19,61.2,60.8,62.7,Buy,-25.472022966232988
FDX,Industrials (S&P 500),10,2026-03-19,15.4,27.8,-34.2,Buy,13.582634783224682
SOLS,Materials (S&P 400),10,2026-03-19,-9.4,-9.4,,Sell,16.605768733778483
NXPI,Information Technology (S&P 500),10,2026-03-19,-34.4,-46.3,12.9,Sell,55.83445234582971
UGI,Utilities (S&P 400),10,2026-03-19,52.1,53.1,48.0,Buy,-7.878013180351393
CAKE,Consumer Discretionary (S&P 600),10,2026-03-19,27.8,18.1,66.9,Buy,32.659998357850675
BG,Consumer Staples (S&P 500),10,2026-03-19,-63.8,-65.2,-58.1,Sell,-4.2622491826199305
CHTR,Communication Services (S&P 500),10,2026-03-19,82.3,85.9,67.9,Buy,-37.62699194138687
FANG,Energy (S&P 500),10,2026-03-19,-82.4,-80.7,-89.2,Sell,-2.0019215307914284
AVTR,Health Care (S&P 400),10,2026-03-19,82.2,79.4,93.7,Buy,24.310116585743245
ALGM,Information Technology (S&P 400),10,2026-03-19,-59.2,-73.9,-0.0,Sell,74.63603949760524
ALGT,Industrials (S&P 600),10,2026-03-19,51.7,89.6,-100.0,Buy,21.027382717202535
STLD,Materials (S&P 500),10,2026-03-19,-43.0,-28.7,-100.0,Sell,61.71283670795461
NWE,Utilities (S&P 400),10,2026-03-19,-22.5,-30.3,8.7,Sell,4.545537527961272
T,Communication Services (S&P 500),10,2026-03-19,26.9,16.8,67.0,Buy,-18.25933865077887
DECK,Consumer Discretionary (S&P 500),10,2026-03-19,55.8,47.6,88.7,Buy,0.7720880090735323
CVX,Energy (S&P 500),10,2026-03-19,1.4,17.7,-64.0,Hold,-11.037281354141172
POST,Consumer Staples (S&P 400),10,2026-03-19,80.7,95.1,23.1,Buy,-8.674678431332005
PSN,Industrials (S&P 400),10,2026-03-19,89.9,92.2,80.5,Buy,9.290270856435283
ENSG,Health Care (S&P 400),10,2026-03-19,-14.2,-7.5,-41.4,Sell,-23.01321279607379
GEF,Materials (S&P 400),10,2026-03-19,4.4,17.6,-48.6,Hold,11.280151347942615
NWSA,Communication Services (S&P 500),10,2026-03-19,-25.7,-45.5,53.6,Sell,8.566643413033075
CHH,Consumer Discretionary (S&P 400),10,2026-03-19,62.6,62.9,61.4,Buy,14.64634511105276
CLX,Consumer Staples (S&P 500),10,2026-03-19,55.4,45.9,93.6,Buy,-9.803845101068308
APAM,Financials (S&P 600),10,2026-03-19,74.7,81.7,46.5,Buy,2.364951550988117
PR,Energy (S&P 400),10,2026-03-19,57.1,76.1,-19.1,Buy,-6.267085852422931
EMR,Industrials (S&P 500),10,2026-03-19,-17.1,-17.0,-17.4,Sell,15.167187719299491
ACIW,Information Technology (S&P 600),10,2026-03-19,-2.8,-12.4,35.4,Hold,12.499997596586923
SPG,Real Estate (S&P 500),10,2026-03-19,38.8,56.3,-31.4,Buy,10.899768051025514
CEG,Utilities (S&P 500),10,2026-03-19,-37.7,-57.9,43.2,Sell,-15.446924050914529
APTV,Consumer Discretionary (S&P 500),10,2026-03-19,83.9,82.0,91.3,Buy,-9.10799393354474
OXY,Energy (S&P 500),10,2026-03-19,-53.7,-53.1,-56.0,Sell,-10.565642935962192
JNJ,Health Care (S&P 500),10,2026-03-19,-9.6,0.6,-50.4,Sell,-0.8640993108612297
TEX,Industrials (S&P 400),10,2026-03-19,-19.5,-7.6,-67.2,Sell,11.15904817533643
AMAT,Information Technology (S&P 500),10,2026-03-19,-70.1,-62.6,-100.0,Sell,66.19273994360012
TLN,Utilities (S&P 400),10,2026-03-19,67.4,67.4,,Buy,20.507539251435873
VZ,Communication Services (S&P 500),10,2026-03-19,45.6,54.8,8.6,Buy,-5.963080413253345
EXP,Materials (S&P 400),10,2026-03-19,59.4,58.9,61.5,Buy,20.62147437113546
ELF,Consumer Staples (S&P 400),10,2026-03-19,5.0,-17.1,93.4,Hold,-15.149867187211722
CHRD,Energy (S&P 400),10,2026-03-19,60.7,85.8,-39.6,Buy,-1.8373282867840255
EXLS,Industrials (S&P 400),10,2026-03-19,42.7,35.5,71.5,Buy,-9.398371998856707
RPM,Materials (S&P 400),10,2026-03-19,34.0,32.2,40.9,Buy,11.390292700006562
HST,Real Estate (S&P 500),10,2026-03-19,54.4,67.8,0.9,Buy,30.27472749729263
NYT,Communication Services (S&P 400),10,2026-03-19,-24.6,-14.8,-63.8,Sell,-8.138411410841213
HRL,Consumer Staples (S&P 500),10,2026-03-19,18.8,15.3,32.8,Buy,10.31040566534753
GAP,Consumer Discretionary (S&P 400),10,2026-03-19,35.2,21.2,90.9,Buy,-12.420114808758212
HAL,Energy (S&P 500),10,2026-03-19,44.7,40.7,60.9,Buy,-1.4781195433036647
CPAY,Financials (S&P 500),10,2026-03-19,44.3,48.9,26.2,Buy,24.2457206925874
AXTA,Materials (S&P 400),10,2026-03-19,79.5,79.6,79.2,Buy,30.268197329755804
BLDR,Industrials (S&P 500),10,2026-03-19,16.0,16.5,13.9,Buy,-9.882824813872658
MAA,Real Estate (S&P 500),10,2026-03-19,59.9,66.6,33.1,Buy,8.217607661470637
CHD,Consumer Staples (S&P 500),10,2026-03-19,-39.0,-57.7,36.2,Sell,3.3284175753864775
CMCSA,Communication Services (S&P 500),10,2026-03-19,76.5,81.3,57.1,Buy,-20.79420489581966
VTRS,Health Care (S&P 500),10,2026-03-19,51.1,80.0,-64.8,Buy,17.374226276019478
BR,Industrials (S&P 500),10,2026-03-19,5.0,-10.8,68.5,Hold,-19.385154552985608
CCL,Consumer Discretionary (S&P 500),10,2026-03-19,86.8,91.8,66.6,Buy,20.662377411642403
TYL,Information Technology (S&P 500),10,2026-03-19,-24.3,-48.4,72.4,Sell,-17.813584301549618
COST,Consumer Staples (S&P 500),10,2026-03-19,-30.8,-32.9,-22.6,Sell,-0.7990408444989869
EXE,Energy (S&P 500),10,2026-03-19,-61.7,-52.2,-100.0,Sell,-18.491018457499553
EFX,Industrials (S&P 500),10,2026-03-19,-11.4,-31.3,68.3,Sell,-14.394784407300707
SHW,Materials (S&P 500),10,2026-03-19,18.1,11.0,46.8,Buy,1.3640077396760761
HSY,Consumer Staples (S&P 500),10,2026-03-19,37.8,33.0,56.7,Buy,-16.10894996040752
LNT,Utilities (S&P 500),10,2026-03-19,10.8,21.3,-31.1,Buy,2.8675573805224244
APA,Energy (S&P 500),10,2026-03-19,-66.3,-66.5,-65.8,Sell,-10.254577637059846
MCD,Consumer Discretionary (S&P 500),10,2026-03-19,35.0,35.1,34.3,Buy,-7.6991628174567435
ELAN,Health Care (S&P 400),10,2026-03-19,5.6,-7.2,56.8,Hold,-6.8869482157141375
IDCC,Information Technology (S&P 400),10,2026-03-19,60.0,100.0,-100.0,Buy,-18.679422310526572
PH,Industrials (S&P 500),10,2026-03-19,-45.1,-43.0,-53.7,Sell,5.344182842982981
NUE,Materials (S&P 500),10,2026-03-19,-43.1,-28.9,-100.0,Sell,56.506044364035105
MTN,Consumer Discretionary (S&P 400),10,2026-03-19,88.1,91.5,74.4,Buy,-2.6364515043032433
LYV,Communication Services (S&P 500),10,2026-03-19,11.1,30.6,-67.0,Buy,11.23938099530173
VAL,Energy (S&P 400),10,2026-03-19,38.4,29.3,74.8,Buy,-13.200247923426012
DG,Consumer Staples (S&P 500),10,2026-03-19,-18.8,-27.2,14.9,Sell,-11.538749590426113
RTX,Industrials (S&P 500),10,2026-03-19,10.5,30.1,-67.7,Buy,-3.660545959070838
TKO,Communication Services (S&P 500),10,2026-03-19,38.2,72.7,-100.0,Buy,-1.0244571810095355
HCA,Health Care (S&P 500),10,2026-03-19,41.8,64.7,-49.8,Buy,-22.157919722679303
MMS,Industrials (S&P 400),10,2026-03-19,66.3,61.5,85.4,Buy,-13.125599509647005
VIAV,Information Technology (S&P 400),10,2026-03-19,-52.8,-40.9,-100.0,Sell,42.27737092623746
RS,Materials (S&P 400),10,2026-03-19,-13.0,3.6,-79.3,Sell,37.55110264827907
CDP,Real Estate (S&P 400),10,2026-03-19,68.0,64.4,82.3,Buy,6.187100845732348
WEC,Utilities (S&P 500),10,2026-03-19,-41.8,-52.3,0.6,Sell,-1.8470384338666983
TMUS,Communication Services (S&P 500),10,2026-03-19,15.1,5.8,52.4,Buy,-11.760609377503268
MTD,Health Care (S&P 500),10,2026-03-19,-13.1,-32.0,62.3,Sell,-5.120577362057336
AM,Energy (S&P 400),10,2026-03-19,-0.1,15.5,-62.4,Hold,-6.317940230238996
AAPL,Information Technology (S&P 500),10,2026-03-19,-31.3,-37.5,-6.1,Sell,18.98402993004326
WLK,Materials (S&P 400),10,2026-03-19,-35.9,-47.0,8.3,Sell,-24.49751964928348
PPC,Consumer Staples (S&P 400),10,2026-03-19,44.7,36.6,76.9,Buy,-20.52144144444744
DIS,Communication Services (S&P 500),10,2026-03-19,41.8,31.7,82.0,Buy,1.6733870811494893
MO,Consumer Staples (S&P 500),10,2026-03-19,67.0,77.2,26.2,Buy,9.349551220936412
BKNG,Consumer Discretionary (S&P 500),10,2026-03-19,69.4,73.8,51.6,Buy,0.1687475260985997
UHS,Health Care (S&P 500),10,2026-03-19,76.5,78.8,67.2,Buy,-24.44456809936692
AZZ,Industrials (S&P 600),10,2026-03-19,-4.8,9.1,-60.4,Hold,25.54484734125303
BHE,Information Technology (S&P 600),10,2026-03-19,-41.4,-33.2,-73.8,Sell,62.96179665291003
LIN,Materials (S&P 500),10,2026-03-19,-21.1,-27.3,3.7,Sell,5.651528991215589
WMB,Energy (S&P 500),10,2026-03-19,-21.9,-6.1,-85.1,Sell,-3.083792676241961
MZTI,Consumer Staples (S&P 400),10,2026-03-19,29.6,16.1,83.5,Buy,-24.773124684613528
RRX,Industrials (S&P 400),10,2026-03-19,-2.1,-1.3,-5.0,Hold,19.710891909131085
SWKS,Information Technology (S&P 500),10,2026-03-19,-8.4,-24.9,57.3,Sell,29.310534831878638
AZO,Consumer Discretionary (S&P 500),10,2026-03-19,22.1,26.2,6.0,Buy,-8.437630962616511
VTR,Real Estate (S&P 500),10,2026-03-19,-15.9,-5.7,-56.6,Sell,-3.358586506034364
CBT,Materials (S&P 400),10,2026-03-19,58.0,52.6,79.8,Buy,29.653843943497684
CNX,Energy (S&P 400),10,2026-03-19,-35.1,-18.9,-100.0,Sell,-19.133219258763283
GIS,Consumer Staples (S&P 500),10,2026-03-19,71.9,70.1,78.9,Buy,-9.538451921798952
SPGI,Financials (S&P 500),10,2026-03-19,37.0,30.5,63.0,Buy,-1.677133160199706
NSC,Industrials (S&P 500),10,2026-03-19,-12.6,-20.0,16.8,Sell,8.497854476022937
LAMR,Real Estate (S&P 400),10,2026-03-19,35.6,49.1,-18.5,Buy,18.248520383534306
TEL,Information Technology (S&P 500),10,2026-03-19,-48.0,-48.6,-45.6,Sell,7.374479788739835
MKC,Consumer Staples (S&P 500),10,2026-03-19,49.2,41.8,78.8,Buy,-13.22036019752276
NCLH,Consumer Discretionary (S&P 500),10,2026-03-19,95.8,99.6,80.6,Buy,0.9674161912538546
NFLX,Communication Services (S&P 500),10,2026-03-19,5.3,17.4,-42.9,Hold,-16.110746809962457
STE,Health Care (S&P 500),10,2026-03-19,29.2,28.9,30.5,Buy,-8.226251502280338
DOW,Materials (S&P 500),10,2026-03-19,2.3,-7.1,39.8,Hold,-12.428715292165272
FOXA,Communication Services (S&P 500),10,2026-03-19,51.9,54.2,42.6,Buy,-11.026350081908696
LOW,Consumer Discretionary (S&P 500),10,2026-03-19,6.1,4.0,14.6,Hold,-4.961507576761379
PSA,Real Estate (S&P 500),10,2026-03-19,47.8,64.8,-20.1,Buy,13.757529232313177
NRG,Utilities (S&P 500),10,2026-03-19,-0.3,12.4,-51.0,Hold,-17.88435499484389
ESAB,Industrials (S&P 400),10,2026-03-19,-7.4,-7.1,-8.3,Hold,0.9643194419442993
WST,Health Care (S&P 500),10,2026-03-19,-3.9,-17.8,51.7,Hold,34.745507905548344
BOX,Information Technology (S&P 600),10,2026-03-19,-16.5,-37.6,68.0,Sell,4.526403587925732
SLGN,Materials (S&P 400),10,2026-03-19,60.8,69.7,25.0,Buy,7.741582344339756
BKR,Energy (S&P 500),10,2026-03-19,43.5,36.0,73.5,Buy,-0.7233170302783255
PSKY,Communication Services (S&P 500),11,2026-06-17,81.2,81.2,,Buy,8.917839520494825
WSO,Industrials (S&P 400),11,2026-06-17,-43.2,-52.3,-7.0,Sell,-18.242872293367697
LSCC,Information Technology (S&P 400),11,2026-06-17,-86.3,-82.8,-100.0,Sell,-23.85242418473325
ASTH,Health Care (S&P 600),11,2026-06-17,55.5,81.7,-49.1,Buy,3.773581321978544
AA,Materials (S&P 400),11,2026-06-17,29.1,13.4,91.7,Buy,-23.79538062711046
PG,Consumer Staples (S&P 500),11,2026-06-17,23.5,17.4,48.2,Buy,-2.2178095378511795
TOL,Consumer Discretionary (S&P 400),11,2026-06-17,-7.9,5.4,-61.0,Sell,-10.15248008409426
MUR,Energy (S&P 400),11,2026-06-17,-30.0,-25.0,-50.1,Sell,9.415101990109276
BFAM,Consumer Discretionary (S&P 600),11,2026-06-17,76.9,73.6,90.3,Buy,4.468052671307077
VLO,Energy (S&P 500),11,2026-06-17,-19.6,0.5,-100.0,Sell,60.33280108431099
NEE,Utilities (S&P 500),11,2026-06-17,-5.7,-15.4,33.0,Hold,-4.066436688318966
CALM,Consumer Staples (S&P 600),11,2026-06-17,100.0,100.0,,Buy,-4.1890246243327205
BIIB,Health Care (S&P 500),11,2026-06-17,40.9,43.4,30.6,Buy,9.407561591414833
TXN,Information Technology (S&P 500),11,2026-06-17,-76.4,-73.5,-87.7,Sell,-12.2933799273168
FTV,Industrials (S&P 500),11,2026-06-17,-30.6,-47.5,36.7,Sell,-8.8471243301936
PPG,Materials (S&P 500),11,2026-06-17,23.7,11.0,74.5,Buy,-9.59142390023482
AN,Consumer Discretionary (S&P 400),11,2026-06-17,49.3,73.4,-47.0,Buy,10.318735600213833
OMC,Communication Services (S&P 500),11,2026-06-17,1.4,26.7,-100.0,Hold,6.23771758422028
KMB,Consumer Staples (S&P 500),11,2026-06-17,1.3,-9.9,45.7,Hold,-1.1737098311352574
DINO,Energy (S&P 400),11,2026-06-17,31.0,57.2,-73.8,Buy,63.21149404081374
BA,Industrials (S&P 500),11,2026-06-17,-25.4,-55.1,93.8,Sell,-6.807605494814053
SMTC,Information Technology (S&P 400),11,2026-06-17,-85.3,-81.6,-100.0,Sell,-2.097199707380713
WY,Real Estate (S&P 500),11,2026-06-17,-56.3,-56.9,-54.0,Sell,-7.790872888847819
AAT,Real Estate (S&P 600),11,2026-06-17,61.8,65.8,45.7,Buy,-7.867816013548937
CLF,Materials (S&P 400),11,2026-06-17,-11.8,-6.2,-34.3,Sell,-8.12303361085155
CELH,Consumer Staples (S&P 400),11,2026-06-17,-8.4,-33.7,92.9,Sell,-6.352858627855365
META,Communication Services (S&P 500),11,2026-06-17,-34.1,-49.9,28.9,Sell,17.269804352639483
TRGP,Energy (S&P 500),11,2026-06-17,-70.9,-74.1,-57.8,Sell,10.682811923809236
EHC,Health Care (S&P 400),11,2026-06-17,55.6,55.8,54.8,Buy,25.40683964105784
UNP,Industrials (S&P 500),11,2026-06-17,3.7,-0.1,18.8,Hold,10.987387846790252
ZBRA,Information Technology (S&P 500),11,2026-06-17,-49.6,-79.3,69.4,Sell,51.00437977946471
AVNT,Materials (S&P 400),11,2026-06-17,-11.5,-16.4,7.9,Sell,13.251625168121745
ECHO,Communication Services (S&P 500),11,2026-06-17,-57.6,-47.0,-100.0,Sell,-15.944492430779805
TNL,Consumer Discretionary (S&P 400),11,2026-06-17,42.5,54.0,-3.7,Buy,-12.82760150747109
BNL,Real Estate (S&P 600),11,2026-06-17,37.8,60.9,-54.8,Buy,1.1055956443155024
PM,Consumer Staples (S&P 500),11,2026-06-17,23.6,39.7,-40.9,Buy,9.49370518231624
PBF,Energy (S&P 400),11,2026-06-17,55.6,94.5,-100.0,Buy,87.08319740906894
ROL,Industrials (S&P 500),11,2026-06-17,46.9,44.8,55.4,Buy,-21.378125713219855
BCPC,Materials (S&P 600),11,2026-06-17,22.3,15.3,50.5,Buy,1.4904470589283685
RRC,Energy (S&P 400),11,2026-06-17,-30.6,-47.9,38.5,Sell,11.778088236337169
EIX,Utilities (S&P 500),11,2026-06-17,46.5,36.2,87.8,Buy,-19.892357149654693
GOOG,Communication Services (S&P 500),11,2026-06-17,-23.4,-15.3,-55.5,Sell,-4.464396026344296
ANDE,Consumer Staples (S&P 600),11,2026-06-17,-0.6,20.8,-86.4,Hold,4.537163705227225
PNR,Industrials (S&P 500),11,2026-06-17,12.0,1.0,56.0,Buy,-23.11561540397159
ACLS,Information Technology (S&P 600),11,2026-06-17,-76.0,-70.0,-100.0,Sell,-39.9772018293849
AVY,Materials (S&P 500),11,2026-06-17,17.4,5.4,65.4,Buy,7.748859088330702
OVV,Energy (S&P 400),11,2026-06-17,9.2,28.0,-65.9,Buy,21.917552445860615
FOX,Communication Services (S&P 500),11,2026-06-17,64.7,65.0,63.5,Buy,31.482661580887907
ANIP,Health Care (S&P 600),11,2026-06-17,68.1,62.0,92.6,Buy,-12.56830047081098
HWM,Industrials (S&P 500),11,2026-06-17,-44.0,-30.0,-100.0,Sell,-19.768453179445984
WMG,Communication Services (S&P 400),11,2026-06-17,-28.1,-30.8,-17.3,Sell,3.30136764063463
AMT,Real Estate (S&P 500),11,2026-06-17,10.2,3.4,37.4,Buy,-2.2916748469865893
DAR,Consumer Staples (S&P 400),11,2026-06-17,-17.3,-3.5,-72.6,Sell,20.691572901991005
NVR,Consumer Discretionary (S&P 500),11,2026-06-17,45.7,51.0,24.5,Buy,0.3763598346705568
MTDR,Energy (S&P 400),11,2026-06-17,68.9,77.8,32.9,Buy,22.323892887757665
OPCH,Health Care (S&P 400),11,2026-06-17,81.9,82.9,77.8,Buy,10.502076383209989
FDX,Industrials (S&P 500),11,2026-06-17,3.9,17.1,-48.7,Hold,-3.361128398633621
SOLS,Materials (S&P 400),11,2026-06-17,-70.1,-70.1,,Sell,-32.04489124889117
NXPI,Information Technology (S&P 500),11,2026-06-17,-69.7,-68.8,-73.2,Sell,-24.550433624305633
UGI,Utilities (S&P 400),11,2026-06-17,57.2,57.7,54.9,Buy,12.195129146568684
CAKE,Consumer Discretionary (S&P 600),11,2026-06-17,-17.8,-27.0,19.0,Sell,39.63787942482919
CHTR,Communication Services (S&P 500),11,2026-06-17,87.8,91.3,73.9,Buy,8.598489472360322
AVTR,Health Care (S&P 400),11,2026-06-17,40.9,28.6,90.1,Buy,60.25369752938874
ALGM,Information Technology (S&P 400),11,2026-06-17,-81.8,-80.1,-88.8,Sell,-37.29159177255019
ALGT,Industrials (S&P 600),11,2026-06-17,25.7,8.9,92.6,Buy,-18.135362916193458
STLD,Materials (S&P 500),11,2026-06-17,-76.8,-71.0,-100.0,Sell,-12.981931905806315
T,Communication Services (S&P 500),11,2026-06-17,65.5,75.9,23.8,Buy,19.71908872100636
DECK,Consumer Discretionary (S&P 500),11,2026-06-17,58.4,50.9,88.3,Buy,-23.81763149303179
CVX,Energy (S&P 500),11,2026-06-17,1.9,21.0,-74.8,Hold,20.521251437524334
POST,Consumer Staples (S&P 400),11,2026-06-17,83.5,96.4,31.9,Buy,-10.780121893643873
PSN,Industrials (S&P 400),11,2026-06-17,44.4,34.7,82.8,Buy,-14.374317971510711
ENSG,Health Care (S&P 400),11,2026-06-17,40.6,40.2,42.3,Buy,12.29588831663407
GEF,Materials (S&P 400),11,2026-06-17,-3.2,10.4,-57.6,Hold,16.781109401258444
NWSA,Communication Services (S&P 500),11,2026-06-17,-22.6,-38.2,39.5,Sell,18.02474106695354
CHH,Consumer Discretionary (S&P 400),11,2026-06-17,56.6,57.7,52.6,Buy,-14.937338533123318
CLX,Consumer Staples (S&P 500),11,2026-06-17,60.5,52.1,94.2,Buy,-4.861181999465547
APAM,Financials (S&P 600),11,2026-06-17,77.9,83.2,56.6,Buy,5.682508968644344
PR,Energy (S&P 400),11,2026-06-17,70.3,91.8,-15.5,Buy,28.017246296162128
EMR,Industrials (S&P 500),11,2026-06-17,-38.4,-37.2,-42.8,Sell,-0.13225632099105414
ACIW,Information Technology (S&P 600),11,2026-06-17,22.9,14.5,56.4,Buy,17.943553417897014
SPG,Real Estate (S&P 500),11,2026-06-17,76.2,81.2,56.2,Buy,-1.281816020550681
CEG,Utilities (S&P 500),11,2026-06-17,-54.8,-73.0,17.9,Sell,-0.8209408558788908
WBD,Communication Services (S&P 500),11,2026-06-17,73.6,66.9,100.0,Buy,7.088417022010905
OXY,Energy (S&P 500),11,2026-06-17,3.0,7.9,-16.4,Hold,17.0126052265912
JNJ,Health Care (S&P 500),11,2026-06-17,49.5,50.0,47.2,Buy,14.275608819497936
TEX,Industrials (S&P 400),11,2026-06-17,-51.5,-55.6,-35.2,Sell,-8.334747606977485
AMAT,Information Technology (S&P 500),11,2026-06-17,-80.9,-76.1,-100.0,Sell,-28.377583361294246
TLN,Utilities (S&P 400),11,2026-06-17,10.7,38.4,-100.0,Buy,-30.084675649547606
VZ,Communication Services (S&P 500),11,2026-06-17,21.5,23.3,14.3,Buy,13.796567406655713
EXP,Materials (S&P 400),11,2026-06-17,34.2,33.9,35.3,Buy,-14.22011742026239
ELF,Consumer Staples (S&P 400),11,2026-06-17,8.0,-13.5,94.4,Buy,55.362883803387994
AJG,Financials (S&P 500),11,2026-06-17,2.8,-13.3,67.3,Hold,17.53287344739643
CHRD,Energy (S&P 400),11,2026-06-17,51.7,80.7,-64.1,Buy,20.15563660753224
EXLS,Industrials (S&P 400),11,2026-06-17,77.9,75.1,88.8,Buy,30.832734976309446
RPM,Materials (S&P 400),11,2026-06-17,15.5,14.1,21.1,Buy,-5.303813427406247
HST,Real Estate (S&P 500),11,2026-06-17,43.6,59.4,-19.3,Buy,-5.655897084101011
AEIS,Information Technology (S&P 400),11,2026-06-17,-78.9,-73.6,-100.0,Sell,-27.9862365349095
NYT,Communication Services (S&P 400),11,2026-06-17,6.0,13.2,-23.1,Hold,-5.237526893347142
HRL,Consumer Staples (S&P 500),11,2026-06-17,9.3,8.8,11.6,Buy,-12.818288595728847
GAP,Consumer Discretionary (S&P 400),11,2026-06-17,42.0,29.9,90.3,Buy,0.8297784772220007
HAL,Energy (S&P 500),11,2026-06-17,18.1,31.4,-34.8,Buy,-2.9189082723274926
CPAY,Financials (S&P 500),11,2026-06-17,56.3,65.6,19.1,Buy,16.763369438561355
ILMN,Health Care (S&P 400),11,2026-06-17,-19.0,-31.9,32.9,Sell,30.87561223626579
AXTA,Materials (S&P 400),11,2026-06-17,53.3,50.2,65.5,Buy,-0.970593620749081
BLDR,Industrials (S&P 500),11,2026-06-17,-38.8,-38.3,-40.6,Sell,-20.882581873704762
MAA,Real Estate (S&P 500),11,2026-06-17,53.2,61.8,19.2,Buy,-4.549503661730438
CHD,Consumer Staples (S&P 500),11,2026-06-17,27.0,16.8,67.7,Buy,-2.6091862846711713
CMCSA,Communication Services (S&P 500),11,2026-06-17,87.5,87.9,85.7,Buy,11.145842244517555
VTRS,Health Care (S&P 500),11,2026-06-17,63.0,80.2,-5.7,Buy,6.706608069870498
BR,Industrials (S&P 500),11,2026-06-17,19.3,3.5,82.3,Buy,25.6636145479135
CCL,Consumer Discretionary (S&P 500),11,2026-06-17,76.5,82.5,52.8,Buy,-24.178680800738423
TYL,Information Technology (S&P 500),11,2026-06-17,41.7,29.3,91.2,Buy,24.966118391150484
COST,Consumer Staples (S&P 500),11,2026-06-17,-30.1,-32.5,-20.5,Sell,-4.6830494544072305
EXE,Energy (S&P 500),11,2026-06-17,88.5,87.6,92.2,Buy,7.433285988401151
EFX,Industrials (S&P 500),11,2026-06-17,45.0,35.2,84.2,Buy,11.591231973972054
SHW,Materials (S&P 500),11,2026-06-17,7.6,-1.6,44.5,Buy,3.648836725547004
HSY,Consumer Staples (S&P 500),11,2026-06-17,-45.8,-47.9,-37.4,Sell,-0.15082260295092279
LNT,Utilities (S&P 500),11,2026-06-17,5.5,8.3,-5.6,Hold,-7.403350495057867
APA,Energy (S&P 500),11,2026-06-17,58.9,65.1,34.0,Buy,33.648491839289996
MCD,Consumer Discretionary (S&P 500),11,2026-06-17,42.2,40.2,50.4,Buy,-8.63216676109439
ELAN,Health Care (S&P 400),11,2026-06-17,-17.6,3.0,-100.0,Sell,-1.0260785693922645
IDCC,Information Technology (S&P 400),11,2026-06-17,60.9,91.6,-61.7,Buy,19.274869935783297
PH,Industrials (S&P 500),11,2026-06-17,-31.4,-24.0,-60.7,Sell,-1.614139731904456
NUE,Materials (S&P 500),11,2026-06-17,-65.7,-57.2,-100.0,Sell,1.0512093585518616
MTN,Consumer Discretionary (S&P 400),11,2026-06-17,88.6,91.8,75.7,Buy,9.833288535897953
LYV,Communication Services (S&P 500),11,2026-06-17,-16.2,-11.9,-33.1,Sell,-0.01748995950887553
VAL,Energy (S&P 400),11,2026-06-17,85.1,84.0,89.4,Buy,-2.143294814308536
DG,Consumer Staples (S&P 500),11,2026-06-17,42.6,37.9,61.4,Buy,19.448705986521023
RTX,Industrials (S&P 500),11,2026-06-17,26.3,41.3,-33.4,Buy,1.770129663128665
MRVL,Information Technology (S&P 500),11,2026-06-17,-53.0,-77.3,44.2,Sell,-24.406305457482823
TKO,Communication Services (S&P 500),11,2026-06-17,86.5,89.1,76.0,Buy,-0.4163869653403582
EQT,Energy (S&P 500),11,2026-06-17,17.0,20.5,3.4,Buy,4.394479876642713
HCA,Health Care (S&P 500),11,2026-06-17,72.3,83.3,28.2,Buy,9.61716462800766
MMS,Industrials (S&P 400),11,2026-06-17,72.4,68.1,89.6,Buy,0.5413170587961599
VIAV,Information Technology (S&P 400),11,2026-06-17,-76.6,-70.8,-100.0,Sell,-30.597168043248164
RS,Materials (S&P 400),11,2026-06-17,-44.6,-30.7,-100.0,Sell,-4.63907175847082
CDP,Real Estate (S&P 400),11,2026-06-17,57.9,53.9,74.0,Buy,5.947862326208429
WEC,Utilities (S&P 500),11,2026-06-17,-50.0,-62.2,-1.4,Sell,-5.734170322287522
TMUS,Communication Services (S&P 500),11,2026-06-17,35.0,28.0,62.9,Buy,1.459157398329308
VFC,Consumer Discretionary (S&P 400),11,2026-06-17,-33.2,-64.1,90.2,Sell,-21.187094797431637
MTD,Health Care (S&P 500),11,2026-06-17,1.7,-14.3,65.7,Hold,13.830528330474834
TRU,Industrials (S&P 400),11,2026-06-17,-30.8,-61.7,92.8,Sell,22.51416410608845
AM,Energy (S&P 400),11,2026-06-17,-8.8,1.3,-49.0,Sell,2.131809068390093
AAPL,Information Technology (S&P 500),11,2026-06-17,-32.0,-29.0,-43.9,Sell,12.643099375364642
WLK,Materials (S&P 400),11,2026-06-17,34.9,34.5,36.4,Buy,-16.8137280391546
PPC,Consumer Staples (S&P 400),11,2026-06-17,82.7,83.7,78.6,Buy,6.701938599521716
DIS,Communication Services (S&P 500),11,2026-06-17,52.4,45.1,81.4,Buy,8.489057612793882
MO,Consumer Staples (S&P 500),11,2026-06-17,24.2,46.8,-66.6,Buy,2.4075471146945353
BKNG,Consumer Discretionary (S&P 500),11,2026-06-17,64.5,66.7,55.7,Buy,2.4141942964188527
UHS,Health Care (S&P 500),11,2026-06-17,91.9,92.8,88.2,Buy,22.790365690845807
TPL,Energy (S&P 500),11,2026-06-17,-17.8,-23.3,4.1,Sell,3.209317457825022
AZZ,Industrials (S&P 600),11,2026-06-17,47.6,46.8,50.7,Buy,-12.524014685268488
BHE,Information Technology (S&P 600),11,2026-06-17,-75.0,-68.7,-100.0,Sell,-20.50598407459011
LIN,Materials (S&P 500),11,2026-06-17,-20.1,-23.7,-5.7,Sell,-9.675402638004241
WMB,Energy (S&P 500),11,2026-06-17,-2.5,9.8,-51.6,Hold,1.7157754943051062
ROKU,Communication Services (S&P 400),11,2026-06-17,-77.6,-79.0,-71.9,Sell,14.684248414298429
BJRI,Consumer Discretionary (S&P 600),11,2026-06-17,3.1,-14.2,72.2,Hold,18.587781641493308
MZTI,Consumer Staples (S&P 400),11,2026-06-17,47.2,36.2,91.3,Buy,-1.6223840896684179
PEN,Health Care (S&P 400),11,2026-06-17,-47.4,-83.0,94.9,Sell,1.1702877171672283
RRX,Industrials (S&P 400),11,2026-06-17,-36.5,-42.6,-12.2,Sell,-30.428262561070028
SWKS,Information Technology (S&P 500),11,2026-06-17,-24.6,-31.7,3.5,Sell,14.240422706741699
AZO,Consumer Discretionary (S&P 500),11,2026-06-17,30.8,32.5,24.4,Buy,-3.0758577633822
VTR,Real Estate (S&P 500),11,2026-06-17,23.9,36.3,-25.9,Buy,9.095397279648084
CBT,Materials (S&P 400),11,2026-06-17,39.0,33.7,60.2,Buy,-8.180685335556696
CNX,Energy (S&P 400),11,2026-06-17,29.5,13.9,91.8,Buy,7.856266761174513
GIS,Consumer Staples (S&P 500),11,2026-06-17,75.5,73.9,82.0,Buy,11.214899672801964
SPGI,Financials (S&P 500),11,2026-06-17,64.6,61.1,78.5,Buy,6.069110371675634
NSC,Industrials (S&P 500),11,2026-06-17,-3.6,-7.4,11.9,Hold,6.9166656641804325
CDE,Materials (S&P 400),11,2026-06-17,-17.9,-44.7,89.0,Sell,13.405581186949645
LAMR,Real Estate (S&P 400),11,2026-06-17,29.8,41.6,-17.4,Buy,0.4560648208888413
TEL,Information Technology (S&P 500),11,2026-06-17,-58.5,-59.3,-55.5,Sell,-3.7869507846477592
MKC,Consumer Staples (S&P 500),11,2026-06-17,57.4,50.6,84.3,Buy,9.371084445285668
NFLX,Communication Services (S&P 500),11,2026-06-17,55.5,52.9,66.2,Buy,4.3659052109181635
STE,Health Care (S&P 500),11,2026-06-17,39.4,37.8,45.5,Buy,7.47839654925071
DOW,Materials (S&P 500),11,2026-06-17,-9.6,13.0,-100.0,Sell,-10.04498960750753
FOXA,Communication Services (S&P 500),11,2026-06-17,60.6,60.7,60.2,Buy,34.12463962556522
LOW,Consumer Discretionary (S&P 500),11,2026-06-17,21.2,19.5,27.9,Buy,-8.227220089279278
PSA,Real Estate (S&P 500),11,2026-06-17,30.5,49.0,-43.5,Buy,-5.496190867552357
NRG,Utilities (S&P 500),11,2026-06-17,-40.5,-37.1,-54.1,Sell,-17.615203224887157
ESAB,Industrials (S&P 400),11,2026-06-17,-20.3,-27.9,9.9,Sell,-31.84132781080036
WST,Health Care (S&P 500),11,2026-06-17,-32.1,-44.3,16.6,Sell,9.8402440434201
BOX,Information Technology (S&P 600),11,2026-06-17,30.7,17.4,84.1,Buy,39.77546056082626
SLGN,Materials (S&P 400),11,2026-06-17,64.7,65.9,59.8,Buy,-6.333255833694505
BKR,Energy (S&P 500),11,2026-06-17,15.4,8.3,43.7,Buy,-5.129211858905882
