ticker,category,as_of_date,growth_rate,wacc,beta,revenue_growth,fcf_yield,dcf_over_price,mc_mean_over_price,mc_std_over_price,mc_prob_undervalued,net_cash_per_share_over_price,relative_vs_history_pct,momentum_6m,momentum_12m,annualized_volatility,realized_return_pct,realized_label
ADBE,Information Technology (S&P 500),2025-08-26,0.1051961788122739,0.082656497220503,0.954028115850124,0.1079911381317945,0.0392999813586116,1.4319251615820434,1.3525935352402818,0.434104946620125,0.7815942968243681,0.0099479085076995,-33.1,-19.61,-36.43,34.24,-23.3,OVERVALUED
ABT,Health Care (S&P 500),2025-08-26,-0.0197001529778239,0.07,0.2489008305070917,0.0458999227106135,0.0313309092208844,0.7052236340946002,0.5247373091581903,0.1097820073872627,0.0,-0.0332471179584707,28.23,-2.33,19.02,21.75,-11.26,OVERVALUED
AOS,Industrials (S&P 500),2025-08-26,0.0085148554670646,0.07,0.6010665211607696,-0.0090064368770764,0.0621384738327596,1.7622570598198526,1.3039217307681013,0.2668527503407663,0.8563049853372434,0.0022411351445633,-34.68,10.49,-10.59,25.18,-11.82,OVERVALUED
ABBV,Health Care (S&P 500),2025-08-26,-0.0149251744702962,0.07,0.4239268552838584,0.0371147685849994,0.0352797670795601,0.7254984546217703,0.5013460267033512,0.1299189442844407,0.0,-0.1727299681717448,127.26,4.48,9.24,27.75,29.56,UNDERVALUED
ACN,Information Technology (S&P 500),2025-08-26,0.026455763157575,0.0760818792407241,0.7912984887395309,0.0122398633822866,0.0556975320248962,1.4802337758555817,1.2490071002818424,0.2759791492643944,0.8042977743668457,0.0056486108487064,-14.43,-28.01,-21.95,28.02,-27.54,OVERVALUED
AMD,Information Technology (S&P 500),2025-08-26,0.0452456418280435,0.131394760514585,2.0138273069789605,0.1369047619047619,0.0004209360757703,0.010726188679938,0.0108584545392909,0.0009581096520372,0.0,0.0058277725142404,-19.62,59.08,7.51,52.47,181.75,UNDERVALUED
A,Health Care (S&P 500),2025-08-26,-0.02499101370065,0.0821787906073165,1.015326546449738,-0.0472705985657836,0.0375487675083733,0.5883501515774784,0.5469494807133612,0.1360270453189501,0.0,-0.0615779853054655,-4.61,-11.65,-15.38,30.52,33.18,UNDERVALUED
MMM,Industrials (S&P 500),2025-08-26,-0.0307861917312005,0.0855502836371025,1.0832281832412327,-0.00142218610321,0.0619109964890306,0.8751043725538418,0.840047899467139,0.224223713868187,0.247191011235955,-0.0893669618242947,28.99,7.21,22.98,28.95,15.34,UNDERVALUED
APD,Materials (S&P 500),2025-08-26,-0.0238298331724485,0.07,0.8148928483777031,-0.0396349206349206,0.0170015647308744,0.2225115792202822,0.1167518178881579,0.0623254820012886,0.0,-0.1888748356802491,-16.51,-5.16,9.21,25.41,4.89,FAIRLY VALUED
AKAM,Information Technology (S&P 500),2025-08-26,0.0505011283845864,0.07,1.17436380813133,0.0470230225188356,0.0745989149624824,2.3656812175955477,1.6510382031045268,0.4405551626610831,0.93186372745491,-0.3566596655510702,-17.92,-3.32,-24.44,40.85,43.09,UNDERVALUED
ALLE,Industrials (S&P 500),2025-08-26,0.0737355802120043,0.07,0.6582093956190302,0.0332529856469814,0.0419674620987112,1.6981303805003525,1.249075499763895,0.322028865377779,0.761569416498994,-0.101894052665985,15.61,33.57,27.05,24.78,-4.97,FAIRLY VALUED
LNT,Utilities (S&P 500),2025-08-26,-0.026999443353579,0.07,0.2236353739974716,-0.0114228954556741,0.0749122963326437,1.2273146257359235,0.7618556872982678,0.2722432391485212,0.2263779527559055,-0.6311739460314743,22.54,4.37,17.01,19.23,8.99,UNDERVALUED
ABNB,Consumer Discretionary (S&P 500),2025-08-26,0.1497060609868252,0.0998686764260162,1.3334177630293087,0.1194917817888474,0.0254620247080407,0.8923743025631771,0.954091575106946,0.3453044414201839,0.3641499743194658,0.0607950646338724,-26.8,-11.9,8.59,39.63,45.8,UNDERVALUED
GOOGL,Communication Services (S&P 500),2025-08-26,0.1124432012334504,0.0885624496233792,1.0491266287733363,0.1386624332290155,0.0332116229785466,1.095361096985966,1.109828836415178,0.3644678647850107,0.5585227272727272,0.0003536607351255,20.42,20.2,25.68,31.07,64.93,UNDERVALUED
GOOG,Communication Services (S&P 500),2025-08-26,0.1124432012334504,0.0885643854097581,1.0491089668489952,0.1386624332290155,0.0330823510348927,1.0910517870582066,1.0971247002133355,0.3657832379708516,0.5449856733524355,0.0003522841564906,19.99,19.31,24.8,30.75,63.1,UNDERVALUED
MO,Consumer Staples (S&P 500),2025-08-26,-0.0059146298609376,0.07,-0.0172068709009389,-0.0028289922934347,0.1291526963357145,3.253975393402886,2.383315111771517,0.5247953191770484,1.0,-0.2071999724629425,3.2,25.47,36.42,19.51,7.57,UNDERVALUED
AMCR,Materials (S&P 500),2025-08-26,-0.0717299578059071,0.07,0.5260491371816467,-0.0717299578059071,0.1064585800736669,1.3948193316050697,0.958079215797848,0.3234889453654526,0.4212637913741223,-0.5565288785674928,10.7,-15.07,-19.96,25.71,16.55,UNDERVALUED
AMT,Real Estate (S&P 500),2025-08-26,0.0246712995438997,0.07,-0.0120282911753999,0.0114859870957431,0.0476781658983406,1.0491643171253169,0.657565155013586,0.2332605891128501,0.0808383233532934,-0.4494194847607771,-11.88,5.02,-5.63,26.5,-12.02,OVERVALUED
AME,Industrials (S&P 500),2025-08-26,0.0623322913881143,0.0762853843394664,0.8088122300188914,0.0521801741713973,0.0401422215985557,1.2396810949450658,1.0608229188950933,0.2576501612618534,0.5587786259541985,-0.0411125249440181,8.72,-0.39,12.33,22.91,28.81,UNDERVALUED
AON,Financials (S&P 500),2025-08-26,0.1215852003515238,0.07,0.3970635351659334,0.1735944976076555,0.0414843606836207,2.178685759562794,1.571778473272681,0.5514582964362125,0.8562691131498471,-0.2119059300492612,17.49,-7.18,10.42,21.4,-4.16,FAIRLY VALUED
AMGN,Health Care (S&P 500),2025-08-26,0.1268380915822859,0.07,0.4427770234452241,0.1856686768357573,0.0726692143619024,4.007356651203588,2.905804093807273,0.9847836202459636,0.9969879518072288,-0.3162202303022206,14.6,-3.87,-8.98,26.68,53.04,UNDERVALUED
ADI,Information Technology (S&P 500),2025-08-26,-0.1141760754437537,0.1104961882466187,1.6321038707272777,-0.2339094614222099,0.0111191819789261,0.0357201016824953,0.0491674041521387,0.0223078352054687,0.0,-0.0451998618748354,167.81,10.35,13.85,40.06,46.78,UNDERVALUED
APH,Information Technology (S&P 500),2025-08-26,0.098157300817955,0.099357636008783,1.363941748328223,0.212510055994966,0.0134577097498497,0.2899191930521475,0.3072111706466495,0.1029567036517947,0.0,-0.0270381647261995,97.36,66.66,64.68,35.37,40.27,UNDERVALUED
AAPL,Information Technology (S&P 500),2025-08-26,-0.0041842118085896,0.0971634507756332,1.2777094933895656,0.0202199407751412,0.0280296479649947,0.3828924229477455,0.3996819757503997,0.1083083986824115,0.0,-0.0222041921811776,34.75,-4.36,1.56,32.1,36.26,UNDERVALUED
APA,Energy (S&P 500),2025-08-26,-0.0623500872305918,0.083750948771518,1.554121775037974,0.1761082256311148,0.0904743731548301,0.5206617681640738,0.4559968431344122,0.2818539816926558,0.0377595972309628,-0.7089458267196922,13.33,3.54,-18.29,53.01,107.68,UNDERVALUED
APP,Information Technology (S&P 500),2025-08-26,0.0698023034772918,0.1463150654766091,2.3682893216544265,0.7505291128821205,0.0163909588288606,0.1660198713955311,0.1699728238970007,0.0361616516108704,0.0,-0.0179055582566556,451.51,41.79,420.32,93.03,-34.21,OVERVALUED
APO,Financials (S&P 500),2025-08-26,0.5430250584955352,0.1102311181973894,1.7746160059452265,-0.2000367602009557,0.1342941429662446,27.340245856824417,8.810745524699382,2.62167884249238,1.0,0.0745746112591779,21.11,-8.31,22.09,42.39,-1.69,FAIRLY VALUED
AMAT,Information Technology (S&P 500),2025-08-26,0.0266187669673432,0.1121025890631984,1.6490303559340005,0.0248519817475581,0.0349054011822932,0.477248781395289,0.4956070649615832,0.1136891359713715,0.0025100401606425,0.0105806684380761,39.19,-1.82,-17.98,45.73,203.3,UNDERVALUED
APTV,Consumer Discretionary (S&P 500),2025-08-26,0.0616805767169805,0.0768204736961978,1.2214984960829112,-0.0168570146127375,0.117645842187722,3.3469235910376707,2.7978614960750936,0.7929319455518664,0.9992581602373888,-0.3896210245801669,-46.24,20.63,10.5,39.95,-41.12,OVERVALUED
ADM,Consumer Staples (S&P 500),2025-08-26,-0.0822879324267156,0.07,0.3901439862216861,-0.0894767658487251,0.1227277947475207,1.914303345636465,1.4009569815614809,0.3758231273937595,0.8395560040363269,-0.3745263454203836,32.76,36.25,7.99,28.19,33.85,UNDERVALUED
ADSK,Information Technology (S&P 500),2025-08-26,0.1067858984352054,0.0848296820262297,1.0092675149937955,0.1153356376205202,0.0283898221099437,0.968653791893869,0.9448784812017816,0.3071360283554594,0.3775883069427527,-0.0158823902090082,-5.26,-1.13,10.65,27.9,-11.13,OVERVALUED
T,Communication Services (S&P 500),2025-08-26,0.0065833767424103,0.07,0.108946141775975,-0.000751462083837,0.0590202634031892,1.0310207114178889,0.5806054047633895,0.2695619904241503,0.051207729468599,-0.7031921279028732,-18.34,9.72,51.55,22.53,-7.79,OVERVALUED
ADP,Industrials (S&P 500),2025-08-26,0.0660885399895625,0.070228969303926,0.6208047019085585,0.0660885399895626,0.0213687755004492,0.8635602995206542,0.6322095376335873,0.1531015504458322,0.0091001011122345,-0.0033737363580401,26.64,-1.54,14.89,19.13,-5.43,OVERVALUED
AVY,Materials (S&P 500),2025-08-26,-0.0158120661312524,0.07,0.6152428420381533,0.0467941130758102,0.0438758321881173,0.851973978900512,0.5898062441824673,0.1608685413734263,0.0,-0.2088521759540093,-18.68,-5.8,-19.45,22.8,7.85,UNDERVALUED
AZO,Consumer Discretionary (S&P 500),2025-08-26,0.0666332630352608,0.07,0.2471248209372077,0.059176641581137,0.033983449431665,1.1932869856985375,0.844925684530011,0.2338103996099803,0.2603960396039604,-0.1705751295856037,39.25,23.2,33.74,21.63,-29.14,OVERVALUED
AVB,Real Estate (S&P 500),2025-08-26,0.0599565431225621,0.07,0.6513692321933138,0.0526924837485625,0.085202060389914,2.945658556199175,2.0809436957901397,0.5313928069284382,0.9897854954034728,-0.3099241242913235,10.08,-11.87,-10.57,22.46,-0.33,FAIRLY VALUED
AXON,Industrials (S&P 500),2025-08-26,0.3244747952471833,0.0928271282804363,1.1529936837939132,0.3343546705674829,0.0096190662300428,0.7613709183211962,0.6170740859069876,0.2140809756759128,0.060377358490566,-0.0045285107144904,27.81,34.35,107.45,57.51,-20.12,OVERVALUED
BKR,Energy (S&P 500),2025-08-26,0.1469170823223538,0.0856455904622203,1.1553571243973653,0.0910766094252332,0.0557178545714992,2.1502475153132954,2.1322939036160355,0.752921244492569,0.9742173112338858,-0.0613985071057341,-44.11,3.35,29.01,36.33,43.45,UNDERVALUED
BBY,Consumer Discretionary (S&P 500),2025-08-26,-0.0529140527713046,0.0791075861320395,1.2556333936290274,-0.0442787443615944,0.0586970959058633,0.700299289729189,0.6131869924852942,0.1810282125372816,0.0253521126760563,-0.1677849984400452,7.28,-16.33,-12.44,43.51,22.86,UNDERVALUED
BDX,Health Care (S&P 500),2025-08-26,0.0340775479618191,0.07,0.5051210255605484,0.0416064422878381,0.0678617930729496,1.8578744090292445,1.2649008063968612,0.3525545367860763,0.727,-0.4272266890514714,-14.64,-13.82,-16.29,29.8,25.99,UNDERVALUED
BLK,Financials (S&P 500),2025-08-26,0.0685401728743149,0.0868585554401579,1.110256943573418,0.1426731619911529,0.0209994365156582,0.5242370473224466,0.5142761763169248,0.1384198879767237,0.0,-0.0084400404591528,29.06,20.79,31.92,26.64,2.1,FAIRLY VALUED
BAX,Health Care (S&P 500),2025-08-26,0.028383119517769,0.07,0.8315942628813126,0.0266409266409266,0.0345537706081497,0.1898607729704111,-0.1059814949221013,0.1689940724532042,0.0,-0.9414746936555436,88.71,-29.79,-33.21,39.53,8.72,UNDERVALUED
BIIB,Health Care (S&P 500),2025-08-26,-0.024757485878416,0.07,0.6069338156360173,-0.0162369352149335,0.2060047127410624,4.95571503763543,3.665035107786676,0.7807372227935937,1.0,-0.2135900091095347,-43.17,-2.68,-33.31,29.11,56.78,UNDERVALUED
TECH,Health Care (S&P 500),2025-08-26,0.0238919783083546,0.0942961587484208,1.231822473093076,0.0196691833039794,0.025662594403994,0.4261593698462035,0.4392323657457654,0.1212145494333615,0.0,-0.0299346503888076,-3.33,-11.2,-21.02,42.24,27.86,UNDERVALUED
BKNG,Consumer Discretionary (S&P 500),2025-08-26,0.1785830172767737,0.0824767093519375,0.9761631747994698,0.1111163117247835,0.0453658126774477,2.2749810519976394,2.199124186324427,0.8400239806112865,0.9747634069400632,-0.0049193190478796,20.9,13.76,50.11,26.98,-7.27,OVERVALUED
BSX,Health Care (S&P 500),2025-08-26,0.1491444813220166,0.0727183820230861,0.748550144811542,0.1760533707865168,0.0147640473975656,0.720807590177519,0.5601853393368235,0.190016640634637,0.0225108225108225,-0.0658600745499407,50.51,4.76,34.38,22.57,-53.6,OVERVALUED
BF-B,Consumer Staples (S&P 500),2025-08-26,-0.0303810890123179,0.07,0.5487966745380431,-0.0485878410722833,0.0487507364377028,0.9680259625030057,0.6764491655725836,0.1627517860973391,0.017910447761194,-0.168078220768936,-41.67,-8.12,-32.53,38.06,-1.58,FAIRLY VALUED
BRO,Financials (S&P 500),2025-08-26,0.149137249743583,0.07,0.4166881265770638,0.1205048821147892,0.0379681693896777,2.242062608961893,1.668843945241722,0.5787601855588252,0.8970873786407767,-0.1244339843453225,13.16,-16.08,-5.29,23.38,-24.23,OVERVALUED
BG,Consumer Staples (S&P 500),2025-08-26,-0.1112247382107294,0.07,0.4503612870784,-0.1080282163251595,0.0435903274316133,0.3545125812552893,0.2501015232961467,0.1214708877712204,0.0,-0.3432783913808399,15.2,17.96,-10.87,29.41,40.77,UNDERVALUED
BLDR,Industrials (S&P 500),2025-08-26,-0.1505008606433963,0.0801388635568516,1.08279118487365,-0.0407571240655704,0.097581599143482,0.4931416584186239,0.7170858764384995,0.217442378621406,0.1041379310344827,-0.2579089341110072,61.76,0.42,-21.7,43.99,-50.71,OVERVALUED
AVGO,Information Technology (S&P 500),2025-08-26,0.2463119100387665,0.1253523135495717,1.9539527893799389,0.4398503587481504,0.008973471931567,0.2170672199975043,0.2234622909516445,0.0883173635312264,0.0,-0.0419947213862949,462.05,40.7,81.18,57.66,23.05,UNDERVALUED
CHRW,Industrials (S&P 500),2025-08-26,-0.1528237361724045,0.0709735393962751,0.7210083742536831,0.0073033510238404,0.0201705652667648,0.0815798496627039,0.1097537923992889,0.0422751479901358,0.0,-0.1076203815602446,57.14,30.92,27.8,31.92,15.13,UNDERVALUED
CAH,Health Care (S&P 500),2025-08-26,0.1184519571491125,0.07,0.4116607309882139,0.1065865283760775,0.0782729845480992,4.152695118928933,3.117847250789743,0.902304330131842,1.0,0.0011511311052722,-86.49,16.75,36.89,23.02,56.51,UNDERVALUED
CPT,Real Estate (S&P 500),2025-08-26,0.0416845262168443,0.07,0.5742170690470302,0.0011770221922184,0.0376560088511862,1.0067388669136113,0.6572089645187328,0.2001650253321402,0.0357142857142857,-0.3094913589028122,50.06,-8.2,-7.76,21.91,2.85,FAIRLY VALUED
CDNS,Information Technology (S&P 500),2025-08-26,0.1415327365380685,0.1028885281864003,1.4019593206264571,0.1347872584404934,0.0002388553989483,0.0071916741029787,0.0077299890039982,0.0024853160356342,0.0,0.0006257525557342,30.18,35.48,25.6,40.79,-8.85,OVERVALUED
CAT,Industrials (S&P 500),2025-08-26,0.0443011513662201,0.0815040403273551,1.1761999710620483,-0.0335669549657023,0.0475697034338923,1.069663463429191,0.9789927170670316,0.2877460881078235,0.4317439581972567,-0.1543024165826904,23.09,26.96,25.74,30.18,90.77,UNDERVALUED
CCL,Consumer Discretionary (S&P 500),2025-08-26,0.4339198800380421,0.0964358531230016,1.837129212782894,0.1587551521326355,0.0692238389746263,7.65130815943142,3.9163780497164886,1.4194541278000927,0.9910242872228088,-0.6743417201956161,0.08,32.13,91.87,47.11,-19.12,OVERVALUED
CARR,Industrials (S&P 500),2025-08-26,0.1404696338152935,0.0802802952804073,1.1330577315988404,0.1865336921534483,0.0266081179029144,1.107151343988867,1.0107429331770108,0.3994716567100058,0.4545454545454545,-0.1534584872707232,8.07,1.2,-5.55,33.97,-8.13,OVERVALUED
CBOE,Financials (S&P 500),2025-08-26,0.0170331598082491,0.07,-0.1886870203245372,0.0850669140055651,0.0099813280515412,0.2776150896284298,0.2018746697983867,0.0453374115972426,0.0,-0.0268399974204294,44.73,18.93,17.18,22.54,21.71,UNDERVALUED
CDW,Information Technology (S&P 500),2025-08-26,-0.059678678313252,0.0793697007767061,1.1471820670815438,-0.0176506362275449,0.0477642426672982,0.4154275078531175,0.3571608133412953,0.1473776910570949,0.0,-0.256813534040877,-12.81,-8.54,-27.56,32.44,-17.14,OVERVALUED
COR,Health Care (S&P 500),2025-08-26,0.1099915963392554,0.07,0.028295416689763,0.1212372676495405,0.0550235610235347,2.7676469314499013,2.0769719200513106,0.5652300146231127,0.9873908826382152,-0.0223990948341913,78.12,16.02,22.87,21.23,9.45,UNDERVALUED
CNC,Health Care (S&P 500),2025-08-26,0.0621450413855584,0.07,0.1154945981446442,0.0589094734381392,0.217901517386987,8.037294492980534,5.89890179396892,1.332388755430315,1.0,-0.3775498012191138,-69.6,-49.63,-63.51,54.7,123.8,UNDERVALUED
CHTR,Communication Services (S&P 500),2025-08-26,0.0097906558098845,0.07,0.8118920397479155,0.0087534565165638,0.2254005191836511,3.919402183904311,2.265188558074418,0.9765597439391732,0.8924833491912464,-2.517749282165974,-14.38,-24.56,-23.53,41.68,-44.59,OVERVALUED
CF,Materials (S&P 500),2025-08-26,-0.2715335771901001,0.07,0.404417469617109,-0.1048107374453325,0.1535703529109968,0.7174309231252293,1.6987714091787098,0.3325975798002304,0.9909547738693468,-0.113187450780488,56.57,12.69,10.32,32.59,48.1,UNDERVALUED
CVX,Energy (S&P 500),2025-08-26,-0.0941662438163568,0.07,0.6866889301624453,-0.0177692686617948,0.1056703731539251,1.7851539431614427,1.3932474796235166,0.3126044247184504,0.8963474827245804,-0.0663135767212185,25.2,3.81,11.43,24.72,35.92,UNDERVALUED
CRL,Health Care (S&P 500),2025-08-26,0.0092539483652072,0.0850796737878063,1.3877619402070895,-0.0192327764094087,0.0179898340341122,0.0563595053540205,0.0410503127937035,0.0830151451349988,0.0,-0.3021141117535417,31.08,-2.53,-20.25,54.12,78.03,UNDERVALUED
CHD,Consumer Staples (S&P 500),2025-08-26,0.0658695197687713,0.07,0.0644670672698638,0.0407641575350636,0.0081460965989444,0.2649845693964108,0.1800729724003844,0.0508328418191062,0.0,-0.055320269766411,-3.16,-14.38,-8.5,20.78,6.81,UNDERVALUED
CI,Health Care (S&P 500),2025-08-26,0.1714714964581174,0.07,0.0986040375044095,0.2681569714424082,0.0294255855101619,1.5967890087218564,1.1273026923702862,0.4475647890369365,0.5698924731182796,-0.3035968830939939,13.13,-0.68,-13.64,29.7,-6.6,OVERVALUED
CTAS,Industrials (S&P 500),2025-08-26,0.0885737818220961,0.0734223997199318,0.7224296142181993,0.0885737818220963,0.022240577910079,0.9092920499470496,0.7206537960654741,0.2017049922777649,0.1017811704834605,-0.0272360413812639,56.84,4.65,8.87,25.12,-3.49,FAIRLY VALUED
CSCO,Information Technology (S&P 500),2025-08-26,0.0215495262811049,0.0776074104277353,0.9016433441096826,-0.0560545984069616,0.0761535943572764,1.816967641273312,1.5613905878540433,0.3743346852742074,0.9464931308749096,-0.0873996012243959,75.17,8.08,38.48,22.4,63.56,UNDERVALUED
CME,Financials (S&P 500),2025-08-26,0.1051160247047051,0.07,-0.0646222727287608,0.098800838875047,0.0425625780685965,2.0134769270669617,1.4961496512210974,0.3742541809265593,0.9138110072689511,-0.0056969789959476,32.28,10.57,37.09,18.18,3.61,FAIRLY VALUED
CLX,Consumer Staples (S&P 500),2025-08-26,-0.0400595479767221,0.07,0.2202684230031189,-0.0400595479767221,0.0151530230729403,0.1189228315613839,0.0409590533541517,0.0459807430634418,0.0,-0.1934258381538106,-35.83,-21.79,-20.45,20.9,-5.68,OVERVALUED
KO,Consumer Staples (S&P 500),2025-08-26,0.046107098431914,0.07,0.0861987895492743,0.0285658084539056,0.0426475895985694,1.4197881806552024,1.0279022051850433,0.2515498866651929,0.533135509396637,-0.1171829393995751,8.84,-1.51,1.36,17.24,35.4,UNDERVALUED
CTSH,Information Technology (S&P 500),2025-08-26,0.0078955339980233,0.0803383173204191,0.9061050241507004,0.0197902134036066,0.0716513251670476,1.5733375172012538,1.4350663631705411,0.3219977455704214,0.9110054347826086,0.0216435054118502,9.41,-14.11,-5.05,25.02,-13.09,OVERVALUED
CL,Consumer Staples (S&P 500),2025-08-26,0.0577208074996387,0.07,0.0765139158866901,0.0330986277432286,0.0595884003954677,2.1664716599387344,1.5807733089819984,0.3731541681179979,0.9433771486349848,-0.111180985393201,-16.63,-5.6,-17.45,20.68,9.27,UNDERVALUED
FIX,Industrials (S&P 500),2025-08-26,0.3028080207913994,0.1212435219353315,1.7946256432542873,0.3496831042721385,0.0168493730686589,0.8911111238250701,0.7948960017599672,0.2752146067112671,0.1830915457728864,0.0096135573810689,112.91,89.29,109.75,57.86,136.98,UNDERVALUED
CMCSA,Communication Services (S&P 500),2025-08-26,0.0094426002490886,0.07,0.671666919249028,0.0177590234593491,0.1453854236774198,3.444738016570509,2.3187665317213053,0.6434197251411131,0.9887755102040816,-0.8047520993532273,-8.49,-2.29,-12.5,28.15,-12.25,OVERVALUED
COP,Energy (S&P 500),2025-08-26,-0.1648701641728915,0.0760330089696586,0.9300451964945956,-0.0248659624873087,0.0891873666024543,0.7517265780814907,0.938409225270714,0.2274755603396462,0.3963133640552995,-0.1559250014606018,23.88,2.66,-10.07,33.58,43.37,UNDERVALUED
CEG,Utilities (S&P 500),2025-08-26,-0.018001636662575,0.1108945142180094,1.6770067919714235,-0.0541777028653985,0.0283558596950582,0.2440034830486225,0.2588220160735175,0.073074686499087,0.0,-0.0547276410885816,-4.14,17.71,63.34,66.31,-13.31,OVERVALUED
ED,Utilities (S&P 500),2025-08-26,-0.0132983787675764,0.07,-0.1010143419859802,0.0404419286639841,0.0364082437086914,0.1759900032862165,-0.0579163021244496,0.1454007607967678,0.0,-0.7921819199622385,15.03,1.44,2.58,19.82,12.22,UNDERVALUED
COIN,Financials (S&P 500),2025-08-26,0.4335195361946693,0.145579314991662,2.4831339313434992,1.1117178931939855,0.003103954235463,0.2796845791671059,0.1736768169111939,0.0265158089206222,0.0,0.0589718654337687,-91.48,44.85,45.92,86.39,-44.13,OVERVALUED
CTVA,Materials (S&P 500),2025-08-26,-0.0157935813966985,0.0722480541952303,0.6768999333280346,-0.0184604667363288,0.0327021631477445,0.8081744203031335,0.6385768721582303,0.1293320712176109,0.0,0.0080269326188097,38.26,18.34,34.48,24.8,8.51,UNDERVALUED
CPAY,Financials (S&P 500),2025-08-26,0.0769136634665046,0.0858609796033214,1.410200296879062,0.0577132031426511,0.0557453692725733,1.2976132008739207,1.2648921545531413,0.4420417474937489,0.6818713450292397,-0.2823502543065656,15.63,-12.55,9.13,35.23,26.7,UNDERVALUED
COST,Consumer Staples (S&P 500),2025-08-26,0.0588510388760046,0.07,0.5742950768545767,0.0502001733459903,0.0147384624589045,0.5799339129461273,0.4339267565182272,0.0972903633232868,0.0,0.0041884430568854,56.32,-8.54,7.62,21.73,-0.25,FAIRLY VALUED
CSX,Industrials (S&P 500),2025-08-26,-0.0105926945229172,0.07,0.7558465409822761,-0.0079825339428259,0.0684542017713585,1.415180545447292,0.9931427585473293,0.2596276026615976,0.4925962487660414,-0.2973289798107437,-0.49,2.18,-2.34,26.13,59.49,UNDERVALUED
CRH,Materials (S&P 500),2025-08-26,0.0426236830638031,0.0857130520871404,1.2434109245319376,0.0178259749921313,0.0701923856431959,1.4645958218780526,1.3942459672111955,0.3876000358900416,0.8488441019561351,-0.1547501743897349,67.67,12.54,28.15,32.63,-17.62,OVERVALUED
CMI,Industrials (S&P 500),2025-08-26,0.102142570014954,0.0884520614928986,1.2171668960641373,0.0010861588140319,0.0741882201354796,2.1982934081398504,2.238032433181659,0.7554195384469338,0.9862700228832952,-0.1094344741474424,-15.07,9.83,31.48,30.1,50.5,UNDERVALUED
DRI,Consumer Discretionary (S&P 500),2025-08-26,0.0860237609412841,0.07,0.674938158020887,0.0860237609412841,0.0583327009214751,2.4805767300883144,1.8195359627975003,0.5282242512998911,0.9635108481262328,-0.2205163206292509,20.05,7.66,37.85,29.43,9.17,UNDERVALUED
CVS,Health Care (S&P 500),2025-08-26,0.0752279755404168,0.07,0.3623447950619084,0.0420179106480032,0.1671471443741987,6.024930162243737,4.223167130603301,1.1337246872176174,1.0,-0.8507021409317812,6.47,14.43,27.37,37.74,35.04,UNDERVALUED
DHR,Health Care (S&P 500),2025-08-26,-0.0533702964365337,0.0772408339991436,0.9506859861519494,-0.0006278777731268,0.0406957805384442,0.6146442869232103,0.5173556623816448,0.1393305388508343,0.0,-0.102344509945925,8.41,-1.22,-23.06,30.75,5.46,UNDERVALUED
DVA,Health Care (S&P 500),2025-08-26,0.0506413695903158,0.07,0.5090176521922736,0.0556338403480616,0.1463554543190665,4.371470582889925,2.976033294852209,0.8719942834644621,0.9959514170040484,-1.0092374954362002,-6.14,-4.98,-9.94,32.46,26.36,UNDERVALUED
DECK,Consumer Discretionary (S&P 500),2025-08-26,0.1723798315143181,0.1051449212713557,1.4408567828243422,0.1627536316722729,0.0335895450913783,1.2292283238879524,1.3509151801613035,0.5147850053170191,0.7393939393939394,0.0944120263301366,-37.22,-21.58,-30.01,53.14,-21.84,OVERVALUED
DE,Industrials (S&P 500),2025-08-26,-0.0074769599137836,0.07,0.8016814851562447,-0.16149913690081,0.0311430843307347,0.3509840942845394,0.144993845636431,0.1183094838660374,0.0,-0.4441140555668326,16.51,2.61,29.76,28.68,28.9,UNDERVALUED
DVN,Energy (S&P 500),2025-08-26,-0.0881058495502353,0.0816537789669338,1.2506108939755975,0.0446978634159129,0.070786084008815,0.4970371460072438,0.4653835805019399,0.2018146639139799,0.007717041800643,-0.3738456458938562,1.96,0.77,-18.65,40.87,43.57,UNDERVALUED
DELL,Information Technology (S&P 500),2025-08-26,-0.033472896655709,0.1075108861384958,1.850085600297362,0.0807690132880972,0.0754138779343149,0.5664745858610984,0.6063858398853653,0.2055797305606318,0.0535624052551793,-0.2324998843844956,57.16,14.46,19.07,50.48,236.15,UNDERVALUED
DXCM,Health Care (S&P 500),2025-08-26,0.1772875226804959,0.0825395947985166,1.0466608897738918,0.1133810010214504,0.0190975721681606,0.9911127416318978,0.957410857442415,0.4123265155998554,0.3981308411214953,-0.0666205222725736,-49.63,-15.34,2.77,41.35,18.52,UNDERVALUED
DAL,Industrials (S&P 500),2025-08-26,0.1039359706693989,0.08675529367519,1.8102903311185097,0.0619315049614112,0.0610941247769635,1.3947508887327091,1.395586535525223,0.5691604388528911,0.7302784222737819,-0.503835876142535,-1.6,-0.01,49.54,50.65,34.01,UNDERVALUED
FANG,Energy (S&P 500),2025-08-26,0.073457155886405,0.0761808905529159,1.1750073150691387,0.3218611344285885,0.01488070890437,0.1801636171285694,0.1047595882967369,0.1057163657866918,0.0,-0.3219179401342696,58.48,-3.54,-24.31,39.94,50.11,UNDERVALUED
DG,Consumer Staples (S&P 500),2025-08-26,0.0359179701649921,0.07,-0.1873136916150401,0.0496412284120828,0.0390753682200564,0.6303003945363391,0.2916632323355751,0.2031684520363562,0.0,-0.6940021614870431,1.2,50.67,-8.21,47.49,11.34,UNDERVALUED
DLTR,Consumer Staples (S&P 500),2025-08-26,0.0679931110611078,0.07,0.5344623057237228,0.0475177431753579,0.0573831634618336,2.006618776087416,1.4010159659645054,0.38048231643366,0.8490196078431372,-0.2729604994092484,-9.6,51.04,15.44,49.11,14.71,UNDERVALUED
DPZ,Consumer Discretionary (S&P 500),2025-08-26,0.0184816396504017,0.07,0.6691792059657995,0.0506898533227306,0.0794561675160852,2.113164782922002,1.4964761095545849,0.3690725974466241,0.8951533135509396,-0.3301978565293937,0.29,-5.07,7.69,27.6,-24.47,OVERVALUED
DOW,Materials (S&P 500),2025-08-26,-0.1310624035735202,0.07,1.298463972846037,-0.0371565595446192,0.2275088489965279,2.3411246049079426,2.0504798757324614,0.5702536244631247,0.9779338014042126,-0.9343434708968196,-24.79,-33.52,-50.34,43.97,39.94,UNDERVALUED
DOV,Industrials (S&P 500),2025-08-26,-0.0062833057662305,0.0864152575556013,1.1483188221875165,0.007994429288347,0.0263420400552288,0.3916523132989251,0.3785721659074534,0.1067573470059362,0.0,-0.0529061161670814,-20.69,-7.32,-0.24,26.94,10.85,UNDERVALUED
ECL,Materials (S&P 500),2025-08-26,0.0533292601760242,0.07,0.5926100299837306,0.0274931136669234,0.0282781612388535,0.9653763690549436,0.7001467675069012,0.1684016985490343,0.0326732673267326,-0.089749007614929,6.96,5.31,14.06,19.18,1.88,FAIRLY VALUED
EBAY,Consumer Discretionary (S&P 500),2025-08-26,0.0246078944733196,0.07,0.5193565129341493,0.0169106012658227,0.0869882040685895,2.609654808132828,1.9237721241244643,0.4068424070390582,0.9931102362204725,-0.123380000968722,170.86,38.05,63.55,34.1,11.95,UNDERVALUED
ETN,Industrials (S&P 500),2025-08-26,0.0949083110994848,0.1002106201636952,1.4366708418268757,0.072512502155544,0.023491829383597,0.4685624304529145,0.4949901935124957,0.1684778287900397,0.0134158926728586,-0.0677420331896774,37.35,19.58,18.86,36.45,19.29,UNDERVALUED
EOG,Energy (S&P 500),2025-08-26,-0.1096688577125388,0.0740931843975619,0.7934933772462557,0.0084548356483478,0.070936369270102,0.955452702314441,0.8836355930882115,0.1860700992821792,0.2765089722675367,0.0310018219898074,6.01,-4.94,-1.34,29.28,29.83,UNDERVALUED
EQR,Real Estate (S&P 500),2025-08-26,0.0438138271955339,0.07,0.6847993383628111,0.0369329608860792,0.0957502072179463,3.024683442566204,2.1536656950833724,0.53569214864688,0.9929506545820744,-0.3572477973179814,-1.03,-9.68,-9.03,23.46,3.18,FAIRLY VALUED
EFX,Industrials (S&P 500),2025-08-26,0.0531444685517232,0.0820967694006775,1.0804941695457702,0.0789903517435235,0.0245550612162642,0.4863153615372117,0.438233535110153,0.1448064269944564,0.0,-0.1593896639000163,3.75,1.83,-17.54,34.59,-21.47,OVERVALUED
ESS,Real Estate (S&P 500),2025-08-26,0.0508702071668962,0.07,0.7165708944953318,0.0629299836168192,0.0666740395337892,2.0350459518579678,1.3714416633236204,0.3676779725196536,0.8201663201663202,-0.4024737822270669,-12.15,-10.65,-7.44,25.42,13.0,UNDERVALUED
EXPD,Industrials (S&P 500),2025-08-26,-0.211992431447901,0.0731815960104653,0.7286135449685637,0.1398268407577975,0.076667799806336,0.4911035041180443,0.8351235004902678,0.1565214498277377,0.1568100358422939,0.0348865771246156,21.0,4.29,0.1,26.09,54.89,UNDERVALUED
FDS,Financials (S&P 500),2025-08-26,0.0930625836384497,0.07,0.6353581199978494,0.0563642047884736,0.0572902588236206,2.689938696118892,1.9566885470280364,0.5338170036264647,0.9862340216322516,-0.081212638984702,-31.05,-15.85,-6.22,22.1,-19.69,OVERVALUED
XOM,Energy (S&P 500),2025-08-26,-0.0775379540330933,0.07,0.538829776642997,0.0135943853694535,0.0888865808510577,1.6598062177967203,1.2608959458753233,0.280380374752218,0.817641228939544,-0.0396072065302334,48.36,3.75,-0.69,23.94,53.35,UNDERVALUED
EXR,Real Estate (S&P 500),2025-08-26,0.301009973382657,0.07,0.5573229889337326,0.2721060961377118,0.0724862042854158,7.839530325258612,4.798344318888772,1.5625848254899428,0.9980806142034548,-0.4527161420285788,-9.88,-6.63,-17.78,26.46,9.65,UNDERVALUED
EXPE,Consumer Discretionary (S&P 500),2025-08-26,0.0832731685464369,0.0916438069366561,1.4476588433349458,0.0663603084352364,0.084686313083934,2.1195434891749168,2.1653595700523085,0.6726006061693162,0.9934497816593888,-0.0860091709247101,6.22,7.54,55.35,41.99,52.94,UNDERVALUED
FDX,Industrials (S&P 500),2025-08-26,-0.0273085242083078,0.07,1.028624485032679,-0.0273085242083079,0.0840827600010032,1.2948093765639133,0.8033776881082368,0.2988780417213521,0.2961065573770491,-0.6995656211388697,-1.84,-8.69,-20.53,35.47,78.49,UNDERVALUED
FICO,Information Technology (S&P 500),2025-08-26,0.1167143995964707,0.0870166446976133,1.073644653879582,0.1347613601602054,0.0159949251740258,0.4676741429814879,0.4667608654249094,0.1617610874084509,0.0046189376443418,-0.06005566818045,70.02,-24.06,-18.63,41.6,-19.04,OVERVALUED
FAST,Industrials (S&P 500),2025-08-26,0.0397095281524451,0.0745238033196004,0.7297257261557617,0.0271278260987926,0.0183409883903425,0.5474039514961916,0.4510078665801609,0.1019001867665213,0.0,-0.0040950073838421,84.67,36.6,49.84,25.2,3.6,FAIRLY VALUED
FIS,Financials (S&P 500),2025-08-26,0.0207215232292983,0.07,0.6077253986357593,0.0301088393856169,0.0224286580446991,0.4096667029116573,0.2275616161499376,0.106424913955932,0.0,-0.2973770873263925,-21.05,2.66,-9.99,28.17,-40.15,OVERVALUED
FISV,Financials (S&P 500),2025-08-26,0.073915905114466,0.07,0.6925440208898731,0.0713874194731053,0.0628622939669441,2.264554978537376,1.5589726189139097,0.424546568391278,0.9065420560747663,-0.3050241956721535,-16.44,-39.98,-18.8,38.18,-62.74,OVERVALUED
F,Consumer Discretionary (S&P 500),2025-08-26,0.081856370024516,0.07,0.8642457754202689,0.049951473117242,0.1543352229183229,3.477706785212611,1.8138484362386984,1.1219884046539683,0.7431640625,-3.0762047885814465,-40.24,28.55,13.07,32.06,23.67,UNDERVALUED
FTNT,Information Technology (S&P 500),2025-08-26,0.1611456226374723,0.0952359017825747,1.2122618807569057,0.1227190469009199,0.0163619117766133,0.6008463036755453,0.6368306528490342,0.2337038697877919,0.0732735898787559,0.0315929712190174,-19.8,-28.77,3.91,42.43,94.19,UNDERVALUED
FLEX,Information Technology (S&P 500),2025-08-26,-0.0483405317779896,0.1060907887321986,1.694569244830494,-0.0227900813931478,0.1002002855702348,0.9107187010879788,0.9445157697176428,0.2485657983354891,0.3260649087221095,-0.0920038501439727,63.92,34.51,62.41,44.28,106.28,UNDERVALUED
BEN,Financials (S&P 500),2025-08-26,0.0121731967686702,0.07,1.089522633174049,0.0800825540805666,0.0657042814979443,1.294903538385716,0.7907888670018368,0.2985790923146855,0.2701375245579567,-0.6902694718665439,123.01,30.82,28.38,31.65,41.48,UNDERVALUED
FOXA,Communication Services (S&P 500),2025-08-26,-0.0625628646147656,0.07,0.8181805223252325,-0.0625628646147656,0.0297234077178769,0.4723339616526304,0.3199520987394657,0.0953540022059069,0.0,-0.1420044228692129,29.2,4.42,45.69,27.28,16.15,UNDERVALUED
FOX,Communication Services (S&P 500),2025-08-26,-0.0625628646147656,0.07,0.8551785856154891,-0.0625628646147656,0.0325740741608655,0.5176338339669752,0.3462336655832803,0.1050098293123148,0.0,-0.1556235626014908,25.9,1.72,43.2,27.3,13.22,UNDERVALUED
FCX,Materials (S&P 500),2025-08-26,0.0570844658976605,0.0999722062438401,1.5359204582431916,0.1137606650623496,0.0465292482929159,0.7799770862076376,0.8165336743625403,0.248531548612463,0.2014388489208633,-0.0922284630029829,9.16,17.77,0.77,45.1,62.31,UNDERVALUED
GE,Industrials (S&P 500),2025-08-26,0.1524693458792105,0.0909649222945089,1.1550322800373125,0.0948851420165214,0.0348077361698998,1.3556907083825576,1.4184212844490949,0.5646286489723966,0.7614831211953514,-0.0193205955603314,132.43,36.33,61.02,32.73,26.45,UNDERVALUED
GEHC,Health Care (S&P 500),2025-08-26,0.0356493869503775,0.0822785546520941,1.21953319302179,0.0061374795417348,0.08098046873658,1.753603418635635,1.6167988682465475,0.429648815367694,0.9452229299363056,-0.1924149643971509,-5.14,-18.24,-12.46,34.59,0.15,FAIRLY VALUED
GD,Industrials (S&P 500),2025-08-26,0.1003866884235218,0.07,0.5610973918768862,0.128785011355034,0.0367363497797363,1.6646687189680838,1.2195695635785522,0.3352385703426193,0.7289340101522843,-0.104909124501383,12.75,30.65,12.86,22.74,21.94,UNDERVALUED
GNRC,Industrials (S&P 500),2025-08-26,-0.0299014280958375,0.0901740782447299,1.2195340353814668,0.0679069383570651,0.0389904282213497,0.474115090830733,0.4727048027648554,0.1406015460150779,0.0,-0.1058380637717239,31.65,36.06,20.7,43.14,9.21,UNDERVALUED
GIS,Consumer Staples (S&P 500),2025-08-26,-0.0117944481492171,0.07,0.1015944517247895,-0.0117944481492171,0.1061575393527087,2.137452439877235,1.4930273643811138,0.3996135280557018,0.8932692307692308,-0.4975194274750781,-28.25,-15.05,-27.58,21.69,-14.57,OVERVALUED
GEN,Information Technology (S&P 500),2025-08-26,0.0891799361783756,0.074832008997175,0.9265763552300456,0.0355263157894736,0.0482977696159645,1.5638374250887364,1.2468631314523884,0.4432012846349818,0.6682808716707022,-0.3926685550014526,-7.66,12.87,21.69,28.32,-6.59,OVERVALUED
GPC,Consumer Discretionary (S&P 500),2025-08-26,0.030987082193947,0.07,0.6387197290351903,0.0171480528232038,0.0430015695304998,1.1348700601896042,0.7730647604577919,0.2127488972909986,0.1665004985044865,-0.2831026831407945,24.42,15.52,0.72,33.12,-0.77,FAIRLY VALUED
GPN,Financials (S&P 500),2025-08-26,-0.0716158871135256,0.07,1.2805859216189643,0.048265098273879,0.0675622335742575,0.6718043681208672,0.3572617267586986,0.2174718345368806,0.0,-0.6604404855662124,-54.42,-12.58,-19.31,40.77,5.96,UNDERVALUED
GDDY,Information Technology (S&P 500),2025-08-26,0.057254237457184,0.0742104627239923,0.8523008416099668,0.0750099903622387,0.0462593501120454,1.4091652911423656,1.1275599958263456,0.295244508263679,0.6335559265442404,-0.1358582623100214,-3.08,-17.35,-9.97,32.91,-32.86,OVERVALUED
HCA,Health Care (S&P 500),2025-08-26,0.0826655809534613,0.07,0.3019033915015519,0.0867350080039404,0.0784904672785225,3.002926924351856,2.123470958973726,0.6160797815799169,0.9780876494023903,-0.4338846950876937,24.16,26.18,4.22,28.04,1.76,FAIRLY VALUED
HAL,Energy (S&P 500),2025-08-26,0.0632089924283603,0.0783558349796983,1.240848560244288,-0.0032148753149708,0.1178722861347825,3.299416495426642,2.849793831215336,0.7708541595068715,1.0,-0.3223930045741745,-44.28,-14.27,-29.26,40.78,66.9,UNDERVALUED
HSY,Consumer Staples (S&P 500),2025-08-26,0.0368925066551257,0.07,0.0670479892735518,0.0033382021232079,0.0541957283258843,1.7110398039916146,1.2356406707084295,0.2933239641236366,0.7655453618756372,-0.1309114268938839,-22.63,8.8,-3.49,29.29,5.77,UNDERVALUED
HSIC,Health Care (S&P 500),2025-08-26,0.0010273839987886,0.07,0.5959177044979254,0.0270686441364778,0.0803165543598237,1.9748046395729544,1.3912417971663538,0.3381446850527217,0.8610837438423645,-0.3204961842271321,-3.04,-4.81,-2.49,28.24,28.09,UNDERVALUED
HD,Consumer Discretionary (S&P 500),2025-08-26,0.0066833833652422,0.07,0.6501326586090641,0.044835559281845,0.0501247700877814,1.2888569634571143,0.9063631308645056,0.2204087583906581,0.3460381143430291,-0.1536505308962197,29.31,5.68,11.12,22.41,-15.74,OVERVALUED
HLT,Consumer Discretionary (S&P 500),2025-08-26,0.1285745925571166,0.0795053003540818,1.0110492439598369,0.0917440156326331,0.037140824592064,1.4025359685039882,1.2613527750481577,0.438625315986078,0.6958333333333333,-0.1593099967671733,46.35,5.98,27.06,25.29,19.96,UNDERVALUED
HON,Industrials (S&P 500),2025-08-26,-0.0106157561507739,0.07,0.8212626433625869,0.0517434639037838,0.0673926095422537,1.369433686866229,0.9496823761876078,0.2516789693766804,0.4316109422492401,-0.3162643526454015,14.68,6.97,12.2,24.93,1.18,FAIRLY VALUED
HRL,Consumer Staples (S&P 500),2025-08-26,-0.021829785027579,0.07,0.079976592013699,-0.0156245122836397,0.0658619467671346,1.5362144668530275,1.1136959618640891,0.2432620645087154,0.6533203125,-0.1412072366095479,-14.55,2.04,-6.3,21.81,-11.88,OVERVALUED
HST,Real Estate (S&P 500),2025-08-26,0.0762644754486214,0.0727949807718882,1.109893921535015,0.0702315948032385,0.1170482877172338,3.9560813015210554,3.033757705859523,0.8246786717231985,1.0,-0.4653523415712619,3.78,8.63,2.74,29.54,47.61,UNDERVALUED
HPQ,Information Technology (S&P 500),2025-08-26,-0.0773087816575391,0.079819870728973,1.2163468003259337,-0.0029599017089243,0.1759267099690977,2.0805534940519737,1.9011895245406116,0.5247088721912685,0.989093387866394,-0.3175640101823181,-2.33,-18.42,-21.31,36.77,14.71,UNDERVALUED
HWM,Industrials (S&P 500),2025-08-26,0.1454367849070759,0.0967062441242158,1.2748419976834977,0.1189759036144578,0.0174579856841778,0.5494609863528375,0.5875363017669901,0.2468212487337205,0.0636172450052576,-0.0408428195280976,129.75,33.47,81.72,35.93,55.87,UNDERVALUED
HUBB,Industrials (S&P 500),2025-08-26,0.0665614400693066,0.0917775309421277,1.2175508811911482,0.0475720746710342,0.0367570604454403,0.7887263431782802,0.8162082197175065,0.2468134089720315,0.2190217391304348,-0.0591547792920656,21.0,18.07,16.2,32.03,7.44,UNDERVALUED
HII,Industrials (S&P 500),2025-08-26,0.0394521858936494,0.07,0.6831413856107653,0.0070717653221581,0.0318111588698545,0.8533773914566248,0.5620296773960357,0.1714309929873913,0.0,-0.2464508119100435,29.37,59.09,1.52,44.88,12.79,UNDERVALUED
IEX,Industrials (S&P 500),2025-08-26,0.0135633805024772,0.0754656387735831,0.9290143131805552,-0.0015577751305782,0.0386423131710554,0.8862151496469179,0.7243789852879551,0.179903115522711,0.06875,-0.1099892462351498,-8.52,-14.58,-17.43,29.71,42.91,UNDERVALUED
IBM,Information Technology (S&P 500),2025-08-26,0.0181972257947982,0.07,0.7179215066517645,0.0144358228257355,0.027161920336725,0.6310123310656355,0.4120557178008502,0.1263490351070295,0.0,-0.202916090459966,13.42,-3.89,27.22,29.0,-1.18,FAIRLY VALUED
ITW,Industrials (S&P 500),2025-08-26,-0.0010676047883098,0.0735627578635298,0.8137701589885945,-0.0129757248401316,0.0485846821000448,1.1055326852675469,0.8699893685444966,0.203416947914463,0.2786195286195286,-0.0933918254144309,-3.52,3.09,10.39,22.01,8.88,UNDERVALUED
INCY,Health Care (S&P 500),2025-08-26,0.1177603615412479,0.0709754006901572,0.6400916750778923,0.1476244091362572,0.0491980768548416,2.4986313306118597,1.9310902396706375,0.4892971586599789,0.9933962264150944,0.1011962248814729,94.21,13.06,30.96,36.44,51.45,UNDERVALUED
IDXX,Health Care (S&P 500),2025-08-26,0.0758477896512277,0.0848388435508263,0.974599684450755,0.0646145962540355,0.0121329155754033,0.3363387946970186,0.326353968021001,0.0951399623560771,0.0,-0.013342049653493,14.2,40.17,31.46,42.6,-14.94,OVERVALUED
PODD,Health Care (S&P 500),2025-08-26,0.2597889136472802,0.0746330340027629,0.7897234214517723,0.2206705556537623,0.0010501156534191,0.0979019739699849,0.0701947090117806,0.0326808922644272,0.0,-0.0183143987046143,-54.01,22.61,79.33,38.14,-55.74,OVERVALUED
IR,Industrials (S&P 500),2025-08-26,0.1058447840033067,0.0909778328553688,1.270500357592311,0.0521952851180174,0.0304425745595841,0.7404805876348157,0.7530311246451651,0.2529134157401634,0.1629955947136563,-0.1002228041546898,0.45,-2.6,-11.39,32.41,-2.12,FAIRLY VALUED
IBKR,Financials (S&P 500),2025-08-26,0.4907475454532231,0.2015856001850262,1.613854752066508,0.1963528958520611,0.0781414335711267,3.1942623597513515,1.5607959592740863,0.2149846497866482,0.9835,0.1318476987413094,196.23,22.86,106.43,44.18,42.6,UNDERVALUED
ICE,Financials (S&P 500),2025-08-26,0.1047747235094003,0.07,0.4688750849778362,0.187619913157629,0.0809547136176619,3.638324894660889,2.6312558305175813,0.7062163524862631,1.0,-0.1959776087007086,0.81,5.0,12.96,18.65,-10.13,OVERVALUED
IFF,Materials (S&P 500),2025-08-26,-0.0391924618312317,0.07,0.6499944716258033,0.0004355780120219,0.0300915437094268,0.1527654336917246,-0.0233733755081098,0.1035247856329978,0.0,-0.5487460853450847,-17.57,-16.33,-32.06,28.34,28.01,UNDERVALUED
INTU,Information Technology (S&P 500),2025-08-26,0.1312222065773725,0.0829399473256252,0.9553542756390658,0.1334214922048997,0.0144227137638634,0.5473730828694503,0.5158040831487002,0.171126067990492,0.010062893081761,-0.0161821117444167,6.32,5.77,7.09,32.11,-44.52,OVERVALUED
IVZ,Financials (S&P 500),2025-08-26,0.0014950222482505,0.07,1.540007113367278,0.0613323070463928,0.0664108181032177,1.2669402208695988,0.7719198389331273,0.290167120352981,0.2392156862745098,-0.6354097388960094,-97.32,30.58,33.53,40.3,47.54,UNDERVALUED
IQV,Health Care (S&P 500),2025-08-26,0.0339483891081544,0.0738482418067292,1.0638294228019172,0.0280966364121729,0.050585788907556,1.1268132943272229,0.8483665039797915,0.2525247984060442,0.3032145960034752,-0.3766573456333411,-26.22,-1.67,-24.57,38.04,36.37,UNDERVALUED
IP,Materials (S&P 500),2025-08-26,-0.134950538215266,0.0802954105810306,0.9534128936038352,-0.012349529096239,0.0697071855427262,0.4568047232455388,0.5429910521842224,0.1834348593775588,0.0061433447098976,-0.2947906636589302,54.11,-10.76,3.39,37.18,-13.16,OVERVALUED
JKHY,Financials (S&P 500),2025-08-26,0.067865745878362,0.07,0.3524286601933686,0.066343007803814,0.0216181670067413,0.8638567202718026,0.6351162874692604,0.1502254311229645,0.0131979695431472,-0.0096018572883034,-9.01,-5.02,-0.28,21.59,3.39,FAIRLY VALUED
IRM,Real Estate (S&P 500),2025-08-26,0.0977340527899723,0.07,0.9364652150948444,0.1221869868541604,0.0158194888282478,0.1266665631871416,-0.0601693950795947,0.1460865545965321,0.0,-0.6245922297910609,27.97,-0.1,-16.93,33.03,39.05,UNDERVALUED
JNJ,Health Care (S&P 500),2025-08-26,0.0537558067040582,0.07,0.0568730030010866,0.0430019140666283,0.0324315853303301,1.1829295214995206,0.8652399349398153,0.1986605244388227,0.264390243902439,-0.0300106998145432,8.31,9.95,11.85,19.17,54.15,UNDERVALUED
JBHT,Industrials (S&P 500),2025-08-26,-0.0967108982770648,0.0850206411706546,1.070171835407405,-0.0578706458820242,0.0257337469195649,0.2056021000510887,0.2085648082807728,0.074701414780784,0.0,-0.099394798365805,-9.51,-9.41,-17.53,34.17,91.74,UNDERVALUED
JBL,Information Technology (S&P 500),2025-08-26,-0.0711589566924809,0.0956077218138851,1.3640651957776218,-0.1676848596622673,0.041804769238876,0.3568626796640337,0.3726827576413433,0.1072480958328443,0.0,-0.0446067059144553,68.69,31.37,92.4,38.72,52.14,UNDERVALUED
J,Industrials (S&P 500),2025-08-26,0.0842489705340359,0.0742643965438088,0.8376592037109695,0.0598558529667085,0.0591693907571759,2.1940608560168657,1.7615496251654903,0.4671890150060321,0.9758454106280192,-0.0880399928127013,-8.72,18.93,21.31,24.07,0.68,FAIRLY VALUED
JCI,Industrials (S&P 500),2025-08-26,0.0545981023748274,0.0889375756897679,1.215901364710147,0.0278088755541623,0.0378335414024952,0.7364529345241921,0.7290400956127978,0.2178129381140811,0.1258503401360544,-0.1243336693936102,51.33,28.78,54.95,31.03,32.77,UNDERVALUED
KVUE,Consumer Staples (S&P 500),2025-08-26,0.0167493615508429,0.07,0.1853679744614691,0.0007122507122507,0.0618895077731356,1.7114219816361915,1.2007427477277988,0.29278813657707,0.728515625,-0.2015251102599006,35.03,-8.82,-1.15,24.31,-4.57,FAIRLY VALUED
KDP,Consumer Staples (S&P 500),2025-08-26,0.0450137707391036,0.07,0.2071318423735264,0.0362494937221547,0.0483446459211279,1.3216693884402588,0.8592425435042094,0.2704366072303057,0.3140900195694716,-0.3959325899384817,-5.13,-13.01,-16.75,23.82,13.04,UNDERVALUED
KMB,Consumer Staples (S&P 500),2025-08-26,-0.0873327078713528,0.07,0.0706941934383282,-0.0198880205295695,0.0523396427153609,0.7162645455699672,0.5251457829757807,0.1470814911161255,0.0030333670374115,-0.1588875897509261,-11.15,-5.0,-6.35,19.04,-12.17,OVERVALUED
KEYS,Information Technology (S&P 500),2025-08-26,-0.0415456785287764,0.096937217034624,1.3271177832434116,-0.0887628111273792,0.0221116509305221,0.267495996554032,0.2793098339340585,0.0719536319717374,0.0,-0.0082478344094389,54.75,2.51,6.05,32.79,92.54,UNDERVALUED
LHX,Industrials (S&P 500),2025-08-26,0.117968459107735,0.07,0.3976171149785962,0.0981512951233328,0.0457929844956814,2.0840858106590807,1.4766199257129775,0.4568474881539126,0.845360824742268,-0.2240937091583552,15.85,38.67,22.81,21.46,-1.02,FAIRLY VALUED
KR,Consumer Staples (S&P 500),2025-08-26,-0.0038351408488299,0.07,-0.120134317654414,-0.0194349469138024,0.0294685066078574,0.2956977533211812,0.0967358027521108,0.1153905789980387,0.0,-0.4747043038341785,23.8,9.21,35.51,26.35,-16.51,OVERVALUED
LH,Health Care (S&P 500),2025-08-26,0.047144338315832,0.07,0.6320576022557519,0.0696701091961584,0.0384941674200909,1.131550827918624,0.7576202493172604,0.2236588753013388,0.1619433198380566,-0.2503950695687955,7.64,11.11,22.04,22.96,20.78,UNDERVALUED
KLAC,Information Technology (S&P 500),2025-08-26,-0.0651491379238068,0.1144918831777776,1.7100408899231343,-0.0651491379238068,0.0201576507756562,0.1145060944523903,0.1219751724822004,0.0374543684699483,0.0,-0.0407817194725705,107.39,20.81,9.64,44.88,110.41,UNDERVALUED
LDOS,Industrials (S&P 500),2025-08-26,0.0758275115818052,0.07,0.5321462298024483,0.0792848814613291,0.0327902881451327,1.2372448590464935,0.8641887480968555,0.264137084632558,0.2907444668008048,-0.1876707373835396,-30.54,41.52,19.0,31.0,-21.66,OVERVALUED
LRCX,Information Technology (S&P 500),2025-08-26,-0.1447702145151084,0.1211361196895642,1.838977643389782,-0.1447702145151084,0.0330141904831647,0.1591540569411463,0.210893046566853,0.0385033401695948,0.0,0.0064340813189944,84.67,28.17,23.72,47.69,201.31,UNDERVALUED
LLY,Health Care (S&P 500),2025-08-26,0.2562498358193508,0.0706247522781648,0.691018644192406,0.3199800726761224,0.0107152463481757,1.2829771916343142,0.910306654492303,0.3484518736642363,0.3896848137535816,-0.0462714018804896,-15.01,-19.22,-22.16,40.02,70.14,UNDERVALUED
LII,Industrials (S&P 500),2025-08-26,0.0639619776387545,0.0831618308590918,1.0110450766536383,0.0721411509664987,0.0166066783602938,0.4094482759352031,0.3818580620702015,0.1207016812410988,0.0,-0.0536878607701259,12.83,-8.48,-2.02,33.68,-27.71,OVERVALUED
LVS,Consumer Discretionary (S&P 500),2025-08-26,0.6579822404021858,0.0779098878094015,1.0603299622432782,0.0892788276128037,0.1095284890661098,79.87190909096881,11.434692702333622,3.014949956172125,1.0,-0.2564247286455613,-79.67,29.96,41.35,38.3,-16.42,OVERVALUED
LYV,Communication Services (S&P 500),2025-08-26,0.1781861311401209,0.0786300296722056,1.0274552220800464,0.0188903463768458,0.0199885929906443,1.0532797757249053,0.9561852911160268,0.3660477809212926,0.3893557422969187,-0.0557319997454226,77.46,17.21,72.16,29.43,9.24,UNDERVALUED
LIN,Materials (S&P 500),2025-08-26,-0.005394601214808,0.07,0.6480484134403899,0.0045960918000852,0.0241543574500627,0.5703104530025137,0.4041619741492444,0.0964171420677858,0.0,-0.0789172819664294,11.21,5.1,4.77,18.45,1.21,FAIRLY VALUED
LMT,Industrials (S&P 500),2025-08-26,0.0376271497232862,0.07,0.2048955089948969,0.051382989744121,0.0656654774566184,2.070857716442172,1.482992582041592,0.3475170195093549,0.9158878504672896,-0.1713937522291583,8.88,4.64,-15.77,26.72,28.86,UNDERVALUED
LOW,Consumer Discretionary (S&P 500),2025-08-26,-0.0715097253434607,0.07,0.6605515947035193,-0.0312930525487108,0.0595073607406547,0.8246720249968801,0.5655709917023003,0.1796514741825056,0.0152526215443279,-0.2674869842578789,18.62,5.67,5.3,23.91,-14.14,OVERVALUED
LYB,Materials (S&P 500),2025-08-26,-0.1864217458487248,0.07,1.1530945621345865,0.0017398608111351,0.0913559867504919,0.4247192654765072,0.6289711941676387,0.2228193945679276,0.0240722166499498,-0.5479961152343502,8.6,-20.69,-36.64,37.98,26.59,UNDERVALUED
MPC,Energy (S&P 500),2025-08-26,-0.1153873152415976,0.07,0.988504846256198,-0.064126325153829,0.24381366949872,2.976381240720154,2.535493591901097,0.625316352056821,1.0,-0.4737392787197959,121.41,19.93,1.24,35.46,109.91,UNDERVALUED
MAR,Consumer Discretionary (S&P 500),2025-08-26,0.0992266529625969,0.0835167469437625,1.1507627462551506,0.0584911230126934,0.0466575308892456,1.3220696373747698,1.2487735495823484,0.4303386090196917,0.6709558823529411,-0.2019878261352971,29.24,-4.37,20.05,28.32,34.24,UNDERVALUED
MLM,Materials (S&P 500),2025-08-26,-0.0413516521873951,0.07,0.7569929119115751,-0.0323021705691334,0.0478804585031927,0.9108536144595611,0.6520756463010586,0.1570236123613909,0.00920245398773,-0.1366052098977168,51.38,26.02,11.45,24.68,-14.42,OVERVALUED
MRSH,Financials (S&P 500),2025-08-26,0.0864646360583512,0.07,0.3819337650742186,0.0757389162561576,0.0382834250692574,1.581748330529991,1.1374112955576257,0.3519657308051143,0.6268958543983822,-0.1958247237125049,3.75,-10.17,-6.17,18.21,-5.96,OVERVALUED
MCD,Consumer Discretionary (S&P 500),2025-08-26,0.0574066755876996,0.07,0.2369032798902552,0.0166699352814277,0.0436261931000187,1.4318880585612894,1.0131413161117997,0.2742380900821843,0.5112414467253177,-0.2327690118119204,0.1,4.03,10.63,18.49,-11.91,OVERVALUED
MA,Financials (S&P 500),2025-08-26,0.1254655315376469,0.0763219960917876,0.7939622369309645,0.1222806598135309,0.0260646394925748,1.158806542050986,0.9915265399770082,0.3023144554601569,0.4445306439100077,-0.0182187186139241,24.7,5.72,27.57,21.86,-2.4,FAIRLY VALUED
MAS,Industrials (S&P 500),2025-08-26,-0.0503456850135676,0.0747863166408726,0.9591125069516946,-0.0174469687460775,0.0517357252446246,0.7674213440989518,0.6078929826079652,0.1671285307810061,0.0062745098039215,-0.1658093444558196,29.25,-1.4,-6.37,29.86,0.15,FAIRLY VALUED
MKC,Consumer Staples (S&P 500),2025-08-26,0.028964054871893,0.07,0.3293602754582238,0.0092311848938789,0.0364769093514193,0.9609976929171962,0.6552387274177754,0.1786341309291141,0.0080321285140562,-0.2367317489034156,-12.65,-11.21,-9.25,22.22,-18.95,OVERVALUED
MCK,Health Care (S&P 500),2025-08-26,0.1391078857792254,0.07,0.1997073873548337,0.1621616372822875,0.0527601267253405,3.100380749868269,2.3071020967223226,0.6939414092909179,0.9924314096499528,-0.0200542528738944,33.45,9.35,23.81,26.6,23.75,UNDERVALUED
MRK,Health Care (S&P 500),2025-08-26,0.0403851993151223,0.07,0.3508413311815661,0.0674207768443816,0.0816694593927171,2.723334772753128,1.98883599846994,0.4544792315634453,0.995159728944821,-0.1148242221258687,-72.53,-3.13,-24.65,27.06,81.16,UNDERVALUED
MDT,Health Care (S&P 500),2025-08-26,0.0363273832103738,0.07,0.4532118764355493,0.0362439747868001,0.0483618593623769,1.4168118798332383,0.9951843799870445,0.2584535494464245,0.4954682779456193,-0.2297822079660662,1.36,3.43,7.8,21.44,3.39,FAIRLY VALUED
META,Communication Services (S&P 500),2025-08-26,0.1877313935329831,0.1032305888427401,1.4172638771703048,0.2194111280781604,0.0111068507841551,0.4195541225237005,0.4524552446310324,0.1885543712364328,0.0147432638535841,-0.002714416643031,85.33,12.12,43.31,36.64,-27.38,OVERVALUED
MGM,Consumer Discretionary (S&P 500),2025-08-26,0.1460002961207431,0.07,1.4533738475761415,0.0665849678509654,0.2331928650019081,11.723181208301266,8.311277347730345,3.4896400306477835,1.0,-2.5753367022989297,41.7,9.5,-1.08,42.57,12.1,UNDERVALUED
MAA,Real Estate (S&P 500),2025-08-26,0.041505088136736,0.07,0.4811469428963699,0.0198034134089965,0.0700674622908291,2.1350704435863705,1.5046566249669608,0.3718201080093345,0.9036511156186612,-0.3119195092111405,10.19,-11.43,-5.29,20.79,-3.01,FAIRLY VALUED
MSFT,Information Technology (S&P 500),2025-08-26,0.1566996201307127,0.0844758715524875,0.9632102171199524,0.1566996201307127,0.032054794023213,1.4892190502747094,1.4707362418379164,0.5887419841714403,0.7854050711193569,-0.0131860958517064,20.12,26.03,21.36,24.84,-3.37,FAIRLY VALUED
MTD,Health Care (S&P 500),2025-08-26,-0.0060580842645739,0.0885857992062049,1.1360856488446995,0.0221872080656567,0.0359629824392174,0.5296182771348773,0.519892786004639,0.1463662184764833,0.0,-0.0726178195792965,-8.82,-0.37,-10.53,34.24,8.44,UNDERVALUED
MDLZ,Consumer Staples (S&P 500),2025-08-26,0.0756412338731387,0.07,0.0951275823438975,0.0118003109729009,0.0649591911226924,2.522676614916186,1.8406919095042995,0.4667910770150836,0.9788092835519676,-0.2153844612909457,-34.04,-0.84,-10.4,21.86,6.96,UNDERVALUED
TAP,Consumer Staples (S&P 500),2025-08-26,0.0423694013102859,0.07,0.3285042092082845,-0.0064176515326308,0.0989259143727924,2.9366962261680003,2.047117366175118,0.5346955108870957,0.9858012170385396,-0.5327842737944533,-60.8,-17.53,-3.45,25.56,-11.71,OVERVALUED
NDAQ,Financials (S&P 500),2025-08-26,0.0902128627431377,0.0736520119097178,0.911594289189406,0.2203166226912928,0.0324721201026424,1.1047153549788662,0.8453392522719261,0.2621430611577461,0.273489932885906,-0.1721206848228466,29.02,19.33,36.62,22.89,4.09,FAIRLY VALUED
MCO,Financials (S&P 500),2025-08-26,0.1385381867260773,0.0859746795212614,1.0793481038247972,0.1981068289384719,0.0242339304844618,0.928001920536102,0.917137530928165,0.3436706830135654,0.3473621813870776,-0.0583928224853259,4.11,3.0,7.47,26.13,-1.62,FAIRLY VALUED
MSI,Information Technology (S&P 500),2025-08-26,0.0895484803956969,0.07,0.5760108702364299,0.0840849869713369,0.0184559324738387,0.8143645024515062,0.5922370362034715,0.1724659780579726,0.025562372188139,-0.0591355576250158,42.42,7.45,6.91,22.28,5.13,UNDERVALUED
MSCI,Financials (S&P 500),2025-08-26,0.1270233744444866,0.0748770440458941,0.826555001750944,0.1293864574601015,0.036709340952786,1.6466888073119104,1.3507214028265526,0.4486157856378741,0.772508038585209,-0.0964934853337611,0.21,-0.76,1.26,25.56,0.96,FAIRLY VALUED
NEM,Materials (S&P 500),2025-08-26,0.252173938384004,0.07,0.5129429933842621,0.5816119200812733,0.0296548793746999,2.6808522938906005,1.884018783641828,0.6149050249823526,0.9363636363636364,-0.0662758779572534,-87.18,67.97,42.19,38.24,78.1,UNDERVALUED
NTAP,Information Technology (S&P 500),2025-08-26,0.0163702513832681,0.0879088631833946,1.2659656317986336,0.0485003190810465,0.0586054183598799,1.0873873566641106,1.0749324428980114,0.2722685050069928,0.5535816618911175,-0.0346548118735066,15.59,-11.12,-16.15,37.31,79.31,UNDERVALUED
NFLX,Communication Services (S&P 500),2025-08-26,0.1106758050564142,0.0840129230488591,0.9588658057835292,0.156499199944774,0.0166593615170606,0.5878807531885829,0.5747019964196637,0.1859259306203692,0.028415961305925,-0.0148303814618728,85.45,23.84,78.54,33.06,-34.64,OVERVALUED
NWSA,Communication Services (S&P 500),2025-08-26,0.0299550673989017,0.07,0.8069818881735814,0.0299550673989016,0.0186249925371263,0.5412419271055017,0.3830797662977627,0.0939777636813117,0.0,-0.0733109728081972,20.9,6.27,6.45,22.02,0.49,FAIRLY VALUED
NWS,Communication Services (S&P 500),2025-08-26,0.0299550673989017,0.07,0.8028095067515119,0.0299550673989016,0.0161351356867915,0.468886734629275,0.3346508687467602,0.0797638280200995,0.0,-0.0635104949026439,36.82,8.25,18.24,22.46,-0.82,FAIRLY VALUED
NEE,Utilities (S&P 500),2025-08-26,0.0868252657333212,0.07,0.3256385338236316,-0.1195489791562922,0.0282604236273903,0.688609387793777,0.3625437467207318,0.2160921951919987,0.0029556650246305,-0.5403653530764572,-4.24,7.12,-3.25,28.59,16.91,UNDERVALUED
NDSN,Industrials (S&P 500),2025-08-26,0.0190525363134199,0.0810027130006433,1.0900038543660535,0.0233159301111757,0.0249191087689349,0.3918484639031654,0.3435714717067878,0.118843273844034,0.0,-0.1725052536935416,11.95,8.08,-10.81,28.97,49.81,UNDERVALUED
NSC,Industrials (S&P 500),2025-08-26,-0.0247069426753048,0.0701473673916284,0.8462610632822333,-0.0027147087857847,0.0371350278244293,0.6324386460004779,0.4186894422446934,0.1344864378802017,0.0,-0.2573796842900257,6.85,15.56,17.5,27.04,27.49,UNDERVALUED
NOC,Industrials (S&P 500),2025-08-26,0.0588007170978193,0.07,0.0843544293789251,0.0443624331891066,0.0552501455126412,2.0142070879128218,1.4642844509791029,0.376506875360399,0.8893320039880359,-0.1434081872807402,-9.79,31.58,18.47,26.91,-3.43,FAIRLY VALUED
NCLH,Consumer Discretionary (S&P 500),2025-08-26,0.3989586120667472,0.08586218547028,1.78318784368237,0.1087409665863696,0.0723632650282216,11.071778505750364,5.48609325177092,2.103503046234569,0.9882005899705014,-1.1853609394795666,-23.68,-1.16,41.49,51.57,-32.35,OVERVALUED
NUE,Materials (S&P 500),2025-08-26,-0.1395557937731856,0.087614139857519,1.2917717007883187,-0.114651149392176,0.0858346920244061,0.679190514709054,0.8566386706733837,0.2177230934637563,0.2572590011614402,-0.0998019612011388,105.91,10.9,1.87,41.11,64.72,UNDERVALUED
NVR,Consumer Discretionary (S&P 500),2025-08-26,0.0002506734635194,0.07,0.507974880558467,0.1057885414292709,0.0551626460002506,1.546401731269924,1.1564237381206874,0.2313510286901809,0.711897738446411,0.0654557740046869,34.34,11.91,-13.44,27.1,-21.92,OVERVALUED
NVDA,Information Technology (S&P 500),2025-08-26,1.199518338720932,0.1311068565854037,1.9949112376198013,1.1420340763599357,0.0082331475691827,16.04715989652827,0.3834698115075654,0.0869126845110499,0.0,-0.0003135080945509,58.25,38.48,40.55,51.69,19.46,UNDERVALUED
NRG,Utilities (S&P 500),2025-08-26,-0.0556491662049456,0.0963044475594287,1.6672552502736884,-0.0240432987544669,0.1302975279208373,1.0094269180393205,1.045871478371473,0.3484373763169567,0.4747368421052632,-0.3494570098600282,35.86,29.89,77.86,55.21,-20.14,OVERVALUED
ORLY,Consumer Discretionary (S&P 500),2025-08-26,0.0768087548608551,0.07,0.2535850967955752,0.0566794099511454,0.0249147252765981,0.9692764795674046,0.6869534528743477,0.1821383590146245,0.0536585365853658,-0.0875691513438413,42.52,16.33,38.61,20.24,-13.67,OVERVALUED
OXY,Energy (S&P 500),2025-08-26,-0.2247234906219978,0.07,0.960205045565998,-0.0491017446882017,0.1361078580158236,0.5847787267365678,1.1663272264433373,0.3301197554267268,0.675365344467641,-0.5857381543680297,26.89,-4.15,-17.99,34.97,36.39,UNDERVALUED
NXPI,Information Technology (S&P 500),2025-08-26,-0.0226340369789349,0.1092481393560855,1.815896707970073,-0.0498644169930702,0.0377250291555043,0.263926998611159,0.281353515418629,0.0966011809563472,0.0,-0.1316400209697919,30.98,4.68,-4.1,46.34,-4.58,FAIRLY VALUED
ODFL,Industrials (S&P 500),2025-08-26,-0.0362199622530132,0.0971983436935568,1.2311280900707433,-0.0087522450833186,0.0274172794538975,0.3182466848198921,0.3347727893351112,0.0837530492203647,0.0,0.0014894940674508,-5.5,-11.78,-23.74,40.76,33.26,UNDERVALUED
OMC,Communication Services (S&P 500),2025-08-26,0.047843871721001,0.07,0.8078063559899742,0.067852329807653,0.1096750296911809,3.8242811980735874,2.744446540784946,0.6408534154174331,1.0,-0.172070240578843,-8.24,-5.29,-18.23,30.14,16.25,UNDERVALUED
OKE,Energy (S&P 500),2025-08-26,-0.0155086542286916,0.07,0.9730469028165352,0.2274707246704757,0.0860139818773551,1.421152923650972,0.8834373238034936,0.3224398158936105,0.3865030674846625,-0.761502327905321,0.96,-20.31,-11.51,31.86,34.02,UNDERVALUED
ON,Information Technology (S&P 500),2025-08-26,-0.0777179839527074,0.1155833350063369,1.976987744472378,-0.1418514479583182,0.0201822612663565,0.1225931903741023,0.1314504035920902,0.0375701975544118,0.0,-0.0313263844613235,-14.19,0.87,-33.22,57.84,46.52,UNDERVALUED
PKG,Materials (S&P 500),2025-08-26,-0.0056007277178532,0.0704987059783569,0.8160021462478607,0.0744514508356403,0.0208317426939256,0.4378136886219579,0.3033214833115253,0.0854200948267789,0.0,-0.1125042775853513,48.31,0.77,6.41,26.32,20.84,UNDERVALUED
ORCL,Information Technology (S&P 500),2025-08-26,0.0601953797493695,0.098797418499713,1.4730501647705825,0.0601953797493694,0.0244373980415607,0.3498442294113228,0.3741696974379284,0.1438919312844781,0.0,-0.1295814463630765,66.34,36.57,70.03,44.19,-38.65,OVERVALUED
PANW,Information Technology (S&P 500),2025-08-26,0.2079517810019766,0.0959006714506394,1.2210820584804796,0.1646379502952399,0.0044057031962943,0.2165756103872033,0.2295700372030016,0.0956911595669882,0.0,0.0015928360017328,-70.21,-2.81,5.05,35.99,89.74,UNDERVALUED
PH,Industrials (S&P 500),2025-08-26,0.1209340018571005,0.0969617687346235,1.3840263681492395,0.045371098872279,0.0694525294587759,1.810255702974308,1.892635230872209,0.6561834651209818,0.9711891042430592,-0.1044137127554259,32.93,15.61,29.57,31.75,32.47,UNDERVALUED
PAYX,Industrials (S&P 500),2025-08-26,0.0541630884144515,0.0706093628431236,0.6454460259020653,0.0541630884144514,0.0308867445841494,1.1605452016663331,0.8797611348090811,0.1969618830282744,0.2889733840304182,0.0126566880471144,30.13,-6.15,9.19,24.09,-7.04,OVERVALUED
PEP,Consumer Staples (S&P 500),2025-08-26,0.0311272698437508,0.07,0.198080345441678,0.0041871194148965,0.046119627496907,1.3229575183641873,0.9299018341215536,0.2322719205337303,0.382716049382716,-0.1878491839424829,-15.97,-1.04,-13.37,21.66,0.48,FAIRLY VALUED
PNR,Industrials (S&P 500),2025-08-26,-0.0047421869605686,0.0874000277742452,1.112133478960648,-0.0052868802533804,0.0372647134524732,0.5509705675910124,0.539314407649146,0.1556312114674136,0.0011600928074245,-0.0927344459354024,44.09,17.67,27.03,27.38,-40.86,OVERVALUED
PYPL,Financials (S&P 500),2025-08-26,0.0749410306371862,0.0888192277782273,1.2399958680518517,0.0680528030633838,0.0628231443633077,1.5605607667992314,1.5519634955419053,0.4619887518247344,0.9138810198300285,-0.0465621979094183,-21.87,-2.6,-2.12,37.11,-10.46,OVERVALUED
PFE,Health Care (S&P 500),2025-08-26,-0.2069800429150203,0.07,0.4478495245232456,0.0683917117238136,0.1245092593552114,0.7082898214033829,1.1403081568852027,0.3067837175470747,0.6617801047120419,-0.4744089841793136,-22.7,-2.22,-7.72,24.63,19.34,UNDERVALUED
PSX,Energy (S&P 500),2025-08-26,-0.0823257618238372,0.0771336501030028,1.148233062169289,-0.0288061655777854,0.0977794327468817,1.1352550723193306,0.9674130508144044,0.3103005017938274,0.4278571428571429,-0.3556640633627129,168.14,5.58,-0.41,35.79,90.24,UNDERVALUED
PM,Consumer Staples (S&P 500),2025-08-26,0.0920426474074582,0.07,0.1122266719793526,0.076874964462387,0.0335239975208978,1.3782341722360263,0.985226856948502,0.2949644474318409,0.4620622568093385,-0.165847137271598,41.57,9.49,44.17,27.19,19.06,UNDERVALUED
PNW,Utilities (S&P 500),2025-08-26,0.0886321532250875,0.07,0.2373602510258214,0.0913383351884618,0.0409067985685806,0.7235921291121855,0.2436011758130881,0.3107868732691599,0.015,-1.0707647393745667,4.72,0.1,7.58,17.84,14.75,UNDERVALUED
PPG,Materials (S&P 500),2025-08-26,0.007370048824338,0.0729180990177603,0.9588066545595388,-0.0244428026105159,0.0712545374404491,1.67558511093775,1.2925849662454487,0.3091463005589848,0.811044003451251,-0.2031883836791339,-25.34,-0.88,-8.86,28.7,2.5,FAIRLY VALUED
PG,Consumer Staples (S&P 500),2025-08-26,0.0247908689608078,0.07,0.1668436415068586,0.0247908689608077,0.0313286861566417,0.9185686581687704,0.6681958331739207,0.1508322720692019,0.0049554013875123,-0.066886511863461,3.34,-7.76,-5.47,18.51,-5.64,OVERVALUED
PSA,Real Estate (S&P 500),2025-08-26,0.0596094166101026,0.07,0.4348944028737919,0.0393842871024793,0.0664798691604406,2.3844662026981083,1.701706582439943,0.4156806280468539,0.9556412729026036,-0.1830437206690075,25.65,-3.15,-12.01,23.13,16.36,UNDERVALUED
PTC,Information Technology (S&P 500),2025-08-26,0.0903469280926798,0.085070381957175,1.0264705643736398,0.0960485977226136,0.0369819755810641,1.014668013302912,0.9708406488911036,0.2846512339480536,0.3953209358128374,-0.0651664768074975,36.98,30.39,19.89,33.5,-27.78,OVERVALUED
PHM,Consumer Discretionary (S&P 500),2025-08-26,0.0589974363837058,0.07,0.7257291616053694,0.1173839830681642,0.0640785294202199,2.4811945696652176,1.832172011284766,0.435109297168084,0.9851632047477744,-0.0242896035585445,37.08,26.08,-2.22,35.54,-1.86,FAIRLY VALUED
PWR,Industrials (S&P 500),2025-08-26,0.1774930806057448,0.0936035337253896,1.2599394045591163,0.1336347797737461,0.0178254606086933,0.5762335876951186,0.6058988010168223,0.244820615095041,0.073340471092077,-0.065968164840493,52.75,42.91,40.72,38.89,72.7,UNDERVALUED
DGX,Health Care (S&P 500),2025-08-26,-0.0005566661193998,0.07,0.2849691421866897,0.0670125378296584,0.0548369202645913,1.2212885819833943,0.8095611572423302,0.2261157301689886,0.2354771784232365,-0.3334616116373403,23.22,4.96,19.73,22.54,36.14,UNDERVALUED
RTX,Industrials (S&P 500),2025-08-26,0.0971395989207266,0.07,0.558083830082616,0.1714741729541497,0.0455171321392511,1.901022669566192,1.3737437162446742,0.3882941545277602,0.814484126984127,-0.1781503689808989,35.17,26.53,37.33,25.79,35.01,UNDERVALUED
QCOM,Information Technology (S&P 500),2025-08-26,-0.0611213003429659,0.1041194473636466,1.5061459889429945,0.087716359575656,0.0452532900745341,0.3677641952778281,0.3882385305001226,0.106217168590857,0.0,-0.039106773955744,42.09,-0.69,-6.24,38.03,3.11,FAIRLY VALUED
RSG,Industrials (S&P 500),2025-08-26,0.0893065250420668,0.07,0.366205386310221,0.0712996992983628,0.0398232273257402,1.6291411671356042,1.1475847897981353,0.3382337479803599,0.6398390342052314,-0.1782423839117904,24.93,1.67,14.81,18.32,-5.25,OVERVALUED
REGN,Health Care (S&P 500),2025-08-26,0.0801342242578304,0.0711479544922137,0.6892783082327983,0.0827005763425121,0.0380220588397429,1.5773014834072956,1.194458719072654,0.2912470207516113,0.699630314232902,-0.0033734927105656,-30.4,-16.62,-50.78,38.72,41.39,UNDERVALUED
RMD,Health Care (S&P 500),2025-08-26,0.1443020801457175,0.0713124782814526,0.6658028982385017,0.1094730680349221,0.0211834797468277,1.2160423746047797,0.9185160201053304,0.2807625535742209,0.3576642335766423,-0.0153323251778744,19.06,22.07,26.92,29.01,-19.05,OVERVALUED
RVTY,Health Care (S&P 500),2025-08-26,-0.0879275083289217,0.0748199261704912,1.0810762373805147,0.0016196636989192,0.0347960309926906,0.3505448788712481,0.2717446519162816,0.1053754898690611,0.0,-0.1970091318972096,-26.33,-20.63,-24.56,36.0,36.44,UNDERVALUED
ROL,Industrials (S&P 500),2025-08-26,0.1211697891743923,0.07,0.335761267578111,0.1026363381379751,0.0221093920446722,1.2440509979461305,0.9236495971126326,0.2943164060972018,0.3696969696969697,-0.0268128771666557,21.34,10.78,14.01,20.8,-34.64,OVERVALUED
ROP,Information Technology (S&P 500),2025-08-26,0.1447264952916369,0.07,0.6926171307052434,0.1394347502347113,0.042717088240088,2.305362964991608,1.6722229170562657,0.5213879160839633,0.9164179104477612,-0.1341092568570175,-15.43,-8.55,-3.7,20.06,-21.05,OVERVALUED
ROST,Consumer Discretionary (S&P 500),2025-08-26,0.0630883494450966,0.07,0.6825237081891499,0.0369181026730165,0.0414807107519391,1.644534948190267,1.2318096937715206,0.3023486116074158,0.7497536945812808,-0.0196896522062005,4.98,7.53,-3.39,25.66,55.78,UNDERVALUED
ROK,Industrials (S&P 500),2025-08-26,0.0319368014503196,0.088451291357138,1.1659119475209878,-0.0876573194965776,0.0255890540148103,0.4320474913574803,0.4292126575991937,0.1330063513993238,0.0,-0.0910698175667707,60.24,24.89,33.52,34.68,22.93,UNDERVALUED
SPGI,Financials (S&P 500),2025-08-26,0.1272653309558937,0.0748933272349523,0.8175924678719063,0.1369128590861806,0.0294656933858941,1.2636146414946892,1.0232393422014223,0.3006688903688553,0.5036437246963563,-0.0642584536187613,7.03,4.74,11.33,21.97,-16.75,OVERVALUED
RCL,Consumer Discretionary (S&P 500),2025-08-26,0.3655837596152376,0.1067349340627983,1.650993186353751,0.1859712230215827,0.0355860552566891,3.038544614721312,2.0822902625494915,0.8093675095657209,0.9368686868686869,-0.2184735526313029,-45.05,45.83,119.3,43.12,-17.3,OVERVALUED
SBAC,Real Estate (S&P 500),2025-08-26,0.0087298475393418,0.07,0.0476582362119476,-0.0117827808395388,0.0437546166927023,0.5955929461438718,0.2648545207543147,0.1932809633512659,0.0,-0.6781948259813695,4.83,3.08,-1.83,25.12,-15.4,OVERVALUED
SLB,Energy (S&P 500),2025-08-26,0.1365901826274795,0.0809534441613111,1.1286413313443977,0.0951863588350686,0.0598137925300053,2.347498761771265,2.1521833003669952,0.7759558039660568,0.9767750497677504,-0.1771088247502385,-38.78,-12.27,-19.48,36.44,55.76,UNDERVALUED
SPG,Real Estate (S&P 500),2025-08-26,0.0616325783144169,0.07,0.9301772459117016,0.0538912949588926,0.071167754656916,2.404667688210396,1.679102638993648,0.4943382668557683,0.9167482859941234,-0.4245802074009769,20.37,-1.55,11.58,25.94,30.27,UNDERVALUED
STX,Information Technology (S&P 500),2025-08-26,-0.1128114842903574,0.0946454646997631,1.358820456053342,-0.1128114842903575,0.0240595236942056,0.0773099215770009,0.1070748645375451,0.0564215019460524,0.0,-0.1252971974602314,162.67,67.03,62.68,41.26,418.8,UNDERVALUED
NOW,Information Technology (S&P 500),2025-08-26,0.2312920267793867,0.103838864484328,1.4036317166677208,0.2243897001449113,0.0060753543173845,0.2281427352247426,0.2409957137399339,0.0931947535084692,0.0,0.000145624768403,-27.04,-8.21,4.39,39.51,-24.97,OVERVALUED
SHW,Materials (S&P 500),2025-08-26,0.0212117610880313,0.07,0.7414505520234834,0.0020215253406443,0.0339349940743353,0.9151886960515124,0.6474304735995372,0.1592950353521225,0.0086455331412103,-0.1279933502707188,8.61,2.58,3.01,24.18,-4.66,FAIRLY VALUED
SWKS,Information Technology (S&P 500),2025-08-26,-0.1272776300190468,0.1084325187021634,1.668339110498134,-0.1245494929176095,0.0235771323757902,0.1798883238583874,0.2165127192460625,0.0475189708531243,0.0,0.0143519143789316,44.98,15.54,-28.04,49.41,-7.3,OVERVALUED
SNA,Industrials (S&P 500),2025-08-26,0.0270879485731905,0.0754475479582662,0.8175692760112641,1.957598418260478e-05,0.0461256879275512,1.2649098626643829,1.0647491281381685,0.2282413317063778,0.5874125874125874,0.0040251469864305,20.17,-1.45,19.19,26.45,21.86,UNDERVALUED
LUV,Industrials (S&P 500),2025-08-26,0.0742760515907519,0.0760760834171591,1.264928116483853,0.0533517304817753,0.0842451433917573,2.833719098684571,2.37301156849482,0.5858464662283379,1.0,-0.0282244366186867,11.58,10.11,21.28,40.88,21.67,UNDERVALUED
STE,Health Care (S&P 500),2025-08-26,0.0970519119288617,0.07,0.5219499540662976,0.0624282406056006,0.0337769547253953,1.4584665394723269,1.0511612658962342,0.2776912280309097,0.5447470817120622,-0.0837850277031906,15.22,11.71,6.38,22.77,-4.39,FAIRLY VALUED
SYK,Health Care (S&P 500),2025-08-26,0.1066741288715873,0.0712196964500218,0.7382059437252145,0.1023026636745048,0.0094443963141372,0.3665447800673983,0.2641334304144024,0.0869983867708996,0.0,-0.0667980309878344,30.44,1.11,12.62,21.3,-16.05,OVERVALUED
SWK,Industrials (S&P 500),2025-08-26,-0.04780776642364,0.093228219033508,1.4675290361544964,-0.0263226264328849,0.0672522797076098,0.3324654601794102,0.3459057582291254,0.2232366728567027,0.0048076923076923,-0.5349941347983304,-47.99,-12.01,-22.06,43.4,37.46,UNDERVALUED
SBUX,Consumer Discretionary (S&P 500),2025-08-26,0.05911859625859,0.0732514338151901,1.0332805100694904,0.005576001512136,0.0358024830509315,1.0079254930623536,0.7579335089172339,0.2323876968822009,0.1698606271777003,-0.2351594584413934,-0.4,-22.29,-5.51,32.83,23.1,UNDERVALUED
STLD,Materials (S&P 500),2025-08-26,-0.1123341903179394,0.0870776961963779,1.2526744100763216,-0.066768018159418,0.0925133431808136,0.7555413783637077,0.8532079497343483,0.2393025449419869,0.2412993039443155,-0.134283605655409,107.86,-0.53,10.69,38.99,68.24,UNDERVALUED
SYY,Consumer Staples (S&P 500),2025-08-26,0.0717866465720449,0.07,0.3435383112708598,0.0330036030134294,0.0678057911966018,2.477095554496346,1.7475901937984235,0.4824858811083578,0.9507722007722008,-0.3216791334272547,-11.19,8.76,6.05,20.99,7.27,UNDERVALUED
TMUS,Communication Services (S&P 500),2025-08-26,0.0114275857144372,0.07,0.370603599541437,0.036177092084829,0.0394370149601978,0.7810528767416886,0.4819600008649259,0.1745325566320963,0.0,-0.384602164826827,3.71,-4.03,28.27,27.92,-26.5,OVERVALUED
TDY,Information Technology (S&P 500),2025-08-26,0.0191800032100899,0.0727407063429101,0.8077395586400941,0.006121905775885,0.0349295733446363,0.9178976282422306,0.7109550423496477,0.1622268708611491,0.0325131810193321,-0.0840657747975882,23.85,8.67,28.93,23.01,16.37,UNDERVALUED
TGT,Consumer Staples (S&P 500),2025-08-26,-0.0117720026329659,0.07,0.8707577642021331,-0.0078762149480504,0.0685331189342782,1.3421883648623116,0.9158920904802982,0.2593077509734111,0.3988326848249027,-0.3591445386217843,-39.05,-20.78,-37.02,39.38,71.32,UNDERVALUED
TER,Information Technology (S&P 500),2025-08-26,-0.0546066682924297,0.1236970886235217,1.830836284034804,0.0536494814852456,0.0336193247056749,0.2876948061226154,0.2973006649632881,0.0543962702872243,0.0,0.0249169665271568,34.35,3.47,-12.34,53.27,223.86,UNDERVALUED
TJX,Consumer Discretionary (S&P 500),2025-08-26,0.0623768941253473,0.07,0.5003187459504511,0.039526347824483,0.0286055517063039,1.0932988585484682,0.8029090711325337,0.1959971669644254,0.1622448979591836,-0.0492436188749047,24.91,10.14,15.85,17.86,4.19,FAIRLY VALUED
TEL,Information Technology (S&P 500),2025-08-26,-0.0134807056310175,0.089654721669581,1.1755734573510763,-0.0117874516652114,0.0427926932454166,0.5989150788881195,0.6013497577392243,0.1622767299186228,0.0084222346996069,-0.0488736902837277,73.35,36.56,37.4,29.34,-2.41,FAIRLY VALUED
TXT,Industrials (S&P 500),2025-08-26,0.0318571578409399,0.0755498240643333,1.0311458599479977,0.0013885843747716,0.0951483731651956,2.531460924506471,2.0827535034737163,0.4838145186156128,0.998407643312102,-0.1443251206187343,10.92,11.43,-9.4,28.77,3.77,FAIRLY VALUED
TMO,Health Care (S&P 500),2025-08-26,-0.022927877741896,0.0738332851120015,0.859831068396656,0.0005133350444501,0.0368483659072371,0.6829767452449665,0.5354840427388003,0.1398055008611538,0.0,-0.1471252930866952,-13.61,-8.23,-19.15,30.39,28.94,UNDERVALUED
TXN,Information Technology (S&P 500),2025-08-26,-0.1162824768767709,0.0995971212620221,1.4020731278163945,-0.107197899423483,0.0151825729419455,0.0480778055136612,0.0684996002715054,0.030462607863746,0.0,-0.0568229009696211,75.47,5.55,1.09,40.31,32.28,UNDERVALUED
TSCO,Consumer Discretionary (S&P 500),2025-08-26,0.0236048108180249,0.07,0.6072086150893966,0.0224990263291989,0.0215156241187728,0.5113992207969495,0.3404218056575132,0.1026020788852923,0.0,-0.1602501866717909,31.79,12.81,16.95,28.49,-42.21,OVERVALUED
TT,Industrials (S&P 500),2025-08-26,0.1137912845185413,0.0848988084487141,1.0023605060851442,0.1222224736389555,0.0266651527165711,0.9288759609474678,0.8995620135649159,0.3070294400138805,0.3201438848920863,-0.0334738123014458,52.65,22.12,21.91,28.25,6.58,UNDERVALUED
TKO,Communication Services (S&P 500),2025-08-26,1.0697510807150747,0.0759462612261191,0.8263740170890064,0.5145891399021829,0.0233128784447895,33.923307237641765,1.6488123194183355,0.4375227003854916,0.9418153607447634,-0.1663927981769905,142.87,16.64,57.67,33.43,7.2,UNDERVALUED
TSN,Consumer Staples (S&P 500),2025-08-26,0.0002533367777735,0.07,0.2396938951578084,0.0080936442200412,0.0187929521030997,0.1249106798607204,-0.0095918462025212,0.0806031058977391,0.0,-0.4100791819474231,-46.11,-3.45,-6.83,22.92,5.6,UNDERVALUED
TDG,Industrials (S&P 500),2025-08-26,0.2093453258472728,0.07,0.7933437438470597,0.2057706909643128,0.0384852445600866,3.0157623108356093,2.224309479378053,0.8781895960809235,0.9391824526420738,-0.2507101129151169,39.86,6.04,12.48,28.78,-10.74,OVERVALUED
TYL,Information Technology (S&P 500),2025-08-26,0.0749147772321363,0.0716977838499227,0.6858480166509926,0.09532568447512,0.006848684502576,0.2705771994685353,0.2089849245418388,0.0478882137658222,0.0,0.0045239320287868,20.38,-11.24,-4.29,25.44,-36.38,OVERVALUED
TRMB,Information Technology (S&P 500),2025-08-26,0.0009515914117421,0.1004744959352438,1.3911265213279238,-0.0303788138047226,0.0678163226054873,0.8947504238451406,0.9269311417909436,0.2505865275151815,0.3050411522633744,-0.0325607724736454,40.38,14.08,42.9,33.95,-26.72,OVERVALUED
UDR,Real Estate (S&P 500),2025-08-26,0.0496622518393576,0.07,0.6542548764818485,0.027244837330361,0.0489206945814039,1.2885084995071003,0.8304106798056031,0.2770882478085164,0.2896281800391389,-0.4894680849639003,20.18,-9.47,-6.75,22.73,1.59,FAIRLY VALUED
UBER,Industrials (S&P 500),2025-08-26,0.1745703029963734,0.0888846842868858,1.0895398242872545,0.1796357393846731,0.0235122687988994,1.0769374442749096,1.1327499088010582,0.4796552226971654,0.5479683972911964,-0.0257174266980054,9.19,27.23,29.92,40.75,-18.63,OVERVALUED
UNP,Industrials (S&P 500),2025-08-26,-0.0126427334245742,0.07,0.7175352465874327,0.005431402628633,0.0487377480062677,0.9640928757845548,0.6567625241306748,0.1817517410138995,0.0172239108409321,-0.238958070262766,-1.94,-8.21,-7.71,23.95,39.57,UNDERVALUED
UHS,Health Care (S&P 500),2025-08-26,0.0868508247393531,0.07,0.6698226776317212,0.1082454556708399,0.086081862294965,3.444058231822391,2.437054911352888,0.7156150465890562,0.993217054263566,-0.4113714659098973,-20.77,0.96,-21.86,34.51,-4.32,FAIRLY VALUED
UPS,Industrials (S&P 500),2025-08-26,-0.0473026697038866,0.07,0.7536104523886757,0.0012313375404032,0.0885000650393226,1.459966769960085,1.0425102411623084,0.2818164224467804,0.5592039800995025,-0.2788284928929734,-17.96,-22.51,-27.32,31.73,24.99,UNDERVALUED
UNH,Health Care (S&P 500),2025-08-26,0.111219385029389,0.07,0.2580876481605804,0.0771106123964673,0.066113781891991,3.181684040837918,2.2836797987503368,0.6882322032559633,0.9887640449438202,-0.1927064182765993,-22.42,-34.46,-47.63,47.76,31.53,UNDERVALUED
UAL,Industrials (S&P 500),2025-08-26,0.1266481272648245,0.0845667716130946,2.0557813297548004,0.0622894055885473,0.0894048316845207,2.5540191032148574,2.4483373348395787,1.014123639099325,0.9645301804604852,-0.7282056208344786,0.85,6.91,140.37,58.4,7.28,UNDERVALUED
URI,Industrials (S&P 500),2025-08-26,0.1480733844727368,0.0906890627083413,1.391689569268166,0.0706809935807982,0.0288637513634546,0.8838509477137041,0.9298565862632392,0.4517059849025516,0.3666482606294864,-0.2344518778569854,53.31,47.42,27.77,37.3,17.01,UNDERVALUED
VLO,Energy (S&P 500),2025-08-26,-0.1418870632248813,0.0768874297128328,1.0015379878942705,-0.1028211044029675,0.1015436332278904,0.9912982824225623,1.1009159025047468,0.2570296314761907,0.6241660489251297,-0.1519137919774026,152.12,14.79,4.05,37.56,137.33,UNDERVALUED
VTR,Real Estate (S&P 500),2025-08-26,0.092039031493615,0.07,0.3005145751128249,0.0948100049201536,0.0316058420628439,0.9632980063022514,0.5972153892892723,0.2541644848656014,0.0573122529644268,-0.4457944559121666,27.78,0.47,16.85,22.32,40.61,UNDERVALUED
VZ,Communication Services (S&P 500),2025-08-26,-0.0075079964571487,0.07,0.0873419246997965,0.0060758057533551,0.1224994289170735,2.305623593493429,1.47492782689506,0.4853982283750549,0.8263821532492726,-0.9476880025310448,2.88,5.11,13.84,21.61,19.54,UNDERVALUED
VLTO,Industrials (S&P 500),2025-08-26,0.0326298636579687,0.07,0.6888116178994287,0.0342561242780322,0.0154405403562438,0.4474849222535643,0.3153921689460795,0.0772916857172611,0.0,-0.0632053945157469,19.48,7.65,-3.78,20.94,-6.65,OVERVALUED
VRSK,Industrials (S&P 500),2025-08-26,0.0742741167194824,0.07,0.3414089157932549,0.0746997836950846,0.0115466840500117,0.4039600343102484,0.2746093290172531,0.0830118097111306,0.0,-0.0791365850805215,10.26,-6.57,0.64,21.1,-29.42,OVERVALUED
VTRS,Health Care (S&P 500),2025-08-26,-0.0479886986474733,0.07,0.8435854531535597,-0.0445714952453182,0.204499662938536,3.4345670251208182,2.3251142347357887,0.7040189303272009,0.9779338014042126,-1.1224660656403356,40.97,-3.8,-7.21,36.7,59.15,UNDERVALUED
VRTX,Health Care (S&P 500),2025-08-26,0.1108361826324009,0.07,0.5132352881114546,0.1166153284967373,0.021813509465968,1.0915884187316542,0.8216113185246108,0.2017959112223879,0.1901960784313725,0.0284000625612297,3.85,-19.19,-19.55,35.99,39.54,UNDERVALUED
VICI,Real Estate (S&P 500),2025-08-26,0.2165799150957192,0.07,0.3802892859513862,0.065674913648661,0.0796639775957732,5.790208360181742,4.026021668336162,1.5153186085934185,0.997969543147208,-0.5160303541344902,-24.37,6.13,7.31,18.77,-15.43,OVERVALUED
VMC,Materials (S&P 500),2025-08-26,0.0069815889006867,0.0702641724071621,0.7624423454267294,-0.0468009098035184,0.021684077739005,0.4948758100409751,0.333633272698484,0.0967302377314287,0.0,-0.1380389720416353,27.81,16.9,15.09,25.73,-6.36,OVERVALUED
V,Financials (S&P 500),2025-08-26,0.1071246580803411,0.0754232762558664,0.7733141405782815,0.1002358129421492,0.0297944714929715,1.3103406853182886,1.092275857947014,0.3308891348721027,0.5782101167315176,-0.0128945377086693,46.52,0.5,32.23,22.6,4.98,FAIRLY VALUED
VST,Utilities (S&P 500),2025-08-26,0.1201169602599563,0.1134716693372736,2.0493851845119986,0.1654374450233439,0.0714549994523865,1.3434834999408256,1.4459307094962432,0.5502029253609576,0.806015037593985,-0.2404964302348582,-9.07,32.06,129.09,70.55,-28.42,OVERVALUED
GWW,Industrials (S&P 500),2025-08-26,0.0617894802862504,0.071784107470287,0.7275767223692988,0.0418740138366306,0.0332244621135191,1.202800145207466,0.9297829411588484,0.2292032497397683,0.38134810710988,-0.0442588456573782,29.4,0.84,3.88,24.32,29.56,UNDERVALUED
WMT,Consumer Staples (S&P 500),2025-08-26,0.0554690006461211,0.07,0.6419725832404526,0.0507000964320154,0.0183812708381619,0.6272884462241762,0.4490777097097991,0.1111963855343604,0.0,-0.0666714457855545,42.14,0.59,28.12,23.95,8.76,UNDERVALUED
WM,Industrials (S&P 500),2025-08-26,0.0583302653488444,0.07,0.3095608057855906,0.0801429550572799,0.0194374118159173,0.492958914256173,0.3001275143914467,0.1291257236015449,0.0,-0.2638580604316401,20.48,-0.8,8.8,18.46,1.45,FAIRLY VALUED
WAB,Industrials (S&P 500),2025-08-26,0.1145254351995601,0.0872722698086794,1.1370276490997406,0.0733698460266611,0.0414818312576595,1.1903008877271135,1.1892329848742769,0.4002762148520117,0.6283744974152786,-0.0980300342832253,23.94,7.01,18.02,27.79,50.34,UNDERVALUED
WEC,Utilities (S&P 500),2025-08-26,-0.0533925834326576,0.07,0.1226286664837523,-0.0329585066906555,0.0427467671029007,0.3091891562987271,0.0821358127799244,0.1413116047585895,0.0,-0.6172250891332723,8.98,3.09,19.65,16.87,4.72,FAIRLY VALUED
DIS,Communication Services (S&P 500),2025-08-26,0.0509206101169805,0.0764660950658054,1.0213290875303374,0.0277059101442102,0.0393395801779971,0.9787371789261676,0.8136953226612718,0.2345565595827807,0.2505747126436781,-0.2037777707628708,2.11,5.65,31.05,29.62,-7.46,OVERVALUED
WAT,Health Care (S&P 500),2025-08-26,-0.0022854516327927,0.0827356333448514,1.0064895529963265,0.0006666856085205,0.0391246077812938,0.6546255600749096,0.6106159172253032,0.1593821925796477,0.0050632911392405,-0.0782950033003354,-11.03,-23.08,-13.52,40.09,36.65,UNDERVALUED
WST,Health Care (S&P 500),2025-08-26,0.0010905411803971,0.07,0.5962585702449371,-0.0191877415417994,0.0282739235116327,0.7987308537942789,0.5936531678585958,0.1187313413255437,0.0,0.0103448032341945,-6.93,11.48,-19.0,57.82,45.14,UNDERVALUED
WELL,Real Estate (S&P 500),2025-08-26,0.1660542010819838,0.07,0.3288390330766223,0.2123090393040939,0.0047055550791788,0.1688293792412516,0.0928268846846247,0.0668912829891927,0.0,-0.1276322158622792,77.48,11.08,41.51,22.01,45.26,UNDERVALUED
WY,Real Estate (S&P 500),2025-08-26,-0.1636216929957251,0.07,0.7201775193080417,-0.0716705759708105,0.0404271861275499,0.2469203245003823,0.2825510079040024,0.1018162681918816,0.0,-0.2409754050580922,61.02,-10.94,-14.19,27.26,-2.59,FAIRLY VALUED
WMB,Energy (S&P 500),2025-08-26,-0.0212937432137754,0.07,0.6729929971420123,-0.0370404327496103,0.0587536397384768,1.0442764443034742,0.6938503904917291,0.2158691090347657,0.0793969849246231,-0.3981722788691069,57.64,2.16,30.84,26.87,29.45,UNDERVALUED
WYNN,Consumer Discretionary (S&P 500),2025-08-26,0.377438364379782,0.0735789285784246,1.1336195479215383,0.0912543477032782,0.1498248010645574,24.493128862353707,12.1511306569972,3.6061194792940414,1.0,-0.7656644945729794,-45.67,31.35,55.5,41.59,-15.58,OVERVALUED
YUM,Consumer Discretionary (S&P 500),2025-08-26,0.050396286626799,0.07,0.4262065544041185,0.0668456755228942,0.0350703367735322,0.997728418040856,0.6642864347759351,0.2107058484868277,0.0644171779141104,-0.2898817342002556,5.62,-2.47,10.62,22.88,5.6,UNDERVALUED
ZBH,Health Care (S&P 500),2025-08-26,0.0518756846429948,0.07,0.3326416908612543,0.0384625787779611,0.0796047440606665,2.656479189488214,1.8930882092798176,0.4643272954825909,0.9821782178217822,-0.2680652490536115,-30.31,2.98,-5.66,27.77,-7.0,OVERVALUED
XYL,Industrials (S&P 500),2025-08-26,0.245200856102788,0.0782558342145679,0.8837156951888383,0.1626833242802824,0.0195893498648573,1.3301484419226028,1.1450805964247115,0.4038705258478339,0.5973931933381608,-0.0291983876325127,-22.27,11.9,5.92,25.93,-19.83,OVERVALUED
AAL,Industrials (S&P 400),2025-08-26,0.0521416745313427,0.07,1.689014419663525,0.0269568841403349,0.4942586890257904,14.064478714249931,9.35872003962404,2.9880747403445542,1.0,-4.257432867140553,-16.75,-13.37,26.56,56.08,2.81,FAIRLY VALUED
ACI,Consumer Staples (S&P 400),2025-08-26,0.0174979766692151,0.07,0.1111914969768815,0.0145536783626985,0.0960271810928178,1.5850862101124237,0.8507639378476196,0.4349255273103695,0.3850746268656716,-1.2971501001519794,13.93,-4.91,-4.66,26.32,-35.62,OVERVALUED
ACM,Industrials (S&P 400),2025-08-26,0.1067619645872555,0.0728298478323624,0.8153067298074784,0.1201127853669457,0.0383090907413917,1.6523884637110668,1.281546413764947,0.3798862190050763,0.7519446845289542,-0.0880954962903829,-7.24,28.26,29.15,23.42,-47.4,OVERVALUED
AA,Materials (S&P 400),2025-08-26,-0.0225825087442553,0.0931633507631985,1.642551791610401,0.127381290872903,0.0900785745872474,1.1075315000939912,1.1324297248078534,0.3405397109917967,0.5748792270531401,-0.2051293139529442,-63.97,-4.15,-4.63,52.28,59.47,UNDERVALUED
AIT,Industrials (S&P 400),2025-08-26,0.0841994966280466,0.0997777231245414,1.3783118137498929,0.0150951981896277,0.0190888780669996,0.4025633543054051,0.4243984893440583,0.1244683840637952,0.0005133470225872,-0.0134217141149986,70.37,9.34,29.27,36.03,28.33,UNDERVALUED
AMG,Financials (S&P 400),2025-08-26,-0.0640122086242814,0.0796274775522985,1.189321444396095,-0.0082126542909903,0.1205107251734789,1.529860869626117,1.3702479848235345,0.3796239188546477,0.8212100611828688,-0.2494044017311959,62.3,35.33,30.2,29.87,55.83,UNDERVALUED
AM,Energy (S&P 400),2025-08-26,0.0899376812664671,0.07,0.6548988259796088,0.0579103828241087,0.0401369191043612,1.445035567393121,0.9648219418734392,0.3365309960192685,0.4417177914110429,-0.3827918988809413,28.57,11.83,27.07,26.44,31.06,UNDERVALUED
ALSN,Industrials (S&P 400),2025-08-26,0.0792035906317689,0.0789904132769197,1.1372268172284454,0.0626029654036243,0.0563336028745686,1.6968507118233005,1.5021431420237756,0.4739518841932939,0.8600852272727273,-0.215413195828324,24.13,-11.31,-1.42,32.8,47.36,UNDERVALUED
ALV,Consumer Discretionary (S&P 400),2025-08-26,0.0840080778204164,0.0743281358788261,0.9189279534013534,-0.0081145584725536,0.0644227014402453,2.3838603786679866,1.92077007698937,0.5497906517645647,0.9837000814995924,-0.1823998912353734,-0.37,29.62,26.25,30.88,-0.75,FAIRLY VALUED
AN,Consumer Discretionary (S&P 400),2025-08-26,-0.0040772391211933,0.07,1.054379933268952,-0.0068091833061831,0.1831800609328529,3.784691815792193,2.605847725918481,0.7281024919969886,0.995136186770428,-0.99668890571942,71.6,20.96,22.44,30.97,-9.43,OVERVALUED
AMKR,Information Technology (S&P 400),2025-08-26,-0.05614002852095,0.1126857893184223,1.9422253594928824,-0.0285054816459623,0.0429998247251015,0.3705587725926966,0.388522921012189,0.0996483976646587,0.0,-0.0279178091386996,1.44,10.98,-24.83,52.13,110.59,UNDERVALUED
ANF,Consumer Discretionary (S&P 400),2025-08-26,0.156835942008414,0.0901097161632579,1.405047627651293,0.1560290580204953,0.085672962103365,3.4970060904564395,3.6375390743711047,1.4226856198707307,1.0,-0.0371798948631163,-38.39,-7.05,-43.04,61.17,8.56,UNDERVALUED
APG,Industrials (S&P 400),2025-08-26,0.0344773252145469,0.0811709942326329,1.075107463463419,0.0129907621247113,0.0223735755018952,0.3806143620617022,0.3382224280631665,0.1186008183292545,0.0,-0.1698271756971494,37.91,35.86,51.97,31.14,15.73,UNDERVALUED
ARMK,Consumer Discretionary (S&P 400),2025-08-26,0.1275218608888237,0.0720001267636004,0.947987129209972,0.0819170324932606,0.0935307276383012,4.138383431960084,3.1999522367498496,1.046482808103672,0.9980676328502416,-0.4752673475706244,8.34,7.9,12.07,30.08,52.17,UNDERVALUED
ARW,Information Technology (S&P 400),2025-08-26,-0.1327312309738331,0.0790467901458643,1.0438154565452231,-0.156576470559807,0.1099634021234022,0.7909780137311242,0.8952789560232451,0.289852630490869,0.3359319631467045,-0.4429206105810699,99.18,15.58,-4.63,31.77,62.7,UNDERVALUED
ASH,Materials (S&P 400),2025-08-26,-0.0599305043620309,0.0721385161691432,1.117782371772609,-0.0356001825650387,0.1292630297947812,2.079337647888629,1.5186259713566383,0.4279440512224556,0.8931159420289855,-0.4561859643009169,22.91,-9.19,-35.11,36.65,33.67,UNDERVALUED
ATR,Materials (S&P 400),2025-08-26,0.0384860039310366,0.07,0.7092214712519093,0.027366700597858,0.0396300326033868,1.2692491272826634,0.928567207002979,0.2050771043112285,0.3898809523809524,-0.0931172790374012,-3.34,-4.17,-6.07,23.96,-3.39,FAIRLY VALUED
ATI,Industrials (S&P 400),2025-08-26,0.0663714507183672,0.105187095712313,1.6209793783096085,0.0451398040108297,0.026120098008054,0.3674733264379961,0.3933301223994415,0.1408298758139179,0.0015228426395939,-0.1085794305501767,44.33,34.81,13.86,47.88,173.56,UNDERVALUED
AVAV,Industrials (S&P 400),2025-08-26,0.2321415108057607,0.0918092124359196,1.1144066676715652,0.1449757227369126,0.002447498590268,0.1124335999292296,0.1134247292569587,0.0432712137003569,0.0,-0.0033706027624821,93.83,60.04,32.47,58.47,-35.02,OVERVALUED
AVNT,Materials (S&P 400),2025-08-26,-0.0233073247216608,0.0833290789691016,1.466073302725368,0.0310551100929107,0.0777095950571881,0.8871171167371281,0.809120472664581,0.2968114798909761,0.2680931403398364,-0.4874356396405002,-22.2,-11.9,-21.52,39.01,21.45,UNDERVALUED
AVTR,Health Care (S&P 400),2025-08-26,-0.0497436864762054,0.0757103720748265,1.1065888660092915,-0.026352049603858,0.1425788306133694,2.2442418664233053,1.848711382019894,0.4788962816257835,0.9755520504731862,-0.4190006389643106,-49.23,-22.76,-48.17,45.59,7.14,UNDERVALUED
AXTA,Materials (S&P 400),2025-08-26,0.0393565703174634,0.0747904137481975,1.1162451793561292,0.0177469135802469,0.0952878191823029,2.4221625596223744,1.9551562942298295,0.522589550572021,0.9793559042113956,-0.4162967148477146,-19.68,-14.26,-11.76,31.61,12.88,UNDERVALUED
AVT,Information Technology (S&P 400),2025-08-26,-0.0114510606832475,0.0791123748787012,1.119974980789815,-0.1047505168373027,0.0358539489473667,0.1517277420112878,0.0678774548292466,0.1479366146587725,0.0,-0.5907493714539194,35.51,7.58,1.68,31.52,62.3,UNDERVALUED
BAH,Industrials (S&P 400),2025-08-26,0.1374868036748378,0.07,0.3757668253229583,0.1236165822547364,0.0360139702138792,2.0360879136377883,1.479454310316075,0.5589264805643689,0.791746641074856,-0.249289453870124,-49.24,-1.82,-27.51,37.52,-28.7,OVERVALUED
AYI,Industrials (S&P 400),2025-08-26,-0.0208228717280053,0.0908071125647051,1.153570324096497,-0.028136227923688,0.0202683865411636,0.3268655571569104,0.3320741387963007,0.0751023786035774,0.0,0.0265545848460877,62.53,7.6,33.11,32.14,2.84,FAIRLY VALUED
BBWI,Consumer Discretionary (S&P 400),2025-08-26,-0.0168751902558904,0.081419561136515,1.4316884214174133,-0.0164221294925292,0.181568113211042,2.6910671227120506,2.432466833950962,0.7152606601815304,0.9973958333333334,-0.653532062432982,-22.07,-22.58,-9.63,52.74,-35.3,OVERVALUED
BC,Consumer Discretionary (S&P 400),2025-08-26,-0.1231975829786589,0.0797881443081836,1.481461231271693,-0.1818820882931858,0.1064211978595959,0.6933929071500818,0.7614728409859505,0.284622590524155,0.2095106822880771,-0.5401519991878608,48.55,4.55,-17.94,43.58,28.83,UNDERVALUED
BCO,Industrials (S&P 400),2025-08-26,0.0512078925183692,0.07,0.8713174757044156,0.0281664136544536,0.0792986181320445,2.350821018896088,1.599638844370021,0.4888526416192382,0.8905180840664711,-0.6009100716196922,9.3,16.81,3.49,30.98,2.04,FAIRLY VALUED
BJ,Consumer Staples (S&P 400),2025-08-26,0.030259973452307,0.07,0.040774978608618,0.0266975463436783,0.0156933789003339,0.2887885635097502,0.1553298281512995,0.0790506657981357,0.0,-0.2224575615705934,21.98,-4.16,16.17,31.12,-5.04,OVERVALUED
BDC,Information Technology (S&P 400),2025-08-26,-0.0283131197253558,0.0923622864426163,1.471506659583914,-0.0203436668519046,0.0633674852114623,0.709500859034877,0.7282894533360702,0.2188032544805372,0.1282327586206896,-0.1668578891374329,83.24,20.51,23.49,36.15,-5.64,OVERVALUED
BMRN,Health Care (S&P 400),2025-08-26,0.1668656020653784,0.0722873917965657,0.7390982729576702,0.1796810219466887,0.0184134599161986,1.1098215971116585,0.8831976863437727,0.2647781635162889,0.2944344703770197,0.0310359122529899,-75.6,-16.51,-36.18,34.47,17.81,UNDERVALUED
BRKR,Health Care (S&P 400),2025-08-26,0.1533537354070338,0.07,1.1369854593719837,0.1355709225839096,0.0623079898976896,3.301912353748285,2.365638975322011,0.8422833222035733,0.976721629485936,-0.4010947607442761,5.79,-32.39,-46.73,49.86,76.8,UNDERVALUED
BSY,Information Technology (S&P 400),2025-08-26,0.1095556696483821,0.0730930137578667,0.7935243799801225,0.1014984374147782,0.0237794523330187,1.003058605442882,0.7840104513326298,0.2472467686744486,0.1986123156981786,-0.0844507188981412,-5.2,20.93,7.71,26.75,-31.88,OVERVALUED
CACI,Industrials (S&P 400),2025-08-26,0.14282423425367,0.07,0.4179802563154953,0.1428242342536701,0.0459069791434618,2.4329596054258675,1.7556409375977915,0.5620454912065878,0.9237199582027168,-0.165667184172783,15.62,45.93,1.71,34.99,33.78,UNDERVALUED
BURL,Consumer Discretionary (S&P 400),2025-08-26,0.1054536094964591,0.0749888238717435,1.1675640890219232,0.0932777258457931,0.0138574269841944,0.3692318268692962,0.2630677849260965,0.1490067377501973,0.0,-0.2478453693111709,-16.01,11.97,1.29,38.5,19.42,UNDERVALUED
BYD,Consumer Discretionary (S&P 400),2025-08-26,0.0513907815079797,0.07,1.011727010880218,0.0512778949373169,0.0813034136737365,2.542382439492413,1.7549752881596918,0.505597174963665,0.9412360688956434,-0.4874782099560085,20.38,14.9,46.09,28.51,-5.91,OVERVALUED
BWA,Consumer Discretionary (S&P 400),2025-08-26,0.0558597117544605,0.07,0.9425384003333688,-0.0078884349908437,0.0136193033185993,0.2708833563731397,0.141152061044754,0.0808894639196747,0.0,-0.2392622585668442,34.11,45.93,29.89,30.78,50.75,UNDERVALUED
BWXT,Industrials (S&P 400),2025-08-26,0.1003917803925253,0.0846826038746392,1.0362943550344843,0.0830606307151879,0.0123238022427128,0.3480456743282417,0.3352525443289899,0.1231911224514249,0.0,-0.0648121860916443,106.58,57.14,64.47,39.4,-5.51,OVERVALUED
CCK,Materials (S&P 400),2025-08-26,-0.045135099456775,0.07,0.6277815359475801,-0.0174021648626144,0.0456260566210737,0.5103451210359095,0.2571998101043478,0.1501019206092234,0.0,-0.4661871150124609,11.75,15.39,13.78,23.07,17.67,UNDERVALUED
CBT,Materials (S&P 400),2025-08-26,-0.0385827787257774,0.0741242365573827,0.884339408349287,0.0160264563724243,0.0798653637286455,1.2392337051123,0.969624757075774,0.2540881347300429,0.4352159468438538,-0.2324425982048491,-9.98,-4.81,-20.25,30.98,6.66,UNDERVALUED
CDP,Real Estate (S&P 400),2025-08-26,0.0095862723051525,0.07,0.4485167084809295,0.0996887509452803,0.1122503028172035,2.5710228463984213,1.7074352762614613,0.4979270557909547,0.9034146341463416,-0.7770539624271313,-38.01,7.64,2.28,19.99,35.3,UNDERVALUED
CHE,Health Care (S&P 400),2025-08-26,0.0671437803708789,0.07,0.3169871748056372,0.073692257212342,0.0344973049932375,1.42556913834605,1.0612328225573333,0.2520736071134665,0.5611510791366906,0.0058045296722269,-31.25,-18.05,-21.72,30.27,20.5,UNDERVALUED
CHDN,Consumer Discretionary (S&P 400),2025-08-26,0.2291582184400304,0.07,0.7299586045114335,0.1107364829183084,0.0279090787541985,2.412013355237021,1.6067528124387411,0.8894975912392012,0.7090539165818922,-0.6236007953967146,-19.35,-9.48,-24.67,29.98,-9.97,OVERVALUED
CELH,Consumer Staples (S&P 400),2025-08-26,0.440168258893818,0.0773119181819475,0.7830055533572313,0.0285399092877617,0.0016654286970116,0.3281356068165479,0.1858852067935114,0.0319725680386707,0.0,0.0621395411361755,-4.28,118.93,50.66,64.65,-45.38,OVERVALUED
CHH,Consumer Discretionary (S&P 400),2025-08-26,0.0632281521561071,0.07,0.8248443455565608,0.0263404493690764,0.057687919239627,1.9385629170675331,1.35772972299532,0.3927952149898214,0.8050251256281407,-0.3339639751114302,-2.59,-18.14,-5.22,27.03,-7.44,OVERVALUED
CHRD,Energy (S&P 400),2025-08-26,0.1999655674358944,0.0911833820684812,1.2620920027770313,0.3475919388006234,0.1693604073059587,6.904223002971814,7.034981310497318,2.6695945708997324,1.0,-0.1650361466533143,11.46,-2.72,-25.68,40.28,46.46,UNDERVALUED
CLH,Industrials (S&P 400),2025-08-26,0.0677098464379486,0.0734786107492017,0.8893870718111786,0.0888863910646252,0.0207622003846001,0.5711288692835456,0.4241877063502033,0.144166053450013,0.0,-0.1789462255734963,43.29,14.39,-0.24,27.58,31.77,UNDERVALUED
CHWY,Consumer Discretionary (S&P 400),2025-08-26,0.0826731018908069,0.0824551536451084,0.9465174488710658,0.0640132045175237,0.0079896825138259,0.2510324352571375,0.2337446590376373,0.0617879849210526,0.0,0.0055417601535571,9.05,13.76,52.62,44.2,-41.4,OVERVALUED
CNM,Industrials (S&P 400),2025-08-26,0.0577235607462616,0.0807535872125151,1.062400268428924,0.1102655923604894,0.0721236040253578,1.8214594976305287,1.6643207384680052,0.4653689615245282,0.939353988134476,-0.2026192543842765,92.39,27.96,22.85,39.25,-31.55,OVERVALUED
CMC,Materials (S&P 400),2025-08-26,-0.0570197532984667,0.0912971841740587,1.3546003986932642,-0.0992735637220748,0.0312428650925111,0.3479945112717998,0.3519016530096949,0.1013611330846071,0.0,-0.0510951338283195,76.04,16.22,7.69,39.37,14.74,UNDERVALUED
CROX,Consumer Discretionary (S&P 400),2025-08-26,0.0741987899725593,0.0848992210725118,1.161618519407813,0.0352722767592035,0.2310919484231141,6.270496851349871,6.070355155780158,1.7462229301441912,1.0,-0.3149293139712452,-31.61,-18.55,-40.93,60.34,44.02,UNDERVALUED
CRS,Industrials (S&P 400),2025-08-26,0.2259115016858646,0.11257613468435,1.6306541779642203,0.0821079872956122,0.0064346500524246,0.1630185228933617,0.1764728660094553,0.0820877591351986,0.0,-0.0419250665388472,111.68,21.7,68.03,46.97,102.55,UNDERVALUED
CSL,Industrials (S&P 400),2025-08-26,-0.041776211645587,0.079141276647091,0.9505464210237154,0.0908456691883407,0.0436537421149651,0.6269471847882191,0.5546553944785071,0.1377303838834743,0.0,-0.0658348605165178,15.29,16.74,-6.07,34.33,-7.83,OVERVALUED
CRUS,Information Technology (S&P 400),2025-08-26,-0.000405854440424,0.1012487246122378,1.3695833826805122,0.0599181615415145,0.0364860969282492,0.5679501718132418,0.5864660850727003,0.1329562726221632,0.0091977516607051,0.0648600312331378,-19.79,6.28,-19.23,40.46,0.15,FAIRLY VALUED
CVLT,Information Technology (S&P 400),2025-08-26,0.1264844567470857,0.1125720740797563,1.5752823007528922,0.1863241691659309,0.0141512604815641,0.3473601806084222,0.3657867736379863,0.1012336386413985,0.0,0.0371536751006019,88.27,3.39,16.42,51.81,-25.92,OVERVALUED
DAR,Consumer Staples (S&P 400),2025-08-26,-0.0646268550200399,0.07,0.8966508002885393,-0.1580572120540712,0.1340786375107216,1.9770003255988275,1.3043966325947696,0.4277136078745577,0.7383660806618407,-0.7646985242244264,7.05,-6.44,-14.53,43.85,97.15,UNDERVALUED
CXT,Information Technology (S&P 400),2025-08-26,0.0533921622034199,0.0872981047215596,1.185385046409196,0.0686408395026234,0.062817746682177,1.2979933340499954,1.263911965141545,0.3742631177135946,0.723638470451912,-0.1845003114376543,40.19,9.4,7.23,33.58,-19.47,OVERVALUED
DCI,Industrials (S&P 400),2025-08-26,0.041435739236779,0.0787637597353358,0.8874095352707195,0.0453247056080214,0.0534039195434115,1.4117044671566217,1.2421152649944522,0.3038270585965753,0.7533568904593639,-0.0339022451434191,6.84,10.15,2.74,22.77,23.82,UNDERVALUED
DINO,Energy (S&P 400),2025-08-26,-0.135089817151681,0.0781932950439331,1.0708544856816,-0.1058691027405831,0.1688250715214042,1.652345313295937,1.8137860073531693,0.4376501666177892,0.9876900796524256,-0.2565688968940123,207.1,48.22,5.62,39.49,95.04,UNDERVALUED
DLB,Information Technology (S&P 400),2025-08-26,0.00791575576947,0.0785499816771891,0.81949432089432,-0.0200216350296673,0.0587328933845862,1.4203821137010622,1.2635696083973689,0.2702168456659247,0.814002828854314,0.0638944615455267,4.9,-9.69,3.78,28.67,-10.07,OVERVALUED
DOCN,Information Technology (S&P 400),2025-08-26,0.1638200825855456,0.0851064398787611,2.041020467568923,0.1266171538092956,0.1015751117066721,4.000247261887179,3.893422992726701,1.5895547943259123,0.9976133651551312,-0.4461766799292013,-58.05,-29.95,-19.0,64.34,271.51,UNDERVALUED
DOCU,Information Technology (S&P 400),2025-08-26,0.0877332304593851,0.1011909002545933,1.332538715596092,0.0777936928514686,0.0085133434338894,0.2265114512027177,0.2394235661690677,0.0633150202017211,0.0,0.0357091899582293,-98.26,-11.89,26.22,53.77,-14.1,OVERVALUED
DKS,Consumer Discretionary (S&P 400),2025-08-26,0.0425393246981267,0.0873627455903853,1.4316869199243945,0.035307756639333,0.0518274803513985,0.9983451071266726,0.983211360192818,0.2929615743085256,0.4196376388077147,-0.1573294979067396,49.78,1.21,-3.01,43.17,-19.09,OVERVALUED
DY,Industrials (S&P 400),2025-08-26,0.1111358131383413,0.0832997868107899,1.0481760367053137,0.1260760796000741,0.0250661756091239,0.746070878399536,0.7134299645745737,0.2578621668469812,0.1419597989949748,-0.1294234935965214,69.86,58.58,42.59,42.19,55.83,UNDERVALUED
EEFT,Financials (S&P 400),2025-08-26,0.0898920651092869,0.07,1.128814267700134,0.0818329718004338,0.1583641066713101,7.171114286913045,5.286104366880829,1.3357225726207642,1.0,-0.0389837277537229,-27.69,-5.0,-10.39,32.99,-26.77,OVERVALUED
EHC,Health Care (S&P 400),2025-08-26,0.1115826826382548,0.07,0.5435893532884722,0.1191368824460551,0.0289216360907715,1.263571793359528,0.8786261760268408,0.3034408034853561,0.3385826771653543,-0.215422030326596,28.42,23.28,34.19,26.58,-0.13,FAIRLY VALUED
ENSG,Health Care (S&P 400),2025-08-26,0.1866789492727476,0.07,0.4565710759614583,0.1424187292440649,0.0142091863303868,0.9207281529308428,0.6385470340274699,0.2779428029106275,0.1041456016177957,-0.1542400318669726,18.76,28.57,15.48,26.98,5.53,UNDERVALUED
ELAN,Health Care (S&P 400),2025-08-26,0.0031688626279577,0.0772549216980232,1.2629164790823133,0.0049807561693457,0.0951550931582721,1.7853312026972188,1.4970226362935806,0.4273830164145917,0.861764705882353,-0.4353386847599728,-30.84,60.83,22.86,51.88,31.62,UNDERVALUED
ELS,Real Estate (S&P 400),2025-08-26,0.0209973713703923,0.07,0.1957528495638514,0.0206683016728905,0.0371837772074087,0.8681842647073076,0.5720835223364982,0.1770661833121473,0.000981354268891,-0.2914747426116649,-17.19,-10.73,-13.45,20.44,14.6,UNDERVALUED
ENS,Industrials (S&P 400),2025-08-26,-0.0123450502776684,0.0795198657540993,1.0677097962622166,0.0099690915725329,0.0786979477867781,1.3388809425309092,1.1725563947565083,0.3120626846299346,0.6671261199172984,-0.216555589567283,-21.45,-0.7,4.41,34.17,87.66,UNDERVALUED
ELF,Consumer Staples (S&P 400),2025-08-26,0.5063888102175222,0.1070890324875763,1.5231832849960216,0.2828166323544923,0.0118891918483488,1.2214206184102012,0.5504536737261119,0.1608756117704522,0.0161290322580645,-0.025631149039441,-43.14,60.31,-32.71,68.91,-14.41,OVERVALUED
ENTG,Information Technology (S&P 400),2025-08-26,-0.0062401567731975,0.119491985997182,2.2334441631659825,-0.0802236158801328,0.0400157971945172,0.1381055428684071,0.153966904701766,0.0947717999586739,0.0,-0.2887743378948673,-21.78,-17.09,-26.07,57.02,69.49,UNDERVALUED
ESAB,Industrials (S&P 400),2025-08-26,0.028010283083607,0.0880115689871591,1.1966423131122226,-0.0122399510445205,0.0422381971395265,0.7356814488906128,0.7288465045448784,0.2128628104519453,0.1305361305361305,-0.1290079468510002,39.16,-5.44,13.66,39.81,-32.87,OVERVALUED
EXP,Materials (S&P 400),2025-08-26,0.0258383019351893,0.0832860820084418,1.1223447902143748,0.0005360074394822,0.0583271169452752,1.123272680483676,1.0444508801152068,0.2937989535689866,0.5083798882681564,-0.161296908081325,9.19,4.1,-10.4,33.61,-14.04,OVERVALUED
FBIN,Industrials (S&P 400),2025-08-26,-0.0121423184140395,0.0779143923075706,1.1768937804739106,-0.0037179542605161,0.0979556696564681,1.6855857184334715,1.4381063493142416,0.3948926093568519,0.8463172804532578,-0.3321735706675128,-10.72,-8.29,-25.29,37.99,-23.47,OVERVALUED
EXLS,Industrials (S&P 400),2025-08-26,0.1410182307826537,0.0787773431169124,0.8673140375203544,0.1273735671516213,0.0211319861252193,0.9361686438924284,0.848997821577176,0.2837516108051464,0.2652354570637119,-0.0299903686576106,8.73,-10.38,20.15,27.74,-14.98,OVERVALUED
FCFS,Financials (S&P 400),2025-08-26,0.1143137498623001,0.07,0.3571860969408095,0.0751057492299628,0.1068219505847081,5.00550921561624,3.648506719964265,1.010140215049593,1.0,-0.287029658756154,25.8,33.01,25.84,26.33,41.07,UNDERVALUED
FHI,Financials (S&P 400),2025-08-26,0.0624689286097792,0.0706710528139374,0.7549908910850852,0.013990658397812,0.0569100162025685,2.193169349523614,1.66183344437628,0.36396582722831,0.9817833173537872,0.0098839618235728,42.76,43.62,62.85,21.92,20.12,UNDERVALUED
FCN,Industrials (S&P 400),2025-08-26,0.105041770055084,0.07,0.3597342666209314,0.0600159003015554,0.0348279509243763,1.721848492221296,1.2963871838000316,0.3084392052605929,0.8217131474103586,0.0701867893372902,-16.2,1.16,-25.81,26.84,-7.52,OVERVALUED
FLR,Industrials (S&P 400),2025-08-26,0.0895244126990857,0.1011933979816907,1.589437623793457,0.0543492309680754,0.0201414494715736,0.702224104375272,0.7423030586553296,0.1540458766005829,0.0677189409368635,0.2461555889466477,6.68,9.81,-16.55,54.86,25.96,UNDERVALUED
FN,Information Technology (S&P 400),2025-08-26,0.0898709643030095,0.1257636975138395,1.8698756841231627,0.0898709643030095,0.0002576836484921,0.0378550373874547,0.038037884718785,0.0010480815404177,0.0,0.0338847269363728,118.27,53.57,23.68,62.14,34.54,UNDERVALUED
FLS,Industrials (S&P 400),2025-08-26,0.1228365961843924,0.0968629262922834,1.547691346928881,0.0549067867555652,0.0330641471831304,0.7357961294777097,0.773685305033536,0.2928767514927095,0.1917234154007333,-0.1439320573846553,-10.59,-0.69,12.37,38.48,45.61,UNDERVALUED
FOUR,Financials (S&P 400),2025-08-26,0.292612358547722,0.076044851798633,1.344991029312124,0.298635477582846,0.0204010831318615,2.32088803252637,1.5934762726547829,0.6559747224778866,0.8044822256568779,-0.2693483978622271,37.0,-7.24,10.28,49.72,-46.51,OVERVALUED
G,Industrials (S&P 400),2025-08-26,0.0443112577300004,0.07,0.6682765768523256,0.0648332055660092,0.0461148974920511,1.5345781618400032,1.115497065841682,0.2479643509090225,0.6542239685658153,-0.1026516483346306,-14.46,-14.08,17.02,30.67,-16.91,OVERVALUED
GEF,Materials (S&P 400),2025-08-26,-0.0779891231280561,0.07,0.8697295534194592,0.0430148731827653,0.0936048425152352,1.0292456361416442,0.6138280578981595,0.2860524120606565,0.0907278165503489,-0.7561614042346135,46.24,11.92,7.72,32.38,34.86,UNDERVALUED
GAP,Consumer Discretionary (S&P 400),2025-08-26,-0.0171162577294952,0.07,1.4497925176123645,0.0132312445429511,0.0761880103722067,1.425389832426976,0.9688897410414332,0.2775356403734393,0.4613841524573721,-0.4010201349019853,-53.98,-5.78,-9.65,57.04,-6.14,OVERVALUED
GLPI,Real Estate (S&P 400),2025-08-26,0.0805633832275651,0.07,0.3653329637272627,0.0632841615338046,0.0541884159576384,1.7266631061374529,1.1441250992940446,0.4294501100353368,0.5982658959537572,-0.6192023237248283,4.6,-0.99,0.09,17.61,-2.0,FAIRLY VALUED
GGG,Industrials (S&P 400),2025-08-26,-0.007070647619661,0.0781551409308292,0.8003668257642906,-0.0374794020420785,0.0189407062537272,0.4421050519901719,0.3946974753394601,0.0763408041074745,0.0,0.0432699731046092,12.97,1.69,6.75,21.87,-4.43,FAIRLY VALUED
GHC,Consumer Discretionary (S&P 400),2025-08-26,0.1048846878159572,0.0773718837596777,0.8969443539099405,0.0851727013006251,0.1565541810442844,5.969430532268489,5.183871682281649,1.5297573612342112,1.0,-0.1935286188084711,-47.16,12.57,39.21,29.57,6.36,UNDERVALUED
GPK,Materials (S&P 400),2025-08-26,-0.034109263294115,0.07,0.563106348582035,-0.0658676283411115,0.0756547947566983,0.942111255398348,0.5162865515927638,0.261896883637674,0.0271629778672032,-0.7835649748212296,-7.08,-16.33,-23.31,29.2,-46.26,OVERVALUED
GXO,Industrials (S&P 400),2025-08-26,0.1410577007873821,0.07,1.154300287842337,0.1974841480875434,0.0600764087842368,2.6245625730750617,1.811732362563216,0.7198173259421105,0.8861538461538462,-0.7483867074143454,18.53,30.64,6.48,45.37,-14.81,OVERVALUED
HALO,Health Care (S&P 400),2025-08-26,0.2402013402484872,0.07,0.6618786213380381,0.2243838731967204,0.0316924081432598,2.983920319027771,2.1171709128792067,0.7851660590062519,0.9395441030723488,-0.1547747966372666,-27.63,25.92,16.28,49.57,45.51,UNDERVALUED
HAE,Health Care (S&P 400),2025-08-26,0.0790880676722756,0.07,0.7726738202852217,0.0395468486809186,0.1021055817049123,4.040309537475838,2.8739411966670154,0.7570761664437577,1.0,-0.3447380334562883,-43.56,-14.94,-27.57,44.09,95.94,UNDERVALUED
HL,Materials (S&P 400),2025-08-26,0.1373344904429136,0.0776164540818093,0.8728589639181737,0.291155427386088,0.0109810246847478,0.3758695271168577,0.3180630975467662,0.1265203521096156,0.0,-0.1037274028910438,-32.69,53.28,30.12,57.92,160.44,UNDERVALUED
H,Consumer Discretionary (S&P 400),2025-08-26,0.0623093256570961,0.0875820793367645,1.3502519880238817,-0.0028498575071246,0.1002700360423094,2.283657014276764,2.267072504896944,0.6785840499216654,0.9964601769911504,-0.2235509927159368,-47.21,2.06,-3.88,36.23,26.52,UNDERVALUED
HOG,Consumer Discretionary (S&P 400),2025-08-26,-0.0506589383253051,0.07,1.170060045321152,-0.1113130213118253,0.1099074711495625,0.8428709089685186,0.2502000086111641,0.3671568399198032,0.0187695516162669,-1.572858497668547,26.95,10.61,-22.84,43.36,-0.66,FAIRLY VALUED
HLNE,Financials (S&P 400),2025-08-26,0.1612001249565755,0.1086169563231624,1.584327311211292,0.287303960335258,0.031385881503062,0.927235919152964,1.0097958601997536,0.4061017519527461,0.4180904522613065,-0.0138413122401704,31.85,1.12,3.3,41.59,-31.19,OVERVALUED
HRB,Consumer Discretionary (S&P 400),2025-08-26,0.039791082560405,0.07,0.2665347095990565,0.039791082560405,0.1040218131205884,3.4668583965808426,2.5501945808926845,0.5440413343687746,1.0,-0.1350613962485044,40.13,-5.15,-18.5,26.2,9.98,UNDERVALUED
HXL,Industrials (S&P 400),2025-08-26,0.0982650957066271,0.0862247506816709,1.1224829557907057,0.0637227501397428,0.0329753496165625,0.860378554120811,0.8248745818601806,0.2620170039544572,0.2362250879249706,-0.1126615088329479,-11.83,2.39,0.51,31.28,49.28,UNDERVALUED
IDCC,Information Technology (S&P 400),2025-08-26,0.3773802885480872,0.0816900865930067,0.9150334675455276,0.5803037912035925,0.1338184140195626,22.653675818691,12.995784121667285,3.997629854413153,1.0,0.0058628312949552,77.76,28.06,99.79,36.28,29.31,UNDERVALUED
ITT,Industrials (S&P 400),2025-08-26,0.1023682314799423,0.0967830619744962,1.2917762765254155,0.1059092293633871,0.0436137810800591,1.0760129761049566,1.1163900449848685,0.3566282239567737,0.5736759307813319,-0.0227704473647213,35.4,21.4,25.66,30.2,21.78,UNDERVALUED
KBR,Industrials (S&P 400),2025-08-26,0.0837844183452249,0.07,0.8927696027888726,0.1083956296722254,0.0725034930843119,2.9174653924651173,2.083503476990864,0.6430474877222261,0.9765625,-0.3934002627790386,-80.38,7.6,-23.01,32.85,-24.75,OVERVALUED
KD,Information Technology (S&P 400),2025-08-26,-0.0595993715720892,0.0743497762817442,1.447975813841308,-0.061986045352604,0.0749168677951738,0.9961941062460428,0.7945023208521595,0.2395111031041792,0.2195918367346938,-0.3008044465043157,-27.27,-18.72,30.62,47.44,-60.63,OVERVALUED
KEX,Industrials (S&P 400),2025-08-26,0.0829450671501426,0.0842636490575621,1.157749878628199,0.056357143781294,0.0646749501348087,1.6838272388520592,1.5738143826618265,0.4678743622266876,0.913846153846154,-0.1749534519052823,-10.2,-3.76,-17.44,37.05,41.67,UNDERVALUED
KNX,Industrials (S&P 400),2025-08-26,-0.0012462363185573,0.073302300110962,1.138165238343341,0.0375694191044624,0.0703057658223025,1.3617652049714986,1.0047407195016689,0.3076211156664783,0.4894736842105263,-0.4307489472253423,13.2,-10.1,-16.79,35.81,58.23,UNDERVALUED
KRG,Real Estate (S&P 400),2025-08-26,0.0218822646517502,0.07,0.7508670269560554,0.0196471141132439,0.0262120696437087,0.1644285371461764,-0.0476251703853381,0.1242470195772861,0.0,-0.6666487049404433,20.44,3.05,-9.22,24.49,24.14,UNDERVALUED
LAD,Consumer Discretionary (S&P 400),2025-08-26,0.1330599795080329,0.07,1.1077982673216744,0.1657705775667395,0.177925130537969,8.07231845332844,5.726998285642745,2.0498199808362125,0.9990059642147118,-1.5523603863726276,31.49,-3.61,11.98,37.79,12.86,UNDERVALUED
LAMR,Real Estate (S&P 400),2025-08-26,0.0421602115991046,0.07,0.9074103037584356,0.0455313083406008,0.0676651364047399,2.009082228144077,1.417121726685815,0.373958363635906,0.851593625498008,-0.3691080945487772,18.96,5.02,7.9,27.21,26.59,UNDERVALUED
LEA,Consumer Discretionary (S&P 400),2025-08-26,0.0562070437620341,0.07,0.9515203816283492,-0.0068564659158218,0.1040606908954245,3.5792859177195417,2.588459862035321,0.6260798140551262,1.0,-0.3251578252923096,-17.29,14.76,-3.1,35.25,17.36,UNDERVALUED
LECO,Industrials (S&P 400),2025-08-26,0.0323722069999734,0.0878592779353638,1.145726609616926,-0.0436502597076654,0.0342953466513208,0.6469372827979032,0.6418441031124438,0.1774041683452821,0.0318906605922551,-0.0646549410201536,41.99,19.44,26.31,32.92,13.86,UNDERVALUED
LFUS,Information Technology (S&P 400),2025-08-26,-0.066478220947701,0.0996365909344218,1.5148923166237884,-0.0727524139136573,0.0040138167241236,0.0107199138934757,0.0126634981741432,0.0116508391847742,0.0,-0.0318451913113903,95.52,9.98,-2.73,41.21,58.35,UNDERVALUED
LIVN,Health Care (S&P 400),2025-08-26,0.1075599511384468,0.0798348877764381,0.9153042720038967,0.0865956681360501,0.0088410112320441,0.2366891813854202,0.2098184346158403,0.0818126005221123,0.0,-0.0806074553626632,-95.67,36.53,21.44,43.78,38.2,UNDERVALUED
LOPE,Consumer Discretionary (S&P 400),2025-08-26,0.0646784565820395,0.0760249241096929,0.7830394824033007,0.0750370226215242,0.0222573872689758,0.7858908501180069,0.6783308062883249,0.162717272452346,0.0317940953822861,0.0367302556246379,39.29,13.65,43.28,31.16,-28.26,OVERVALUED
LPX,Industrials (S&P 400),2025-08-26,-0.1264421774544254,0.0851802479664932,1.03692468149449,0.1394808213870592,0.0366819588831963,0.292957085925534,0.3486614987541645,0.0819760478469861,0.0,-0.0059426932322161,19.52,-1.84,1.26,36.62,-23.04,OVERVALUED
LSCC,Information Technology (S&P 400),2025-08-26,-0.1217041463495897,0.1394867247970413,2.181912178537253,-0.3089625776974689,0.0084968599659593,0.0578241123625543,0.0651036412876301,0.0082343499130994,0.0,0.0133726877742554,119.78,2.1,37.57,59.91,78.85,UNDERVALUED
LSTR,Industrials (S&P 400),2025-08-26,-0.1949860594346221,0.0755193102574502,0.789562242932672,-0.0912780706130987,0.0384975207296386,0.3684755544992225,0.5146795965515388,0.086373253219214,0.0,0.0769489308504373,20.61,-15.18,-28.17,28.57,40.96,UNDERVALUED
MAT,Consumer Discretionary (S&P 400),2025-08-26,-0.0050859949174435,0.0714808216846877,1.0348288389043092,-0.0113344087051081,0.0714130295859362,1.6217714841974682,1.2088911560226785,0.2883582225924115,0.7378731343283582,-0.2125127190194135,-21.06,-12.8,-5.22,42.06,-20.56,OVERVALUED
MMS,Industrials (S&P 400),2025-08-26,0.0704181154326937,0.07,0.444593848678812,0.0818534687346576,0.0469873650480679,1.711158002343155,1.206455873535326,0.3321199834833934,0.7204843592330978,-0.2139108302971591,-19.1,30.48,-4.32,29.36,-31.83,OVERVALUED
MIDD,Industrials (S&P 400),2025-08-26,-0.1161764775211754,0.0780712754612817,1.2346802556096523,-0.0283307989599301,0.0517040441511866,0.3455816538402179,0.3413936663698536,0.1428814343349114,0.0,-0.3014345999264681,-7.63,-17.6,-4.08,42.77,2.64,FAIRLY VALUED
MKSI,Information Technology (S&P 400),2025-08-26,0.0054825742982156,0.1147254823652443,2.4902170454810864,-0.0099392600773053,0.0800785979405238,0.3920454962782011,0.4432567191179575,0.23376141427781,0.033066132264529,-0.5636908032183708,26.0,10.09,-11.5,60.92,165.41,UNDERVALUED
MLI,Industrials (S&P 400),2025-08-26,-0.027198687127162,0.0964246169346077,1.2153610111755095,0.1018672093019856,0.0328813660486914,0.5190663393472211,0.533095447379092,0.1091162711316917,0.0,0.0928994987871416,197.01,21.19,37.24,35.95,30.5,UNDERVALUED
MORN,Financials (S&P 400),2025-08-26,0.1028330691269121,0.0801036886374551,0.9367152763378708,0.1160109879328951,0.0373979238600224,1.3179258395112146,1.1915614830431864,0.3468475875445294,0.6751849361129791,-0.0363357567600299,-48.74,-18.4,-16.58,24.64,-15.58,OVERVALUED
MOG-A,Industrials (S&P 400),2025-08-26,0.0903242514763442,0.0946499946158624,1.3116534237527793,0.0882850500122128,0.0119216895599351,0.1575973206027133,0.1676916952288856,0.0874447847290168,0.0,-0.1280556447615768,59.16,17.72,3.41,35.46,92.34,UNDERVALUED
MSM,Industrials (S&P 400),2025-08-26,0.0173284299853695,0.0788804359516497,0.9498763892541144,-0.0469737474191139,0.0787040025960022,1.751216601622296,1.5598880249183311,0.3749436610605237,0.9473324213406292,-0.1097043037760424,30.85,19.08,14.14,29.86,34.02,UNDERVALUED
MSA,Industrials (S&P 400),2025-08-26,0.0878299940390323,0.0750567281095823,0.7977546444835917,0.0114636726378306,0.0511504983666869,1.9055308229980168,1.5634550476378617,0.4292442289788755,0.916083916083916,-0.0589989380826004,-27.56,5.92,-2.62,23.15,12.08,UNDERVALUED
MTDR,Energy (S&P 400),2025-08-26,0.043214753248886,0.0826312422097529,1.4309488212824684,0.234714675962452,0.123297486359853,2.4847713909484592,2.2908339284058723,0.70116460402652,0.9890534449452671,-0.5753413544696412,1.69,-4.7,-12.88,46.09,23.81,UNDERVALUED
MTN,Consumer Discretionary (S&P 400),2025-08-26,0.0687550413610189,0.07,0.8302316702953112,-0.0014442624743715,0.1479084664893333,5.662791462517272,4.040938824221827,1.0732644710516823,1.0,-0.4863419763212311,-11.15,5.21,-5.32,33.41,0.11,FAIRLY VALUED
MUSA,Consumer Discretionary (S&P 400),2025-08-26,-0.070785291177649,0.07,0.2936683061608083,-0.0596904697762129,0.0688413233904259,0.8482434771366318,0.5730111070142608,0.200164416393633,0.0241080038572806,-0.3083653585457321,24.87,-18.08,-26.11,30.85,51.61,UNDERVALUED
MTZ,Industrials (S&P 400),2025-08-26,0.12172872429109,0.1039920061562888,1.6191535050272958,0.0256361863944899,0.0588310244574506,1.222425176107456,1.3054834908091886,0.4716566077576647,0.7195121951219512,-0.1541449654002005,21.06,37.74,63.06,45.06,48.92,UNDERVALUED
NBIX,Health Care (S&P 400),2025-08-26,0.2578229712443605,0.0827856343256507,0.9082992335975956,0.2481055587939166,0.0195106805396037,1.251184727585831,1.1456038445152934,0.3912617993376757,0.5983450031826862,-0.0163286063901559,-42.5,16.37,-10.45,40.72,11.76,UNDERVALUED
MTSI,Information Technology (S&P 400),2025-08-26,0.039511495452188,0.1203097361759816,1.871693113501496,0.1251852617260455,0.0090603550923566,0.0802767570291305,0.0853666946165354,0.0275345333785547,0.0,-0.0368031525942901,147.99,8.11,19.93,51.28,107.42,UNDERVALUED
MUR,Energy (S&P 400),2025-08-26,-0.1542554445092107,0.0815147907488882,1.4063555184867516,-0.124753323857722,0.1502921580206314,0.938098639029219,1.278020484492787,0.3789882197557743,0.7353509336767546,-0.4891902902342627,-12.42,-8.43,-34.19,48.23,66.29,UNDERVALUED
NEU,Materials (S&P 400),2025-08-26,0.0039272939446652,0.07,0.5673439896365239,0.0326632001924089,0.0824149938088826,2.1372461972986048,1.559118898480277,0.3505550889939374,0.9489274770173648,-0.1287580027397668,28.94,45.95,47.17,24.96,15.9,UNDERVALUED
NOV,Energy (S&P 400),2025-08-26,0.1070889692819461,0.0774218146203056,1.3242376709373946,0.0334381917744378,0.1160205493478199,4.189103272224223,3.6227100677113633,1.075883583907859,1.0,-0.2410991455329177,-59.75,-11.35,-25.72,42.53,61.3,UNDERVALUED
NWE,Utilities (S&P 400),2025-08-26,0.0121270683903025,0.07,0.2661055761801615,0.0645188282753562,0.0493431060476776,0.5718333942418339,0.1845136080410844,0.226384255572964,0.0,-0.9186647716101864,1.3,8.57,12.33,20.82,28.82,UNDERVALUED
NYT,Communication Services (S&P 400),2025-08-26,0.0584232158804263,0.07,0.5768864947911455,0.0658520158671014,0.0242206181941338,0.9462149908525136,0.7037881424118185,0.1524592185215549,0.0310932798395185,0.0168554694683517,16.56,25.38,9.28,29.64,11.14,UNDERVALUED
OC,Industrials (S&P 400),2025-08-26,0.0045996051988574,0.0765533614835234,1.2808595974069503,0.1766602962255136,0.1077307622728818,2.170757224938034,1.7788450900992678,0.4709304387928923,0.967503692762186,-0.4089315607362753,54.13,0.09,-9.4,35.61,-1.38,FAIRLY VALUED
NVT,Industrials (S&P 400),2025-08-26,0.1444607564592361,0.1025561829858237,1.5918197750190586,0.1263441867436022,0.0187464309095295,0.352695334681068,0.3825827072430398,0.1761524708759418,0.0056093829678735,-0.1435033079800994,46.14,49.36,36.24,45.14,71.0,UNDERVALUED
NXST,Communication Services (S&P 400),2025-08-26,0.0186327808763837,0.07,0.925614256438289,0.0960875734846949,0.1866376947608768,4.5767840110094165,3.122189772331784,0.8469655556200186,1.0,-1.0661846082849475,-1.98,42.07,23.95,34.41,-4.7,FAIRLY VALUED
OGS,Utilities (S&P 400),2025-08-26,-0.100997458395826,0.07,0.288883693751236,-0.1215991635715159,0.0654698555152679,0.3567445685460527,0.1438800690532468,0.1893116969144906,0.0,-0.7497197157393997,1.36,2.49,14.64,20.78,11.7,UNDERVALUED
OKTA,Information Technology (S&P 400),2025-08-26,0.185215708453581,0.0908061827969168,1.201619650667821,0.1533362792752982,0.0311848373598521,1.1962252428535067,1.2311985544421142,0.4576515161366907,0.6342134213421342,-0.0341898518421691,-10.34,2.21,-7.52,49.7,46.53,UNDERVALUED
OLN,Materials (S&P 400),2025-08-26,-0.1648225434498823,0.0776805033329486,1.7191883993474204,-0.0428655056344211,0.2443169407794651,1.245981638777008,1.8544954994660523,0.6275854637784216,0.9167270094134684,-1.1446768474686135,22.19,-8.41,-46.61,53.91,-17.05,OVERVALUED
OPCH,Health Care (S&P 400),2025-08-26,0.1256360286251405,0.07,0.4454820148746056,0.1617446756683132,0.0448905580434036,2.2997520603120125,1.6618853645470986,0.5222457525732691,0.924361493123772,-0.1735041404341409,-18.37,-15.78,-12.28,40.26,-15.87,OVERVALUED
OSK,Industrials (S&P 400),2025-08-26,0.1382464260195564,0.0962638136947421,1.2622507100763172,0.1110282773687861,0.1072128541594353,3.181261695358372,3.4145108369497668,1.221103696368778,1.0,-0.0835439942396748,-16.27,39.98,35.48,40.07,8.9,UNDERVALUED
OVV,Energy (S&P 400),2025-08-26,-0.1431016914661551,0.0866194552934378,1.412189757900685,-0.1590554075163098,0.1812537291311169,1.0441819776686698,1.4237004353449576,0.4745211456545005,0.8039443155452436,-0.6017655193577313,17.72,-0.87,-2.68,45.6,67.23,UNDERVALUED
PAG,Consumer Discretionary (S&P 400),2025-08-26,0.0703298259919487,0.07,0.8056704002578565,0.0306729416331085,0.1009625698227164,3.444002761451701,2.3502733116012684,0.7136069799884908,0.9865424430641822,-0.6904374722297093,45.82,13.59,13.84,28.6,19.48,UNDERVALUED
PFGC,Consumer Staples (S&P 400),2025-08-26,0.0701151762579748,0.07,0.8870058380662842,0.017928659131914,0.0417994536597343,1.3592624329710257,0.9374156946515186,0.2929888267605413,0.4145854145854146,-0.3183388280294831,7.79,21.89,35.15,25.85,2.98,FAIRLY VALUED
PK,Real Estate (S&P 400),2025-08-26,0.0194039073250074,0.07,1.362080518784586,-0.036693847294292,0.1964457335741511,4.132873553121476,2.565487425847933,0.9179379444780028,0.9571428571428572,-2.0195918400944906,6.59,-0.6,-13.84,36.67,47.45,UNDERVALUED
PII,Consumer Discretionary (S&P 400),2025-08-26,-0.0859882963869665,0.0750995620176487,1.2812443844203478,-0.1968794770773639,0.0865533851016234,0.7313144371367559,0.5384828333386134,0.2666471838198326,0.0537190082644628,-0.6341288273967999,38.25,24.88,-31.8,54.87,19.81,UNDERVALUED
PEGA,Information Technology (S&P 400),2025-08-26,0.0658714803764062,0.1028651180376925,1.485011885930704,0.0450672057271453,0.0141341034235078,0.2429156138712859,0.2576445346292851,0.0781479171775566,0.0,-0.0237200785486594,46.82,32.78,49.25,54.79,-35.41,OVERVALUED
PLNT,Consumer Discretionary (S&P 400),2025-08-26,0.1231253093947295,0.07,0.6640389878728336,0.1029826588732094,0.0253218187860537,1.1201920641708287,0.7828656012329821,0.3066050292084823,0.2299196787148594,-0.2565236597356197,10.45,16.45,30.17,31.13,-49.66,OVERVALUED
PINS,Communication Services (S&P 400),2025-08-26,0.1406165641846846,0.1076773576502724,1.4699274872601549,0.193479955130339,0.0072201852462071,0.2350819009150951,0.2514966809668731,0.0806124276433243,0.0,0.0390032554404859,-3.14,-2.22,11.5,48.65,-35.58,OVERVALUED
POST,Consumer Staples (S&P 400),2025-08-26,0.1636279227381414,0.07,0.2007958198309375,0.1332713488771277,0.1252798120263459,6.849411535043931,4.875593123710082,1.777276858253945,1.0,-0.9562514069787964,20.93,-0.8,-3.72,19.82,-30.07,OVERVALUED
PPC,Consumer Staples (S&P 400),2025-08-26,0.0116649944450568,0.07,0.0734246682194945,0.0297239690069534,0.0476763821367561,1.243414734974373,0.8951783505810905,0.2114312045585906,0.3369890329012961,-0.1347518504979441,-11.65,-2.82,17.89,35.08,-29.97,OVERVALUED
PR,Energy (S&P 400),2025-08-26,0.5317861928193033,0.085663219654449,1.401830377491229,0.6023407402945247,0.0869862357253996,15.333135144453578,5.531314687397431,1.5993657111910151,1.0,-0.4075935916584335,-7.6,1.05,-1.59,43.65,78.95,UNDERVALUED
PSN,Industrials (S&P 400),2025-08-26,0.2684996559519745,0.07,0.6909146657460532,0.2402879500781682,0.0468592375475905,4.54750755944171,3.096124879456181,1.001414804118989,0.9949849548645938,-0.1133916471140047,3.86,35.26,-15.54,34.47,-42.36,OVERVALUED
PVH,Consumer Discretionary (S&P 400),2025-08-26,-0.0207885424656627,0.07,1.3840438870393368,-0.0612734196166071,0.1729504597782662,3.825293080886467,2.6685413540203533,0.6612896754273234,0.9979879275653925,-0.6028522056794074,-32.25,5.46,-21.79,50.55,-7.59,OVERVALUED
RBA,Industrials (S&P 400),2025-08-26,0.5719378422818417,0.07,0.7028265228049865,0.1643113381889336,0.0360266491089692,11.977166123947262,2.7661729071823027,0.6534980875915921,0.9948293691830404,-0.1759974776623766,31.63,15.72,36.79,23.61,-24.3,OVERVALUED
QLYS,Information Technology (S&P 400),2025-08-26,0.113841173118836,0.0885585880988983,1.0528054535113416,0.0957926479553004,0.0278882790270888,0.965678682787592,0.981619718515482,0.3117247361790418,0.4180045871559633,0.0385353105135508,-27.38,-1.33,5.14,37.66,38.57,UNDERVALUED
RBC,Industrials (S&P 400),2025-08-26,0.0553006992225595,0.08012292687492,0.9078251715802944,0.0487085816830096,0.0192829286773698,0.4586505249322503,0.4053644921495143,0.1183912102438718,0.0,-0.0789965746636137,34.42,11.4,35.3,28.0,26.47,UNDERVALUED
RH,Consumer Discretionary (S&P 400),2025-08-26,-0.0587848735157278,0.1071475922487848,2.658985177013633,0.0500563528885889,0.2096849079984818,1.0158219780225135,1.109136250223757,0.5049968845376078,0.5118387909319899,-0.9433722923466944,23.49,-37.48,-21.89,82.52,-29.29,OVERVALUED
RMBS,Information Technology (S&P 400),2025-08-26,0.1063029696473067,0.1397432513102448,2.191573862579925,0.2071209692984643,0.0081784424931107,0.1247726473202056,0.1300116013275006,0.0303529603582328,0.0,0.0086851535695544,-62.1,28.12,60.84,58.22,22.82,UNDERVALUED
RPM,Materials (S&P 400),2025-08-26,0.0108680403295622,0.0766778918332927,0.9152439467277916,0.0108680403295622,0.0554425557583743,1.202879228943087,1.0228851263275138,0.250696186870554,0.5137825421133231,-0.1371795497401345,24.07,3.04,9.82,27.23,-10.35,OVERVALUED
RS,Materials (S&P 400),2025-08-26,-0.0985409118998492,0.0800491870199723,0.8570637080381098,-0.0655752098825468,0.0833936318976901,1.0203764763972276,0.9840240050578604,0.2454607471827052,0.4282800815771584,-0.0703802126279627,85.89,1.61,6.36,30.13,30.7,UNDERVALUED
RYN,Real Estate (S&P 400),2025-08-26,0.0424703853278947,0.07,0.5387261712319064,0.2531238385890942,0.0755897427321474,2.442119483807656,1.731778503672481,0.4207844431812666,0.97239263803681,-0.2143948167652163,-44.51,3.43,-3.99,23.61,-10.55,OVERVALUED
RRX,Industrials (S&P 400),2025-08-26,0.075344404220589,0.089060623621653,1.5698043034627154,-0.0347001135872782,0.0813470185175845,1.507993778237574,1.5046322971847836,0.5543693568997103,0.8112676056338028,-0.5244555357562517,2.29,13.04,-9.04,45.69,10.61,UNDERVALUED
SAIC,Industrials (S&P 400),2025-08-26,-0.0147110106555718,0.07,0.4125019845172415,0.0047017732401934,0.1097681295823657,2.3851513600595777,1.673487451922205,0.4176614783287879,0.9545454545454546,-0.4129768945723902,6.22,19.41,-6.56,34.69,7.12,UNDERVALUED
SCI,Consumer Discretionary (S&P 400),2025-08-26,0.0094135186312374,0.07,0.315752523025453,0.0211233388734707,0.0535255816692164,1.1095999051159149,0.7329792803443065,0.235032738932295,0.1504950495049505,-0.4153000032009584,10.17,-0.77,4.42,23.18,6.6,UNDERVALUED
SANM,Information Technology (S&P 400),2025-08-26,-0.0224302685173753,0.0969763639204269,1.2549887145366436,-0.1529616852645895,0.003883923250753,0.1026528096387324,0.1036489514664351,0.0134859920856356,0.0,0.0496616836466121,138.94,36.71,62.83,42.65,65.53,UNDERVALUED
SEIC,Financials (S&P 400),2025-08-26,0.033130615542098,0.0884421598471968,1.03515534422415,0.1069688242430303,0.0429535125302736,0.9560136262994708,0.9559127552927884,0.2264981999384988,0.3704751131221719,0.0713769297957458,23.12,14.31,35.64,24.74,20.55,UNDERVALUED
SFM,Consumer Staples (S&P 400),2025-08-26,0.0978814708232997,0.07,0.7212670615285368,0.1289829560545378,0.0370847702188922,1.7492780299966944,1.275430140659994,0.3833047379366414,0.7415295256534365,-0.0987451816192601,132.27,-4.57,47.42,36.54,-45.68,OVERVALUED
SGI,Consumer Discretionary (S&P 400),2025-08-26,0.0009850468254448,0.0736747866189737,1.0278657203684274,0.0011166605757907,0.0325181256666328,0.4836982328928444,0.3443322382194052,0.1342324289077405,0.0,-0.2999849107520654,81.99,31.39,61.4,32.23,-23.07,OVERVALUED
SLAB,Information Technology (S&P 400),2025-08-26,-0.2445991898573579,0.1274062097446798,1.915674382208564,-0.2529497940577149,0.0335810344912224,0.1689527662974878,0.2793701068859751,0.039714535003736,0.0,0.0565256160037969,56.93,-0.62,19.85,51.19,53.8,UNDERVALUED
SLGN,Materials (S&P 400),2025-08-26,-0.0444084270291627,0.07,0.7041883915541979,-0.0222956628906325,0.1252041871527858,2.1573787464884218,1.4334815624520512,0.4355125041997102,0.811491935483871,-0.6844480746411421,14.45,-14.83,-8.46,26.87,-9.3,OVERVALUED
SNX,Information Technology (S&P 400),2025-08-26,-0.0317118037491384,0.0799994278994038,1.023163303961395,0.0155853273651953,0.0975638283146382,1.556151892427812,1.376790285817997,0.3609061394426296,0.8403532608695652,-0.2325139342240003,17.44,6.62,23.14,32.68,71.4,UNDERVALUED
SON,Materials (S&P 400),2025-08-26,-0.0484452840226976,0.07,0.6772248382531235,-0.0250046587052732,0.2235720726267973,3.4100445568553064,2.173489955187557,0.7443531573457189,0.9412955465587044,-1.560307910092941,106.69,2.04,-8.81,27.49,30.22,UNDERVALUED
SN,Consumer Discretionary (S&P 400),2025-08-26,0.2195270993029188,0.1199648186137403,1.84000725759132,0.2997216547437413,0.0161467681977797,0.4594463737811177,0.4951026090487289,0.1993439610496007,0.024024024024024,-0.0345785230094447,27.9,11.91,31.94,53.56,51.82,UNDERVALUED
SPXC,Industrials (S&P 400),2025-08-26,0.1653319244228197,0.1000346032532513,1.3826358059401522,0.1393866299104066,0.0355660842579332,1.0255032346752075,1.1234308031305107,0.4202644585942029,0.5378630705394191,-0.0514092014877038,-13.99,27.01,21.64,39.25,6.47,UNDERVALUED
SSD,Industrials (S&P 400),2025-08-26,0.0270553712785017,0.0778775195262326,0.8853175643738236,0.0082825797959439,0.0378917991365855,0.9397914434139748,0.8214694035235635,0.1940229920312075,0.2049239681390297,-0.0298258012325108,41.91,15.59,5.18,31.69,-2.74,FAIRLY VALUED
ST,Industrials (S&P 400),2025-08-26,-0.0120426953887217,0.0843464287799689,1.7144290261803514,-0.0299203275696208,0.0434498620741973,0.2598942641291895,0.2241508195223707,0.176339643869626,0.0,-0.5339669389554763,29.29,13.55,-12.35,47.65,28.3,UNDERVALUED
STRL,Industrials (S&P 400),2025-08-26,0.093491373099984,0.1189006603428881,1.7832378231766557,0.0727740034245516,0.0224574079234455,0.4310067857338077,0.4530135945790042,0.1200551959065316,0.002,0.0328255915957282,97.88,139.81,148.05,59.51,77.69,UNDERVALUED
TEX,Industrials (S&P 400),2025-08-26,0.0772557055490916,0.0864485355063812,1.5140029411382887,-0.0048524844720496,0.0649429168555683,1.1160173709099064,1.085161460967421,0.4780767511150993,0.5220978196817914,-0.6532218376043536,53.52,23.45,-5.43,45.42,25.47,UNDERVALUED
THC,Health Care (S&P 400),2025-08-26,0.0384041080844486,0.0700907096898333,1.0165394569605235,0.0053977825325812,0.2089424511647264,6.555501816540634,4.705698180159586,1.1146057130050395,1.0,-0.5929888885059773,-38.73,36.65,9.43,44.95,51.41,UNDERVALUED
TKR,Industrials (S&P 400),2025-08-26,0.0084483123862333,0.0790578314241347,1.2148381330167226,-0.0410987628433633,0.0587388383467481,1.011612102907835,0.8563674585924247,0.2757370714292445,0.3030927835051546,-0.3311130822065115,3.56,-0.57,-5.06,36.36,59.85,UNDERVALUED
THO,Consumer Discretionary (S&P 400),2025-08-26,-0.215342811693008,0.085011030859864,1.1028626390967096,-0.096946169190508,0.0741976641814944,0.3656387559290968,0.7226811901316142,0.1837677278926169,0.094224924012158,-0.111979523194193,74.24,9.04,3.9,41.12,-26.22,OVERVALUED
TNL,Consumer Discretionary (S&P 400),2025-08-26,0.0407993305270557,0.07,1.3624410371693043,0.0304,0.1510658558644236,3.8857450520991166,2.5369896316323923,0.839644842255073,0.970498474059003,-1.374431747410053,14.13,12.14,46.49,34.56,18.59,UNDERVALUED
TOL,Consumer Discretionary (S&P 400),2025-08-26,0.0274173788390912,0.07,0.8922854418030983,0.0852234486320424,0.0744445934082223,2.2848833850563306,1.6591429739858543,0.3633739516332649,0.9742857142857144,-0.1215931451420448,57.8,22.83,-6.66,36.35,6.17,UNDERVALUED
TTEK,Industrials (S&P 400),2025-08-26,0.218039795552148,0.07,0.546277157562277,0.1495017191628616,0.0400857042770038,3.474289364365188,2.541512653461714,0.9288202170222092,0.9801980198019802,-0.0801540834649916,3.89,24.64,-21.38,31.69,0.16,FAIRLY VALUED
TTC,Industrials (S&P 400),2025-08-26,0.0076237181613867,0.0767886674686163,0.8783831092791606,0.0067205481858912,0.0421074855480864,0.8670463679918966,0.7288801554880047,0.182009853449076,0.0761346998535871,-0.1040631025970674,-19.88,1.96,-8.95,30.97,22.68,UNDERVALUED
TXRH,Consumer Discretionary (S&P 400),2025-08-26,0.1568670284247444,0.0738362236661919,0.8260769341053965,0.1601279192481678,0.0256621686659291,1.5579196987763202,1.2835925003746746,0.4892405444550578,0.6864053377814846,-0.0532544255632759,13.31,0.18,5.13,28.55,17.08,UNDERVALUED
UFPI,Industrials (S&P 400),2025-08-26,-0.1687213848517116,0.0794499658755411,0.8959008060345641,-0.0784212920786702,0.0352455991920675,0.4542948019372284,0.5509815369687123,0.0909014221715401,0.000697350069735,0.1298099696439807,25.86,-2.84,-15.03,32.46,-14.76,OVERVALUED
UGI,Utilities (S&P 400),2025-08-26,-0.1553476680642805,0.07,0.4582775563053213,-0.1924283154121863,0.1518868309644375,0.9509046341763776,1.013058231193261,0.3785550182283561,0.5137254901960784,-0.9667252624712972,58.89,7.32,48.87,26.64,13.47,UNDERVALUED
USFD,Consumer Staples (S&P 400),2025-08-26,0.0545922908975553,0.0708360612538004,0.8312954729855474,0.0640503413208978,0.0543687438222985,1.6689678852389045,1.1851729202110768,0.3223665600602574,0.7063953488372093,-0.2998826051534879,36.5,10.06,32.29,23.53,39.48,UNDERVALUED
UTHR,Health Care (S&P 400),2025-08-26,0.2190283250711722,0.07,0.5994162055613607,0.2362620837808807,0.0749574602135227,6.780398099958161,5.022314937408505,1.7705456997361422,1.0,0.1007881813521121,-21.94,-3.03,-11.15,34.26,68.49,UNDERVALUED
VC,Consumer Discretionary (S&P 400),2025-08-26,0.0145375670586949,0.0815488382639175,1.01573179285235,-0.0222559433485078,0.0813666099131367,1.83212122883056,1.6996751772464245,0.3856780534502347,0.9881889763779528,0.0573671721150776,-26.56,44.89,26.65,35.15,-16.56,OVERVALUED
VAL,Energy (S&P 400),2025-08-26,0.2142163616320256,0.0964765330540942,1.439921414719639,0.3241789037103463,0.0830672919699642,3.423570264419091,3.608091375588904,1.5014445499926652,0.9963369963369964,-0.2304842432194167,-58.06,31.53,-22.71,52.38,82.19,UNDERVALUED
VIAV,Information Technology (S&P 400),2025-08-26,-0.1201910677023871,0.0715804674534368,0.9928402735260886,-0.0955609800198897,0.0078492612508837,0.027313999513455,0.0153471828011298,0.0212886867175216,0.0,-0.086909969525594,40.01,-0.97,33.53,38.84,244.59,UNDERVALUED
VFC,Consumer Discretionary (S&P 400),2025-08-26,-0.0742029777827393,0.0819884767565607,2.254482034625579,-0.0414481995078904,0.0877867710906219,0.3517050303116157,0.2780285026435698,0.2851466588599836,0.0076824583866837,-0.8913448969277616,-50.34,-42.03,-13.18,73.48,-1.85,FAIRLY VALUED
VNT,Information Technology (S&P 400),2025-08-26,-0.0327885169165865,0.0776412790654106,1.177552850800995,-0.0375420005169294,0.0716397001091876,0.96451461493572,0.8134979198949391,0.2407653471174591,0.2417503586800574,-0.2847577000696363,32.36,14.94,24.3,31.13,-24.22,OVERVALUED
VMI,Industrials (S&P 400),2025-08-26,-0.0315922994504682,0.0827377442026722,1.023054897221753,-0.023849961122005,0.0590582083791732,0.8794455037303054,0.8212550190644067,0.205569992213468,0.2094043887147335,-0.0938569384455955,28.05,8.59,31.29,36.66,28.91,UNDERVALUED
VNOM,Energy (S&P 400),2025-08-26,-0.0033361376826729,0.0817371816641898,1.0262411112667842,0.0399032648125755,0.0468651378650174,0.6444350640247593,0.576459015279748,0.2018993212375372,0.0225016545334215,-0.2786775708849577,59.91,-8.91,-13.23,36.74,22.37,UNDERVALUED
VVV,Consumer Discretionary (S&P 400),2025-08-26,0.1444494668413924,0.07,0.6948352517943585,0.1215794942847246,0.1169448831583429,6.854488320850222,5.088173630111083,1.6067331267880758,1.0,-0.2582557327917466,-25.11,6.35,-5.82,30.37,-14.04,OVERVALUED
WEX,Financials (S&P 400),2025-08-26,0.0574012989492136,0.0754264334619487,1.4202560360660086,0.0314756671899529,0.0940019099886692,2.467606529048766,1.9929063301872207,0.5852941497604195,0.9648842777334398,-0.5657522103221292,-30.1,8.5,-7.7,45.33,15.51,UNDERVALUED
WFRD,Energy (S&P 400),2025-08-26,0.1282358732279438,0.1037627483562223,1.7528730880915713,0.0736124634858812,0.127463577201959,3.2458837591135987,3.490372047155109,1.3040882372568343,1.0,-0.1988052008536205,-47.37,-0.5,-42.04,55.35,49.98,UNDERVALUED
WCC,Industrials (S&P 400),2025-08-26,0.0092637705184175,0.0911248601474368,1.6211397599058528,-0.0253024319639761,0.0977382583789417,1.267364623262654,1.2806299226493487,0.4327203860056599,0.7059148700939746,-0.4536084777287852,17.95,25.68,38.6,43.13,50.34,UNDERVALUED
WH,Consumer Discretionary (S&P 400),2025-08-26,-0.0305053413293494,0.0779926943753179,1.1463492717867882,0.0078740157480314,0.0692013017846766,0.8607977566278749,0.7259050782167632,0.2340961521316392,0.1461988304093567,-0.3530204913645796,20.77,-17.69,15.01,31.91,-12.24,OVERVALUED
WING,Consumer Discretionary (S&P 400),2025-08-26,0.3230292021877263,0.0813707240476774,1.0670928779829227,0.360287356946452,0.0041685532272064,0.3311252199023666,0.2144771822608268,0.1010885714449936,0.0,-0.1026429992363053,-0.67,43.25,-19.14,57.62,-64.79,OVERVALUED
WMG,Communication Services (S&P 400),2025-08-26,0.0419483484663569,0.07,0.5844684495211865,0.0644359781348351,0.0245309064337944,0.6481684547319041,0.4280524197265227,0.1335368710813131,0.0,-0.2128452659639611,25.97,-1.17,18.35,26.79,-16.85,OVERVALUED
WHR,Consumer Discretionary (S&P 400),2025-08-26,-0.0824112170423982,0.07,0.9512758272100872,-0.1463891030583397,0.2357187591595383,3.1933163518271086,2.191706304127921,0.7172591779395646,0.964964964964965,-1.1999164725300038,160.62,-5.42,-0.43,44.46,-55.83,OVERVALUED
WLK,Materials (S&P 400),2025-08-26,-0.1232030156565143,0.07,1.1439418979638254,-0.0323557539050047,0.0701048299046824,0.8234902167829143,0.6979781320386415,0.1873232443713231,0.0423991726990692,-0.2292666064849377,-10.71,-21.89,-41.66,41.0,-6.68,OVERVALUED
WMS,Industrials (S&P 400),2025-08-26,-0.0275480280386002,0.0885036827988007,1.1547382065042564,0.0103573768130714,0.0330727661483855,0.3820021250351698,0.3770626558825041,0.1106234637717289,0.0,-0.0875185199783352,16.34,28.02,-10.49,41.46,-1.51,FAIRLY VALUED
WSO,Industrials (S&P 400),2025-08-26,0.0233698138366322,0.0773263602558608,0.8251764650491629,0.0459309036107278,0.0149144392630358,0.3844692973627052,0.3362683018913286,0.0736152735871905,0.0,0.0049581588948218,31.3,-17.42,-14.23,31.69,-20.17,OVERVALUED
WTS,Industrials (S&P 400),2025-08-26,0.0666592994609605,0.0845520854884981,0.964931607026627,0.0952682001653455,0.027002744372225,0.7463265447342989,0.7171873624622852,0.1812961729565339,0.0789946140035906,0.0202837046576318,36.96,33.26,49.39,28.41,31.65,UNDERVALUED
YETI,Consumer Discretionary (S&P 400),2025-08-26,0.0710257423846614,0.0939154637518224,1.2601601676598233,0.1031884358535804,0.0248231980799981,0.6250830352255234,0.6392087231122058,0.1554086796481417,0.0264436049649217,0.0627934029658566,-49.22,-4.36,-12.2,45.75,23.01,UNDERVALUED
WWD,Industrials (S&P 400),2025-08-26,0.1811468307422032,0.09102274521667,1.1505244030256474,0.1405639810524105,0.0255471416870673,1.0272232938489625,1.0804818189514107,0.4474271975075952,0.4859504132231405,-0.041204485303475,45.32,37.52,56.08,30.65,36.14,UNDERVALUED
AAMI,Financials (S&P 600),2025-08-26,0.100858202657627,0.0855008507651352,1.14816296789358,0.1851851851851851,0.0482467456852601,1.3886811600373028,1.3536641325514658,0.4469254198583634,0.7643198090692124,-0.1291438699847847,98.12,107.95,116.82,35.3,78.17,UNDERVALUED
ACHC,Health Care (S&P 600),2025-08-26,0.0991952674877014,0.07,0.8312218794389977,0.0769017235409927,0.0390533455369161,0.7856318799703608,0.3110231790035994,0.3225380305210432,0.0204479065238558,-1.0157886600246775,-78.37,-47.44,-73.03,58.27,25.15,UNDERVALUED
ABG,Consumer Discretionary (S&P 600),2025-08-26,0.0553157299844615,0.07,1.1165985389348572,0.161180054989968,0.1710457977051737,5.34411623594686,3.644243430626688,0.9924076679504096,1.0,-1.0459164518714603,53.99,-6.7,5.2,37.59,-15.33,OVERVALUED
ACA,Industrials (S&P 600),2025-08-26,0.0704412548636861,0.0810993515175738,1.2059778844284563,0.1135231162528705,0.0362126690059888,0.7466822876027361,0.6514734113701274,0.2448362384277132,0.1005326231691078,-0.3118882992811067,81.38,6.03,8.42,35.43,47.31,UNDERVALUED
ACLS,Information Technology (S&P 600),2025-08-26,0.0518447628658291,0.1163661086604415,1.661604655467873,-0.0997157271688407,0.0276199294398275,0.4292484976940364,0.4493865679845777,0.1007477026424859,0.0005005005005005,0.030488202255657,-19.08,35.05,-29.16,51.81,54.46,UNDERVALUED
ACIW,Information Technology (S&P 600),2025-08-26,0.0588847868801469,0.0886020929151252,1.1960004051480384,0.0975568282344712,0.0344137064203132,0.6582694315424861,0.6614382914099926,0.2168084468440638,0.0803673938002296,-0.1460517407008106,18.15,-4.82,-2.71,35.79,7.13,UNDERVALUED
ADNT,Consumer Discretionary (S&P 600),2025-08-26,0.0198788965711214,0.0785588260822843,1.3176125053389165,-0.045924001299123,0.1912086291303856,3.996591521185197,3.4385120906713875,0.9090938646944968,1.0,-0.6832182949101452,-15.56,50.15,15.5,49.32,-22.6,OVERVALUED
AEO,Consumer Discretionary (S&P 600),2025-08-26,0.0333933770185703,0.0717647299278268,1.589964767707091,0.0127109318727348,0.1135939099116868,3.077248763501425,2.262291016438458,0.5727747783736183,0.991412213740458,-0.5086678871079292,-35.8,-7.15,-42.94,59.12,34.97,UNDERVALUED
ADUS,Health Care (S&P 600),2025-08-26,0.1017877297968183,0.07,0.493363181664774,0.0906323235891715,0.0382724286817817,1.7031506478584646,1.240129398782386,0.3371192813655609,0.7421383647798742,-0.0840970676936696,4.44,19.3,-14.55,30.47,5.61,UNDERVALUED
ADMA,Health Care (S&P 600),2025-08-26,0.6636538188805401,0.099859313464764,1.2610493155718083,0.6515461921267162,0.0283433334144098,12.18523000137351,2.202854135265313,0.6643338781279748,0.9927872230808862,0.0051977017190085,-87.45,8.37,-7.07,60.28,-42.92,OVERVALUED
ADEA,Information Technology (S&P 600),2025-08-26,-0.0744312868302067,0.0967118260745292,1.3234519249693828,-0.0328302313857423,0.0297066245447728,0.0509284935491144,0.0657775758943343,0.0811970474931627,0.0,-0.2469589699783142,39.06,-3.17,29.67,49.38,77.0,UNDERVALUED
ADT,Consumer Discretionary (S&P 600),2025-08-26,0.0572987848022896,0.07,0.7175153883204147,0.0527898755680421,0.1458414763390477,4.487623977830315,3.016534656370943,0.8755099347551937,0.9989572471324296,-1.013573307298951,-7.52,16.9,19.36,32.53,-12.52,OVERVALUED
AHCO,Health Care (S&P 600),2025-08-26,0.047736350694191,0.07,0.912077813740451,0.0189983241551951,0.1281091414990944,2.982533131343257,1.828563133019956,0.7141075743231018,0.8529411764705882,-1.629918227874918,-40.42,-17.03,-11.87,52.98,-41.48,OVERVALUED
AGYS,Information Technology (S&P 600),2025-08-26,0.1796540048039119,0.0929469982648492,1.1606226904372805,0.1606980426506754,0.0167499875987942,0.6258340530026701,0.6601217654804274,0.2337580840200712,0.0927505330490405,0.0085992463051113,-3.78,33.66,-1.95,52.39,4.74,FAIRLY VALUED
AIN,Industrials (S&P 600),2025-08-26,0.0904722957053953,0.0849079304087739,1.2020498110308464,0.0720492652292124,0.0762227311008971,2.095953910227088,2.045476348250057,0.6065038721292076,0.9939649969824984,-0.1392038587863605,-25.94,-18.06,-28.92,42.77,-6.32,OVERVALUED
ALG,Industrials (S&P 600),2025-08-26,0.0372603092596584,0.0782303412934494,0.8307418584392725,-0.0361838036375559,0.0279493938982149,0.7389606309146513,0.6480294323954624,0.1450554605467975,0.0028839221341023,-0.0114060161274872,15.58,18.23,19.0,29.78,-24.91,OVERVALUED
ALKS,Health Care (S&P 600),2025-08-26,0.1836411958491666,0.0734601608685705,0.6767344902594837,-0.0635882421899657,0.0483764410319404,3.643580356178485,3.0267395110952857,1.153813372271456,0.9948586118251928,0.0458751239188671,-77.92,-16.72,3.69,34.34,65.7,UNDERVALUED
AMR,Materials (S&P 600),2025-08-26,-0.1508774753622391,0.0837378124963575,0.8628112014479954,-0.1481043619939638,0.0784154006335668,0.976001454765126,1.1645126406867814,0.2006843135106175,0.7585585585585586,0.2521971324479868,38.54,-2.88,-35.96,57.51,34.06,UNDERVALUED
AMPH,Health Care (S&P 600),2025-08-26,0.2111589290665587,0.07,0.6547262601528746,0.1358980128647801,0.0977184396796219,8.02476305913855,5.894241927084737,2.264257546613837,1.0,-0.3453539372492502,-36.12,-2.79,-36.73,43.1,-28.54,OVERVALUED
ANDE,Consumer Staples (S&P 600),2025-08-26,-0.1939156877377982,0.07,0.8363016564617795,-0.2367822020605674,0.1080830468353149,0.8724788703912799,1.162990864945945,0.2584667008873573,0.7077077077077077,-0.2315780393258056,-11.42,-4.19,-17.34,40.01,68.63,UNDERVALUED
APLE,Real Estate (S&P 600),2025-08-26,0.0751210608588421,0.0758033965354186,1.1339266991744243,0.0652388748325643,0.1575224538654167,4.859236938124487,4.027624187740649,1.111879940381558,1.0,-0.5550539382513451,-17.9,-8.55,-5.51,30.12,39.62,UNDERVALUED
APAM,Financials (S&P 600),2025-08-26,0.05797836549704,0.0905175899981251,1.2293253858140163,0.1401565533246302,0.1014742410917503,2.315607617291509,2.3444151599286727,0.6518760643426735,1.0,-0.0108671404720463,15.88,14.48,20.94,31.47,-1.44,FAIRLY VALUED
APOG,Industrials (S&P 600),2025-08-26,-0.0280544625372322,0.0721345558963201,1.0151715041338425,-0.0394850318502803,0.0929953603116207,1.7188688216654668,1.2989385890980305,0.3288747290253647,0.79491833030853,-0.3364149379504835,8.47,-5.65,-32.71,46.35,-4.25,FAIRLY VALUED
ASO,Consumer Discretionary (S&P 600),2025-08-26,-0.036768026007088,0.0802067528675407,1.5204269831292472,-0.0366667202442618,0.09618334342632,1.2201476070124724,1.0708745776551416,0.3434996585999589,0.5357142857142857,-0.412321893817573,12.6,6.46,-0.46,49.44,-14.12,OVERVALUED
ASTH,Health Care (S&P 600),2025-08-26,0.3334881682479558,0.07,0.586456535895228,0.4672223420143784,0.0550788216693056,7.103489870453719,4.040551356755616,1.1261185584811957,0.998989898989899,-0.1255155798222041,-13.05,-13.7,-37.05,63.81,27.9,UNDERVALUED
ATMU,Industrials (S&P 600),2025-08-26,0.0338363590578691,0.0885884752733727,1.2501144886359767,0.0254898347767336,0.0206099994701063,0.3020593381302785,0.2976232124117364,0.1052256399480038,0.0,-0.1229484072157989,55.51,13.46,28.84,34.31,12.45,UNDERVALUED
ATEN,Information Technology (S&P 600),2025-08-26,-0.033821082036327,0.0909322807917245,1.091369361501974,0.0397139451728247,0.0120116344830999,0.2317790966084053,0.2330187336784001,0.0410062597410648,0.0,0.0662250567509521,17.8,-14.07,30.69,33.96,49.77,UNDERVALUED
AWI,Industrials (S&P 600),2025-08-26,0.0827792926885178,0.081071857145306,0.9283474151026057,0.1161982705373687,0.0410985439709348,1.290632641150288,1.187125571800127,0.3521506710964532,0.6625487646293888,-0.0609611159594633,75.34,30.52,58.13,25.57,-9.15,OVERVALUED
AZZ,Industrials (S&P 600),2025-08-26,0.0917717452542621,0.0933848853356995,1.2645325147973017,0.026115561440671,0.05650216435429,1.1403734507952796,1.1744387129724505,0.4231781286517967,0.5938009787928222,-0.2555645709487477,50.4,20.12,39.71,35.33,21.45,UNDERVALUED
BCPC,Materials (S&P 600),2025-08-26,0.0059914447525764,0.0715428385472117,0.6749788715169768,0.0338721584841924,0.0319530168253077,0.8607123085825934,0.6525022515517828,0.1426790424732632,0.0009199632014719,-0.0301952879421179,3.98,-5.96,-5.49,22.42,11.29,UNDERVALUED
BCC,Industrials (S&P 600),2025-08-26,-0.1046103358496635,0.0836672251089752,1.0888395760250618,-0.0166637784987229,0.1376620939852207,1.5370065013617098,1.5888715523388064,0.3616146947438023,0.9850839030453696,0.0587367894555254,35.7,-14.42,-32.97,37.7,-6.93,OVERVALUED
BFAM,Consumer Discretionary (S&P 600),2025-08-26,0.1529912856366915,0.07,0.7050521150072437,0.1107227230191001,0.0136155018623862,0.5612311762923179,0.3568633180774196,0.1822086388910342,0.0010111223458038,-0.2465961995322187,4.51,-7.5,-12.7,31.86,-38.06,OVERVALUED
BGC,Financials (S&P 600),2025-08-26,0.1151888036896917,0.0787555150054784,1.0968636996026395,0.1144537391558193,0.0374970767966136,1.277604868339636,1.124178480570063,0.3546200851358033,0.6047652417659425,-0.1564597923162125,55.15,4.63,5.92,36.79,7.64,UNDERVALUED
BHE,Information Technology (S&P 600),2025-08-26,-0.0407108050665081,0.0913828262305192,1.3512078411698856,-0.0644144226650736,0.0621834696005633,0.8231283968593552,0.8273062340339081,0.2126045861932844,0.2081967213114754,-0.0350946227135979,28.9,2.27,-2.62,38.95,81.55,UNDERVALUED
BL,Information Technology (S&P 600),2025-08-26,0.1177461788240772,0.07,0.9443996426751534,0.1073566600451528,0.079486742215489,4.465339508942133,3.3100540650467,0.9703433976729884,1.0,-0.0092334649113695,-99.13,8.0,4.09,35.96,-39.67,OVERVALUED
BNL,Real Estate (S&P 600),2025-08-26,0.0293678150743599,0.07,0.4266924578920258,-0.0250356749336175,0.1090855970578612,3.003694869259361,2.0785727303287054,0.5430983400605287,0.978978978978979,-0.5853012177336151,9.08,13.99,7.99,20.86,23.36,UNDERVALUED
BOX,Information Technology (S&P 600),2025-08-26,0.0488899622050855,0.07,0.4998429119190141,0.0504836948718418,0.0100997047748605,0.3462039742754403,0.2514649232339409,0.0600783477698693,0.0,-0.0215432242306184,4.55,-4.27,9.45,30.34,5.58,UNDERVALUED
BRC,Industrials (S&P 600),2025-08-26,0.0149909866134874,0.0726102486241159,0.7172859669014148,0.0071553906069918,0.0351510962045764,1.0096733312859498,0.8034498613374229,0.1636414573229333,0.1380866425992779,0.0335784723651437,27.88,5.1,5.67,24.79,20.34,UNDERVALUED
CAKE,Consumer Discretionary (S&P 600),2025-08-26,0.0413099073128993,0.07,1.06060376167836,0.0413420194719992,0.0493899177526735,1.142359558930503,0.6980293906151677,0.2653436422649893,0.1440245148110316,-0.5841580174970442,-15.07,17.18,55.68,37.86,75.13,UNDERVALUED
BTU,Energy (S&P 600),2025-08-26,-0.0778186105627655,0.0992733376885194,0.9641823274226968,-0.1435300301210908,0.3479612522299807,3.6300614541137866,3.813568071040039,0.9106715422279792,1.0,0.1148465411006973,25.29,20.53,-26.77,56.09,60.59,UNDERVALUED
ABBV,Health Care (S&P 500),2025-02-27,-0.0643538774244668,0.07,0.0855502658912221,-0.0643538774244668,0.0301752226590991,0.3942514910481913,0.266176773432826,0.0886929582288449,0.0,-0.1350024180117632,129.89,6.48,18.72,24.78,34.04,UNDERVALUED
AOS,Industrials (S&P 500),2025-02-27,0.0263459335624283,0.0708356270530308,0.638356302337386,0.0263459335624284,0.0760055690448685,2.369421297200734,1.8136948867008893,0.3758074460888433,0.9990262901655308,0.0196029088757801,-56.73,-18.58,-18.49,23.81,-2.25,FAIRLY VALUED
ACN,Information Technology (S&P 500),2025-02-27,0.026455763157575,0.07,0.6006557412953776,0.0122398633822866,0.0402620345276917,1.2841356848065952,0.9556188060997898,0.1991126159308779,0.4352941176470588,0.004083207222224,18.56,5.72,-3.99,25.22,-47.62,OVERVALUED
A,Health Care (S&P 500),2025-02-27,-0.02499101370065,0.0739946964135711,0.7997589586946278,-0.0472705985657836,0.035102538106593,0.690130007830173,0.553335502262345,0.1276477125421206,0.0,-0.0575662989532295,1.65,-9.63,-3.46,26.06,24.51,UNDERVALUED
ABT,Health Care (S&P 500),2025-02-27,-0.0811857146129704,0.07,0.1095085637811463,-0.0811857146129704,0.028640160281,0.4989560230755047,0.3753232877190727,0.0904732825316647,0.0,-0.038264677752168,51.45,21.33,16.11,19.11,-13.27,OVERVALUED
ADBE,Information Technology (S&P 500),2025-02-27,0.102408269907986,0.092673857040204,1.1528486981724442,0.1024082699079859,0.0201163906908124,0.5896075970178213,0.6098315787098657,0.1998714401387289,0.0435016111707841,0.0153879834623486,9.87,-23.01,-20.87,35.46,-37.73,OVERVALUED
AKAM,Information Technology (S&P 500),2025-02-27,0.0539907881705024,0.07,1.0116535345240154,0.0539907881705023,0.0600420898153082,1.8850700654632493,1.2992283420728052,0.3509988325739176,0.7832167832167832,-0.3436087638962994,1.67,-23.14,-27.74,36.81,41.38,UNDERVALUED
ABNB,Consumer Discretionary (S&P 500),2025-02-27,0.1807358018811764,0.0975517450812765,1.2728824269697523,0.1807358018811763,0.0208665890245115,0.8985461464530173,0.9839102016212524,0.3966824724843982,0.3961276818419675,0.0513661495958821,117.84,19.45,-8.29,35.75,32.66,UNDERVALUED
LNT,Utilities (S&P 500),2025-02-27,-0.0423305588585017,0.07,0.0403019059266089,-0.0423305588585017,0.0723972979494988,1.0554851427693464,0.6511786972019326,0.2538569655430622,0.0885416666666666,-0.605365950893452,16.52,12.74,38.28,17.54,13.99,UNDERVALUED
APD,Materials (S&P 500),2025-02-27,-0.0238298331724485,0.07,0.2687942964904493,-0.0396349206349206,0.0161985365706554,0.2120017780980248,0.1154870486841056,0.0590423662190978,0.0,-0.1799537855175817,-13.03,13.78,38.41,23.93,-0.07,FAIRLY VALUED
ALLE,Industrials (S&P 500),2025-02-27,0.1158042727467221,0.07,0.6255522522379939,0.115804272746722,0.0807128870495134,4.349077233506232,3.163518217302901,1.0477339716098253,0.9989440337909188,-0.1409610083183118,-1.41,-6.52,-0.03,20.35,28.95,UNDERVALUED
GOOGL,Communication Services (S&P 500),2025-02-27,0.0868277022726951,0.0968336079624544,1.2384681268838784,0.0868277022726951,0.0280332532928379,0.6735045179276303,0.704607318314913,0.2163342089897337,0.1068421052631578,-0.0014713199060566,60.69,2.57,21.77,28.67,103.23,UNDERVALUED
MO,Consumer Staples (S&P 500),2025-02-27,-0.0089907192575405,0.07,-0.0452881975820282,-0.0089907192575406,0.151058692459949,3.721410294053176,2.7036780634470508,0.5990826242903133,1.0,-0.2567167217907534,-7.8,8.01,46.24,18.01,34.41,UNDERVALUED
GOOG,Communication Services (S&P 500),2025-02-27,0.0868277022726951,0.0968877424013748,1.2394451004064249,0.0868277022726951,0.0277511126264349,0.6660648700488153,0.6926495702336898,0.2191646695510543,0.1023622047244094,-0.0014565118074585,61.4,2.55,21.93,28.26,99.73,UNDERVALUED
AMCR,Materials (S&P 500),2025-02-27,-0.0717299578059071,0.07,0.4015610049042943,-0.0717299578059071,0.0906854424146483,1.1881598278652774,0.795808981975614,0.2886168766789809,0.2436028659160696,-0.4740723343717131,23.07,-6.54,18.0,22.42,-0.71,FAIRLY VALUED
AMT,Real Estate (S&P 500),2025-02-27,0.0380284902647893,0.07,-0.0621115238286947,0.0380284902647894,0.0311708176503115,0.5727058771907333,0.2903191358221185,0.1703482846408048,0.0,-0.4943971319503957,11.38,-8.35,12.96,26.51,-9.08,OVERVALUED
AME,Industrials (S&P 500),2025-02-27,0.0725823628207651,0.07,0.6390574869522707,0.072582362820765,0.0555958014360807,2.2355445290221483,1.6292838169531068,0.4068361261584791,0.947799385875128,-0.0692040199885129,22.73,11.87,6.04,21.76,28.88,UNDERVALUED
AMGN,Health Care (S&P 500),2025-02-27,0.0709265661208828,0.07,0.5741582121384254,0.0709265661208828,0.0428284318401235,1.418929373934622,0.9684795817120138,0.3059116330012293,0.4417238001958863,-0.340613653646087,10.68,-4.95,13.16,25.93,47.38,UNDERVALUED
APA,Energy (S&P 500),2025-02-27,-0.2524604966139955,0.07,0.6055987574329177,-0.2524604966139955,0.4143595414391814,1.628979217241331,4.016214871610955,0.8939937475777058,1.0,-0.8972744505068886,-6.63,-26.68,-29.89,36.55,131.77,UNDERVALUED
AON,Financials (S&P 500),2025-02-27,0.071880759676256,0.07,0.2494426001100724,0.0718807596762561,0.0418747820217319,1.5877754724362103,1.150588005688955,0.2965526544658636,0.6703967446592065,-0.1415476807393605,24.24,19.17,29.14,19.24,-12.09,OVERVALUED
APH,Information Technology (S&P 500),2025-02-27,-0.0054107581399033,0.1116289138031977,1.656217453031139,-0.0054107581399033,0.0284451014281048,0.2918414581121733,0.3067557573918038,0.0827223187466602,0.0,-0.0369144710932107,69.75,-1.12,22.31,31.34,136.52,UNDERVALUED
ADI,Information Technology (S&P 500),2025-02-27,-0.1141760754437537,0.1122472703607092,1.6842704724238675,-0.2339094614222099,0.0128110835933053,0.0391762665409149,0.0537850350091832,0.0241185140341359,0.0,-0.0520775008433036,133.97,-2.66,20.4,33.84,69.11,UNDERVALUED
AMAT,Information Technology (S&P 500),2025-02-27,0.0266187669673432,0.1373983400743853,2.245922372321012,0.0248519817475581,0.0368687451513574,0.3778344332881916,0.3883992822878286,0.0668167616109125,0.0,0.0111758053184138,31.7,-19.61,-22.13,42.65,220.36,UNDERVALUED
AAPL,Information Technology (S&P 500),2025-02-27,-0.0041842118085896,0.0815818901913444,0.9094224311730764,0.0202199407751412,0.0271521736389556,0.5127684366601746,0.474764256760147,0.1127394258983219,0.0,-0.0215090850362803,39.01,4.29,30.55,23.99,31.99,UNDERVALUED
APTV,Consumer Discretionary (S&P 500),2025-02-27,0.1464920807364629,0.0731223404089554,1.0036141216857768,0.1464920807364629,0.0463162003800838,2.513859434114792,1.965817866995614,0.7633190609392425,0.9233480176211454,-0.2823916543845338,-39.64,-7.78,-17.14,36.91,-28.0,OVERVALUED
ADM,Consumer Staples (S&P 500),2025-02-27,-0.0750423411713734,0.07,0.1975196779520169,-0.0750423411713734,0.1566540107408028,2.673309103137761,1.9527699868210155,0.5006983132496299,0.9841112214498512,-0.3610268128591232,-36.52,-21.47,-8.4,23.46,83.9,UNDERVALUED
ARES,Financials (S&P 500),2025-02-27,0.1886603677437281,0.0800949218733231,1.314426616276645,0.1886603677437281,0.0622502880779662,3.453238452034221,3.2132377329605246,1.5034939171177666,0.9721115537848606,-0.4710481068351754,6.04,15.67,31.28,27.85,-11.72,OVERVALUED
AJG,Financials (S&P 500),2025-02-27,0.1779290342198207,0.07,0.2415174514675682,0.1779290342198208,0.0149572643259766,0.891548942632904,0.6334010027282782,0.2355569031362248,0.0695134061569016,-0.1032911479886691,50.42,15.32,38.01,17.96,-20.89,OVERVALUED
T,Communication Services (S&P 500),2025-02-27,0.0139720558882234,0.07,-0.1508040020694339,0.0139720558882235,0.0679101763120554,1.2468270984088,0.7127205274860521,0.3102804855299653,0.207527975584944,-0.8234416798935082,-49.58,40.41,69.13,19.72,-0.07,FAIRLY VALUED
ADP,Industrials (S&P 500),2025-02-27,0.0660885399895625,0.07,0.431877168640199,0.0660885399895626,0.0210455479995729,0.8571051557647708,0.6312119734612325,0.1456700139548954,0.0039643211100099,-0.0033227046846715,28.58,14.49,26.59,15.45,-6.86,OVERVALUED
AZO,Consumer Discretionary (S&P 500),2025-02-27,0.0666332630352608,0.07,0.3665435562534595,0.059176641581137,0.0412392974613598,1.4480671557178135,1.0169837633778842,0.283043664126651,0.5117227319062182,-0.2069948350191962,18.32,8.26,16.57,19.27,-14.01,OVERVALUED
AVB,Real Estate (S&P 500),2025-02-27,0.0672707278269915,0.07,0.4328101227251364,0.0672707278269915,0.0666315523529269,2.379474965341013,1.6922506682046148,0.4393291422225707,0.950354609929078,-0.2582823195094029,51.89,2.28,32.2,18.33,-12.74,OVERVALUED
ADSK,Information Technology (S&P 500),2025-02-27,0.0983016983016982,0.0983575135237343,1.321763336705313,0.0983016983016983,0.0181436596708507,0.4420004047353611,0.4677630198045412,0.1534549840751338,0.0062015503875968,-0.0121525204256081,19.86,9.87,9.89,27.34,-11.1,OVERVALUED
AVY,Materials (S&P 500),2025-02-27,-0.074673923865786,0.07,0.6069769856504845,-0.074673923865786,0.0264016632301077,0.266057842429188,0.1479193616678248,0.0778550943244662,0.0,-0.2095833225860048,32.41,-13.97,-11.97,18.67,1.74,FAIRLY VALUED
BKR,Energy (S&P 500),2025-02-27,0.2056154282473057,0.072388006469826,0.8219814016527542,0.2056154282473057,0.0462561969332949,3.1375439511051733,2.470134057800822,0.8434226229906389,0.9902395740905058,-0.0797278558502718,-56.43,24.4,50.07,28.01,48.01,UNDERVALUED
BAX,Health Care (S&P 500),2025-02-27,0.0301282688674555,0.07,0.3316327052305962,0.0301282688674555,0.0331100842713441,0.446563161419462,0.1619570032781032,0.1630736266167422,0.0,-0.6311615898606774,-29.56,-6.22,-13.71,28.2,-23.32,OVERVALUED
BDX,Health Care (S&P 500),2025-02-27,0.0340775479618191,0.07,0.2244274690184924,0.0416064422878381,0.0593758269541078,1.6255513510290307,1.10532278796732,0.2985033513060519,0.6233635448136958,-0.3738029428728447,-6.09,-4.97,-5.5,19.22,10.23,UNDERVALUED
BBY,Consumer Discretionary (S&P 500),2025-02-27,-0.0614713378547669,0.07,0.6230756786808842,-0.0614713378547669,0.0649040585901973,1.0165252964616798,0.7464420668434805,0.1900798305646559,0.0971540726202159,-0.1439646921549277,14.71,1.74,16.95,32.39,4.87,FAIRLY VALUED
TECH,Health Care (S&P 500),2025-02-27,0.0238919783083546,0.0863882061856177,1.0354438169458904,0.0196691833039794,0.0238761524885646,0.4681401158731695,0.4551645069023467,0.1193791931133726,0.0,-0.0278508192166184,3.69,-13.6,-16.0,36.88,18.95,UNDERVALUED
BLK,Financials (S&P 500),2025-02-27,-0.0007833044256699,0.0785387399284899,0.892887963817101,-0.00078330442567,0.0344586410422694,0.7558111675111959,0.6755696514557965,0.1508077005055017,0.0085775553967119,-0.0071044955826218,21.94,7.79,20.85,19.94,24.49,UNDERVALUED
BIIB,Health Care (S&P 500),2025-02-27,-0.0332042385043348,0.07,0.4968720202698728,-0.0332042385043348,0.2198955448098506,4.975388406968924,3.6518514183639335,0.7920491125072748,1.0,-0.3102481699532933,40.98,-31.2,-37.54,25.5,53.24,UNDERVALUED
BSX,Health Care (S&P 500),2025-02-27,0.1228512852862324,0.07,0.5741841751593494,0.1228512852862324,0.0122099460489438,0.5713140658497782,0.4096582979130979,0.1223046106328603,0.0,-0.0583916961158156,55.55,26.27,51.74,17.38,-51.02,OVERVALUED
BMY,Health Care (S&P 500),2025-02-27,-0.0249788773586949,0.07,0.0340592096109349,-0.0249788773586949,0.1231637442423891,2.533166979609192,1.858997480017108,0.4349435331647622,0.9865563598759048,-0.2709634386429042,-11.63,24.93,22.23,29.43,19.51,UNDERVALUED
BRO,Financials (S&P 500),2025-02-27,0.1785012629806344,0.07,0.3900647257868179,0.1785012629806343,0.0371285070601094,2.592336565885265,1.9059267266336288,0.7039681003734121,0.9294478527607362,-0.1013984796053707,44.84,13.43,39.3,17.47,-37.35,OVERVALUED
BKNG,Consumer Discretionary (S&P 500),2025-02-27,0.2501462843768285,0.0822254219009237,0.9779058148712524,0.2501462843768285,0.0517669300191317,3.7089233558694046,3.2998400857387544,1.2232672831930955,0.9954721862871928,-0.0160122509399821,54.8,27.21,42.66,24.64,7.99,UNDERVALUED
AVGO,Information Technology (S&P 500),2025-02-27,0.2463119100387665,0.1556361071380848,2.7269948959487285,0.4398503587481504,0.013592465125743,0.2134103072852174,0.2140850558475306,0.0770858194941278,0.0,-0.0636110292940794,278.75,23.29,54.65,57.67,86.39,UNDERVALUED
BF-B,Consumer Staples (S&P 500),2025-02-27,-0.0118259224219489,0.07,0.0730110263816922,-0.0118259224219489,0.0836934909061047,1.898799266120805,1.3662203217768298,0.3147958076018226,0.8687068114511353,-0.1781579331602388,-56.16,-25.95,-41.53,27.87,-9.87,OVERVALUED
BG,Consumer Staples (S&P 500),2025-02-27,-0.1144098048548309,0.07,0.0706924518898733,-0.114409804854831,0.0828257807260404,0.8791623684991257,0.7050980123289778,0.2056276701653842,0.0579110651499482,-0.2997526600517718,-45.49,-25.71,-18.87,25.02,66.08,UNDERVALUED
CAH,Health Care (S&P 500),2025-02-27,0.1184519571491125,0.07,0.156377447236159,0.1065865283760775,0.0911774581718475,4.837329094994538,3.649909003820474,1.0312181709411723,1.0,0.0013409123059153,-88.41,16.83,18.47,21.21,82.31,UNDERVALUED
CDNS,Information Technology (S&P 500),2025-02-27,0.1483183115563893,0.1254482792225449,1.8804908825555156,0.1483183115563893,0.0158054626041152,0.3499488296213551,0.3728766626835582,0.1229728506832794,0.0025,0.0036090489982361,26.31,-7.57,-17.15,36.92,26.16,UNDERVALUED
CPT,Real Estate (S&P 500),2025-02-27,0.0838309590681747,0.07,0.3832023560979268,0.0838309590681747,0.0319130664463623,1.0898748058928682,0.7290017380476934,0.2427492207058484,0.144,-0.2782066224721758,36.12,1.16,37.2,20.5,-7.21,OVERVALUED
CAT,Industrials (S&P 500),2025-02-27,0.1284433001834182,0.0789852762346583,1.1645965898711557,0.1284433001834183,0.0589471992830165,2.5068595004424026,2.232373298038587,0.7953621617218052,0.9808102345415778,-0.1851896587452782,-2.1,-2.46,5.34,26.58,144.04,UNDERVALUED
CBOE,Financials (S&P 500),2025-02-27,-0.0467348743210812,0.07,-0.5586036203495185,-0.0467348743210812,0.0125049756370935,0.2160293759016701,0.1503456812914684,0.0395871705297766,0.0,-0.0491452768061412,-26.11,-1.0,8.02,21.38,42.87,UNDERVALUED
CDW,Information Technology (S&P 500),2025-02-27,-0.0999086265774548,0.0731854408089875,0.9256373964672794,-0.0999086265774547,0.066094273479109,0.6118158280309907,0.5146806314089235,0.1601389423034267,0.0074257425742574,-0.2224339915419184,2.6,-20.6,-25.82,27.97,-23.69,OVERVALUED
CF,Materials (S&P 500),2025-02-27,-0.4072054353656356,0.07,0.3579394728151229,-0.4072054353656356,0.1554183990662836,0.1942817704083923,1.550454082457129,0.2910429412631717,0.985858585858586,-0.0827500164149861,86.46,-1.32,2.27,31.06,63.12,UNDERVALUED
COR,Health Care (S&P 500),2025-02-27,0.1099915963392554,0.07,0.1233958388409506,0.1212372676495405,0.0642580128706524,3.2321334503679613,2.397360289347209,0.6469166927689076,0.9980295566502464,-0.0261582728811536,53.08,7.12,6.23,17.82,27.82,UNDERVALUED
CNC,Health Care (S&P 500),2025-02-27,0.0653904958248874,0.07,0.2360289095025686,0.0653904958248874,0.0394038829615936,1.4916326260463546,1.0816907123934,0.2421539402614855,0.6182741116751269,-0.0541450839322219,-56.48,-25.4,-27.63,32.27,10.23,UNDERVALUED
CRL,Health Care (S&P 500),2025-02-27,0.0385680799585519,0.0779283068653534,1.2129342467988404,0.0385680799585519,0.0441183663487708,0.871862783601716,0.7241330892243636,0.2436491722765896,0.1520172910662824,-0.329561563018499,-23.0,-18.9,-34.82,36.46,76.76,UNDERVALUED
CVX,Energy (S&P 500),2025-02-27,-0.164621134665722,0.07,0.3420827518321456,-0.164621134665722,0.1225811863280466,1.4248933363769958,1.5427209764010577,0.302964150053897,0.9652777777777778,-0.0464206005198594,31.23,8.9,7.42,19.22,39.72,UNDERVALUED
CHTR,Communication Services (S&P 500),2025-02-27,0.0108289215504795,0.07,0.73723995046734,0.0108289215504794,0.1664106806035299,2.9147044652785774,1.69297303693696,0.739292790426798,0.8053892215568862,-1.8697684662415044,1.5,-0.48,23.81,36.76,-58.85,OVERVALUED
CHD,Consumer Staples (S&P 500),2025-02-27,0.0915804747377035,0.07,-0.07601462835775,0.0915804747377037,0.0310529898185841,1.347691595521494,0.9692640649909052,0.2567215551796921,0.4422507403751234,-0.0790237220982434,-21.57,8.71,10.69,17.46,-9.21,OVERVALUED
CTAS,Industrials (S&P 500),2025-02-27,0.0885737818220961,0.0722426501033507,0.6904869496253031,0.0885737818220963,0.023382644985865,0.9929878611833156,0.7719083844353549,0.2172659721398206,0.1619217081850534,-0.0286346285160969,49.38,2.11,30.5,22.53,1.47,FAIRLY VALUED
CI,Health Care (S&P 500),2025-02-27,0.0821574126213322,0.07,0.0452792182833492,0.0821574126213321,0.0678274280586758,2.615304636980958,1.8674986967513347,0.4968815606109346,0.9766734279918864,-0.2691747512126098,26.56,-13.71,-9.64,25.29,-6.5,OVERVALUED
CSCO,Information Technology (S&P 500),2025-02-27,0.0215495262811049,0.07,0.697337575028242,-0.0560545984069616,0.0826585896571408,2.491001536865494,1.81918541448687,0.3916657383942117,0.9937238493723848,-0.0948652238253125,62.49,27.66,36.25,18.35,77.53,UNDERVALUED
CLX,Consumer Staples (S&P 500),2025-02-27,-0.0400595479767221,0.07,-0.0264586798512742,-0.0400595479767221,0.0117686745467972,0.0923620385247609,0.0331664303770672,0.0364232812782568,0.0,-0.1502251878860202,-20.37,0.18,4.97,21.3,-26.75,OVERVALUED
CME,Financials (S&P 500),2025-02-27,0.1114675060764234,0.07,-0.1321084259292176,0.1114675060764234,0.0386257546169069,1.882231230861905,1.411411555053106,0.3594482080423346,0.8779761904761905,-0.0059993040843342,38.2,21.77,19.16,16.28,13.71,UNDERVALUED
KO,Consumer Staples (S&P 500),2025-02-27,0.063947539763743,0.07,-0.0286433033085047,0.0639475397637429,0.0378733339029606,1.415993528136304,1.0264659135442402,0.2667980745113938,0.5179282868525896,-0.111733057570414,3.74,0.56,21.04,14.5,33.22,UNDERVALUED
CTSH,Information Technology (S&P 500),2025-02-27,-0.0038604076590488,0.073562467082819,0.731707393751222,-0.0038604076590487,0.0524383898525837,1.3061254973353056,1.065957086256785,0.2149698778040156,0.5850340136054422,0.0321929646678683,57.5,9.67,7.79,20.44,-25.22,OVERVALUED
CL,Consumer Staples (S&P 500),2025-02-27,0.0829298157733622,0.07,-0.0334806188219177,0.0829298157733622,0.0429841235042771,1.7714778161902205,1.28115308128616,0.3432585862235501,0.7703398558187435,-0.1133326687534494,-7.53,-13.93,6.66,16.86,3.12,FAIRLY VALUED
CMCSA,Communication Services (S&P 500),2025-02-27,0.001194133100546,0.07,0.480895635833723,0.001194133100546,0.1817432109934406,4.335464733229206,3.025794089720776,0.7552572095314731,1.0,-0.7352059923805295,-1.0,-10.65,-13.61,25.7,-14.96,OVERVALUED
FIX,Industrials (S&P 500),2025-02-27,0.2575609294255288,0.1447336181054165,2.3417626949593395,0.2575609294255288,0.0188023829847286,0.5687524696582499,0.570313516270432,0.1809787223477801,0.017,-0.0040766846454375,87.22,6.37,22.91,52.79,371.43,UNDERVALUED
ED,Utilities (S&P 500),2025-02-27,-0.0642629227823867,0.07,-0.1656920995025104,-0.0642629227823867,0.0842570533095691,1.001083927190564,0.5849142096434097,0.277659541462215,0.0792864222001982,-0.7250978003344076,-9.69,2.1,19.02,17.3,13.88,UNDERVALUED
COP,Energy (S&P 500),2025-02-27,-0.2847733584732591,0.07,0.2538761839260986,-0.2847733584732591,0.1121206324428696,0.4363152329899565,1.1996611837420987,0.2402020223508636,0.7711442786069652,-0.1216292327340412,27.33,-12.08,-10.23,23.0,45.31,UNDERVALUED
STZ,Consumer Staples (S&P 500),2025-02-27,0.0538687768444661,0.07,0.3899533245553481,0.053868776844466,0.0428825083936174,1.19728806554207,0.7865042475567677,0.2576794320580151,0.2217860647693817,-0.4075124692017109,-67.62,-27.07,-28.59,27.14,-19.4,OVERVALUED
CEG,Utilities (S&P 500),2025-02-27,0.019558101472995,0.1097790570977126,1.7179227402313249,0.019558101472995,0.0152679732653461,0.0941356920243103,0.101818422999815,0.0509765361730294,0.0,-0.1134619344288719,-13.78,27.53,61.45,63.53,10.38,UNDERVALUED
CPAY,Financials (S&P 500),2025-02-27,0.096462665980767,0.07,0.8016611918734109,0.096462665980767,0.038046272814743,1.6753627340060773,1.195990398601648,0.3724801906999575,0.6692759295499021,-0.2040402524522641,41.74,20.06,30.85,24.54,13.04,UNDERVALUED
COST,Consumer Staples (S&P 500),2025-02-27,0.0588510388760046,0.0752526127341121,0.753172790199665,0.0502001733459903,0.0136156308464061,0.455712163464697,0.3804446892621845,0.0911954364198099,0.0,0.0038693516805269,69.27,12.69,37.95,19.8,-7.85,OVERVALUED
CTVA,Materials (S&P 500),2025-02-27,-0.0131194500143225,0.07,0.5862587673109663,-0.0131194500143225,0.0293395946208215,0.7844773572610412,0.5856954801044071,0.1177005605555097,0.0,0.0035707901354032,13.89,13.71,15.27,23.43,28.37,UNDERVALUED
CSX,Industrials (S&P 500),2025-02-27,-0.0131959873426243,0.07,0.6361961004812516,-0.0131959873426243,0.0778570456658563,1.6266789937229218,1.1451177224349074,0.2885264516807714,0.6642561983471075,-0.2882223116834513,3.33,-4.02,-14.52,22.3,62.81,UNDERVALUED
CRH,Materials (S&P 500),2025-02-27,0.068025547779849,0.0869832473095773,1.2615321053111603,0.068025547779849,0.0465633290184426,1.0978008334020333,1.0795450264438005,0.3185437089240914,0.5409064155385521,-0.0969261815015394,108.7,15.59,31.6,27.61,-6.53,OVERVALUED
CMI,Industrials (S&P 500),2025-02-27,0.2134002992092327,0.0728680326456081,0.8296589352955454,0.2134002992092327,0.0322635772715841,2.188033584865741,1.6831401690556795,0.5946046907535828,0.8979033728350045,-0.099512152715206,84.14,20.02,38.56,24.93,66.46,UNDERVALUED
DHR,Health Care (S&P 500),2025-02-27,-0.1033292046691438,0.07,0.5859382180717009,-0.1033292046691438,0.0383683843026341,0.5496278214008472,0.4318619580470723,0.1076880253049801,0.0,-0.090857161324341,20.4,-23.31,-18.94,23.83,6.06,UNDERVALUED
CVS,Health Care (S&P 500),2025-02-27,0.1094964756083567,0.07,0.4103640869638303,0.1094964756083568,0.2441103279743228,10.919671116891996,7.931558887729295,2.2518239991881863,1.0,-0.903248773693895,-37.69,14.91,-11.61,40.5,53.04,UNDERVALUED
DVA,Health Care (S&P 500),2025-02-27,0.045672510016026,0.07,0.3939157289816901,0.0456725100160259,0.112536845636623,3.2208123561062894,2.1894393443252564,0.6611547322214746,0.971830985915493,-0.8237171850081162,14.87,-5.24,15.0,30.46,19.42,UNDERVALUED
DRI,Consumer Discretionary (S&P 500),2025-02-27,0.0860237609412841,0.07,0.5612631182823489,0.0860237609412841,0.062519752398262,2.658629559752092,1.9144747416262653,0.563442078651006,0.9692765113974232,-0.2363447182751827,13.46,26.43,19.06,28.18,17.0,UNDERVALUED
DE,Industrials (S&P 500),2025-02-27,-0.0074769599137836,0.07,0.6064076445664044,-0.16149913690081,0.0318212035393881,0.358626531165181,0.1573554784219557,0.1218238408899962,0.0,-0.4537843332026155,14.79,28.75,35.25,24.73,31.71,UNDERVALUED
DAL,Industrials (S&P 500),2025-02-27,0.1476019137242497,0.07,1.0410584687095856,0.1476019137242497,0.1201818649923834,7.455675842548058,5.516306263899731,2.1329831144041536,1.0,-0.6494577893548006,-24.85,47.2,43.87,33.25,38.04,UNDERVALUED
DECK,Consumer Discretionary (S&P 500),2025-02-27,0.1820857246988518,0.1098595228649569,1.53423454026535,0.1820857246988519,0.0195591935887457,0.7028201441034275,0.766150548614315,0.2881580821634431,0.1773869346733668,0.0580813307873795,24.88,-12.79,-4.64,42.72,-35.84,OVERVALUED
DELL,Information Technology (S&P 500),2025-02-27,-0.1356389478108718,0.113400473155996,2.163003004993473,-0.1356389478108718,0.1115870458708455,0.3991936420656856,0.5834955295091853,0.1837796300271744,0.0346038114343029,-0.2503011729810946,66.12,-2.87,19.54,61.11,312.65,UNDERVALUED
DVN,Energy (S&P 500),2025-02-27,-0.2040273358025979,0.07,0.517227694706081,-0.2040273358025979,0.1461129365975403,0.7365111306237533,1.2907809165041562,0.2844148087031936,0.8297244094488189,-0.2543420982541917,-6.43,-18.22,-16.2,27.54,42.98,UNDERVALUED
FANG,Energy (S&P 500),2025-02-27,-0.1282667781726949,0.07,0.511534510116687,-0.1282667781726949,0.0545645179542165,0.4807539260121717,0.4291447210370669,0.1312956555665136,0.0,-0.2339215533178316,39.49,-19.69,-8.67,27.13,41.86,UNDERVALUED
DG,Consumer Staples (S&P 500),2025-02-27,0.0223741330494444,0.07,0.1484881940726467,0.0223741330494445,0.0969560225205065,1.9322874400436023,1.144607940070894,0.4551713696392147,0.6121635094715853,-1.1148737304430107,-36.95,-39.99,-47.53,44.31,68.23,UNDERVALUED
DLTR,Consumer Staples (S&P 500),2025-02-27,0.088868701943354,0.07,0.4071680685252832,0.0888687019433539,0.0947199509886816,3.724013933112125,2.6447391787770638,0.7373138020802091,0.99796126401631,-0.4355262787850051,-39.29,-23.31,-50.87,42.13,75.57,UNDERVALUED
DOW,Materials (S&P 500),2025-02-27,-0.2158096376225792,0.07,0.547881811539386,-0.2158096376225791,0.1406929940742602,0.7241834346739314,1.2689757194746285,0.3326458378699978,0.7625122669283612,-0.5478635560119898,115.11,-26.43,-27.94,21.81,-5.95,OVERVALUED
DPZ,Consumer Discretionary (S&P 500),2025-02-27,-0.0127392521926721,0.07,0.7447065114126319,-0.0127392521926721,0.0395320637507043,0.706539995251241,0.4490636558054821,0.1528201864090828,0.0,-0.3125678225858215,16.55,16.07,9.5,28.99,-28.77,OVERVALUED
DOV,Industrials (S&P 500),2025-02-27,-0.0203588038715102,0.0756864153960907,0.8852869740454938,-0.0203588038715102,0.025284250961274,0.4062529446562195,0.3224013077370771,0.0978868441922158,0.0,-0.1212341870616352,44.56,8.26,21.11,20.65,3.35,FAIRLY VALUED
EBAY,Consumer Discretionary (S&P 500),2025-02-27,0.0323634507401735,0.07,0.5494156537434202,0.0323634507401735,0.04476157804586,1.2836395630537547,0.9136573417298772,0.2299901627669379,0.3600802407221665,-0.1943148687343074,31.62,7.87,45.78,27.61,68.34,UNDERVALUED
ECL,Materials (S&P 500),2025-02-27,0.0798150523689367,0.07,0.5719617154863321,0.0798150523689367,0.0199752766745635,0.7571792299611274,0.5433666257091602,0.1556198807498877,0.0019743336623889,-0.1040698498737439,39.61,7.98,21.48,17.93,7.01,UNDERVALUED
ETN,Industrials (S&P 500),2025-02-27,0.1177717810331533,0.1103011820448555,1.7041546037376727,0.1177717810331534,0.0178018364683395,0.3048751279963426,0.3295391961773934,0.1276859414365082,0.0005065856129685,-0.0820232676991298,47.44,-1.63,3.67,32.47,46.07,UNDERVALUED
EW,Health Care (S&P 500),2025-02-27,0.1223118279569892,0.0763262017797324,0.771213776904505,0.1223118279569892,0.0075934896991238,0.3476880437805886,0.3007511941280357,0.0887418613446388,0.0,0.0104197391253979,2.55,2.54,-17.47,40.81,25.81,UNDERVALUED
EOG,Energy (S&P 500),2025-02-27,-0.2139563271395632,0.07,0.2992391220912025,-0.2139563271395632,0.0727959101914337,0.4771752489200265,0.7829947611252942,0.1388872646122679,0.0468431771894093,0.0160152985951576,9.98,3.05,17.88,21.89,22.68,UNDERVALUED
EFX,Industrials (S&P 500),2025-02-27,0.0279176916168832,0.0753380191002345,0.9352248376729244,0.0279176916168833,0.0254990672402451,0.5217172481979483,0.4105839342056239,0.1294578532779962,0.0,-0.185960604999892,30.14,-19.64,-9.03,29.25,-19.7,OVERVALUED
EQIX,Real Estate (S&P 500),2025-02-27,0.127357841112488,0.07,0.7578588039640244,0.1273578411124879,0.0185698200842239,0.7936478564094369,0.5427505869856103,0.201067342552291,0.0259481037924151,-0.1844777413764078,12.45,12.41,6.43,24.81,22.86,UNDERVALUED
EQR,Real Estate (S&P 500),2025-02-27,0.0507403534685102,0.07,0.4508472053302334,0.0507403534685103,0.0777202223539641,2.5476977784111297,1.8442011887841785,0.4452813642158096,0.9772502472799208,-0.291858698497815,22.18,2.17,28.78,19.37,-7.9,OVERVALUED
ESS,Real Estate (S&P 500),2025-02-27,0.0389472583634447,0.07,0.5748473835969903,0.0389472583634446,0.0330235098346042,0.8200775711719244,0.520012027780149,0.178499395683174,0.0,-0.3188415879427162,35.86,4.59,38.39,20.84,0.18,FAIRLY VALUED
EXE,Energy (S&P 500),2025-02-27,-0.3205453115441754,0.072281786991432,0.7707595182303664,-0.3205453115441755,0.097850678618392,0.2846032472857082,1.056225715135705,0.2061766828609097,0.5981900452488688,-0.0848064178307359,8.24,34.76,22.8,23.51,3.16,FAIRLY VALUED
XOM,Energy (S&P 500),2025-02-27,-0.1604765786668338,0.07,0.1887627943402435,-0.1604765786668338,0.089146280082626,0.9365400312634218,1.0443950733154217,0.2004590765482273,0.553877139979859,-0.0240437379952948,44.09,-4.79,9.46,19.34,58.1,UNDERVALUED
EXPE,Consumer Discretionary (S&P 500),2025-02-27,0.1004542727350648,0.0723259484197007,0.92257308743266,0.1004542727350647,0.0526839857793408,2.3803226770317063,1.8508135814842288,0.5252208847522282,0.9765421372719374,-0.0893887446429009,37.16,37.46,42.07,37.15,69.56,UNDERVALUED
FDS,Financials (S&P 500),2025-02-27,0.0930625836384497,0.07,0.5465546835365678,0.0563642047884736,0.0481007269048857,2.2584643405303124,1.6914422868898384,0.4795599915180917,0.9459193706981318,-0.0681858844634445,-18.87,10.96,-0.56,20.88,-32.57,OVERVALUED
EXPD,Industrials (S&P 500),2025-02-27,-0.455219068466086,0.07,0.4046170764603538,-0.455219068466086,0.0878342044351667,0.1777390914555446,0.9930099129048344,0.1743100902863547,0.486734693877551,0.0595201568664913,109.51,-3.71,-0.22,18.92,62.02,UNDERVALUED
EXR,Real Estate (S&P 500),2025-02-27,0.3305705836802362,0.07,0.5552556608489163,0.3305705836802362,0.0503714067417681,6.162524022806579,3.3090659444533244,1.0166719544996812,0.9949238578680204,-0.3681410734593043,35.69,-12.24,13.98,25.02,2.69,FAIRLY VALUED
FAST,Industrials (S&P 500),2025-02-27,0.052445348537375,0.0723394753265298,0.6796535324778663,0.052445348537375,0.0274552137897452,0.9473466058557946,0.7410214551763309,0.173762138351921,0.0761821366024518,-0.0076398545228274,56.4,10.67,3.58,22.28,41.14,UNDERVALUED
FICO,Information Technology (S&P 500),2025-02-27,0.1167143995964707,0.0886108347692918,1.0881769062750108,0.1347613601602054,0.0123707220975321,0.347746210850938,0.3489915874114873,0.1243474682289388,0.0,-0.0464479810539154,117.01,7.07,43.9,31.17,-37.38,OVERVALUED
FDX,Industrials (S&P 500),2025-02-27,-0.0273085242083078,0.07,0.540000278244323,-0.0273085242083079,0.0760572729058659,1.1712230915495727,0.716079297274513,0.2774857979190935,0.1703011422637591,-0.6327938493204294,4.26,-11.46,9.3,31.41,61.46,UNDERVALUED
FIS,Financials (S&P 500),2025-02-27,0.0114197530864197,0.07,0.4504316703590219,0.0114197530864197,0.0792360873971944,1.8966225269856265,1.2715338625857626,0.3551587091884872,0.7442326980942828,-0.4884327817343716,0.74,-14.33,5.31,22.73,-38.86,OVERVALUED
F,Consumer Discretionary (S&P 500),2025-02-27,0.1147307616872395,0.07,1.0200603160713255,0.1147307616872394,0.1367279422719872,3.1072295298581527,1.3655804918802343,1.29404260707053,0.5889447236180905,-3.6803290455251783,-51.51,-12.71,-16.71,35.68,62.06,UNDERVALUED
FE,Utilities (S&P 500),2025-02-27,0.0329882013002649,0.07,0.0916630415777242,0.0329882013002648,0.0680131433728646,1.0895072159755432,0.4954299014725364,0.3528251044449146,0.0855130784708249,-1.188447193968119,7.49,-8.86,9.01,18.41,29.99,UNDERVALUED
FISV,Financials (S&P 500),2025-02-27,0.0764503580086823,0.07,0.6309478120900335,0.0764503580086824,0.0274047632296826,0.9737816505343608,0.685857839138538,0.1942325043448432,0.0574257425742574,-0.1601645599690777,47.69,36.09,53.72,19.54,-77.81,OVERVALUED
FTNT,Information Technology (S&P 500),2025-02-27,0.200887399827953,0.0743057824439431,0.7221982702975933,0.2008873998279531,0.012944778175112,0.9183905594854636,0.7747024221981293,0.2914456618490758,0.2043189368770764,0.0049769626990416,57.28,40.96,53.1,37.91,40.81,UNDERVALUED
FLEX,Information Technology (S&P 500),2025-02-27,-0.0732229317240895,0.1018728550411444,1.6057095179349783,-0.0732229317240895,0.0945229255683101,0.7990921716181628,0.8389074137012863,0.2400887555878237,0.2119035402770651,-0.0828028937085318,110.22,17.29,35.94,38.79,191.93,UNDERVALUED
FOXA,Communication Services (S&P 500),2025-02-27,-0.0625628646147656,0.07,0.3001257540743821,-0.0625628646147656,0.031275208985829,0.4969935985134655,0.3425216310120563,0.1028701879350806,0.0,-0.1494181974119856,23.59,38.36,93.77,19.98,22.21,UNDERVALUED
FOX,Communication Services (S&P 500),2025-02-27,-0.0625628646147656,0.07,0.2960141056960791,-0.0625628646147656,0.03339200110817,0.5306314915380624,0.3632899900824787,0.1075891287716814,0.0,-0.1595312317760213,23.24,39.8,98.47,19.31,16.06,UNDERVALUED
BEN,Financials (S&P 500),2025-02-27,0.0121731967686702,0.07,0.7922817876832314,0.0800825540805666,0.0863433861581647,1.7016601308684849,1.041787305233102,0.3851722775315175,0.537525354969574,-0.9070977142399782,91.47,0.58,-22.54,30.52,85.92,UNDERVALUED
FCX,Materials (S&P 500),2025-02-27,0.0032923617208078,0.0850699998963862,1.166611374340507,0.0032923617208077,0.0567210859965459,1.0019135453734838,0.9526773445610444,0.2512436700482748,0.3927696078431372,-0.0966488870854547,14.74,-16.7,-0.68,34.99,93.87,UNDERVALUED
GEN,Information Technology (S&P 500),2025-02-27,0.1456135061802834,0.07,0.7207391786817037,0.1456135061802833,0.053106012615565,3.0664363037891995,2.1651354034049186,0.8754824558025935,0.94311377245509,-0.4725641089582559,33.52,4.43,29.75,27.41,6.24,UNDERVALUED
GE,Industrials (S&P 500),2025-02-27,0.2130821236144,0.0942368525887063,1.2582709752716088,0.2130821236143999,0.0406721698753275,2.087563592247275,2.2455133625246195,0.9923823083613538,0.9450726978998384,-0.0244745757127466,1.7,18.17,64.98,31.69,72.54,UNDERVALUED
GNRC,Industrials (S&P 500),2025-02-27,-0.1187516389224614,0.0792745130794216,1.028345361922245,-0.1187516389224614,0.0394745060643515,0.2867134173897058,0.3046509420355625,0.1066259626604386,0.0,-0.1870548651813507,73.95,-12.7,22.35,34.39,51.75,UNDERVALUED
GEHC,Health Care (S&P 500),2025-02-27,0.0660269341911563,0.0713362100024199,0.9001858377422021,0.0660269341911564,0.0634802718519647,2.24824926694825,1.6697422609674,0.419231317265192,0.950925925925926,-0.1815446617549228,28.23,5.99,-3.23,27.03,-16.92,OVERVALUED
GD,Industrials (S&P 500),2025-02-27,0.0727028192960641,0.07,0.4732063580981008,0.0727028192960641,0.0260633948082414,0.9441753394108884,0.662882706609575,0.1887052560435309,0.0445986124876114,-0.137002472331643,3.4,-12.41,-6.21,18.48,57.81,UNDERVALUED
GIS,Consumer Staples (S&P 500),2025-02-27,-0.0117944481492171,0.07,-0.2247882706118766,-0.0117944481492171,0.0891389130685885,1.794787147368048,1.251352873469053,0.3359840641882013,0.7559523809523809,-0.4177596924914343,-19.11,-14.0,-3.13,19.66,-28.27,OVERVALUED
GPC,Consumer Discretionary (S&P 500),2025-02-27,0.0450144014929778,0.07,0.5007465167175655,0.0450144014929779,0.0389775752547513,1.1622986055417313,0.8079177824945765,0.2210790486818366,0.2,-0.2326991168890343,-27.35,-12.7,-16.13,31.98,14.08,UNDERVALUED
GILD,Health Care (S&P 500),2025-02-27,-0.0060481653898317,0.07,0.1606087214205594,-0.0060481653898317,0.0334380013190016,0.7544761466439736,0.5190548973131869,0.1357561714388057,0.0,-0.1409532006335521,15.37,48.03,59.64,23.59,33.28,UNDERVALUED
GDDY,Information Technology (S&P 500),2025-02-27,0.0397917532324689,0.0792512208149225,0.9544679886750692,0.0397917532324689,0.0496633512637625,1.1744857462824825,1.0435033971262797,0.2729813166119912,0.538249483115093,-0.1399132279579339,78.01,6.2,54.31,27.81,-43.87,OVERVALUED
HAL,Energy (S&P 500),2025-02-27,0.134059220574469,0.07,0.714784120556388,0.1340592205744691,0.10666290019613,6.336828074715436,4.591268487321956,1.5190370156186614,1.0,-0.2930893227808571,-45.49,-16.54,-23.76,28.24,42.09,UNDERVALUED
HCA,Health Care (S&P 500),2025-02-27,0.0786113924260787,0.07,0.3523189913832347,0.0786113924260787,0.0881049633996244,3.2885086685699285,2.319783393301225,0.6906291657851404,0.993006993006993,-0.4854996541296068,25.76,-17.43,3.01,26.44,27.98,UNDERVALUED
HD,Consumer Discretionary (S&P 500),2025-02-27,-0.0300756656480498,0.07,0.7069900312516788,-0.0300756656480499,0.0487507201846765,1.007918902598003,0.7181220892928885,0.1613387795059315,0.0274111675126903,-0.1301806958148902,30.29,5.77,6.46,21.05,-10.91,OVERVALUED
HSY,Consumer Staples (S&P 500),2025-02-27,0.0715689565914927,0.07,-0.0351014213409224,0.0715689565914926,0.0361268650443096,1.388273045109009,1.0006601793185277,0.2739083846908988,0.4853683148335015,-0.1403775141690826,-28.48,-8.32,-5.09,25.77,14.38,UNDERVALUED
HSIC,Health Care (S&P 500),2025-02-27,-0.0243536016446588,0.07,0.466240791600475,-0.0243536016446588,0.0389210436594217,0.7029452756510443,0.4548153721637887,0.1421778397638258,0.0,-0.2757111609075305,17.73,-0.06,-7.36,26.55,22.66,UNDERVALUED
HLT,Consumer Discretionary (S&P 500),2025-02-27,0.1666476689843838,0.0745789917960194,0.8637848701387187,0.1666476689843839,0.0310915754683345,1.6863191609356714,1.3739306412406718,0.5284427606366018,0.7375713121434393,-0.142280055057188,78.8,18.81,27.6,19.41,27.55,UNDERVALUED
HON,Industrials (S&P 500),2025-02-27,-0.0692776180003383,0.07,0.5521427717783972,-0.0692776180003383,0.0813199692207565,1.173978052514611,0.8693363875678823,0.2361252910802571,0.2847424684159378,-0.2061413925141899,4.64,3.5,9.4,19.07,7.76,UNDERVALUED
HRL,Consumer Staples (S&P 500),2025-02-27,-0.021829785027579,0.07,0.044255800935693,-0.0156245122836397,0.0680352582334583,1.5869064472669752,1.1546248306051003,0.255299586905975,0.7089249492900609,-0.1458667907453596,-16.95,-10.22,-4.78,26.73,-8.97,OVERVALUED
HST,Real Estate (S&P 500),2025-02-27,0.0823313633584674,0.07,0.9506582440324128,0.0823313633584675,0.0865648310216251,3.326092444706808,2.3728234110575124,0.6430310518020736,0.9961612284069098,-0.358297402544425,-9.06,-4.88,-16.92,22.71,60.44,UNDERVALUED
HPQ,Information Technology (S&P 500),2025-02-27,-0.0773087816575391,0.0704879969341391,0.8582810520481099,-0.0029599017089243,0.1465483933598498,2.296031053142525,1.7237530215306471,0.4204434716015994,0.9708249496981892,-0.2645334269554886,12.53,-5.38,18.79,32.15,-4.45,FAIRLY VALUED
HII,Industrials (S&P 500),2025-02-27,0.0728737354814537,0.07,0.6413343678214859,0.0728737354814537,0.1016143337576169,3.884215649872562,2.7748069967372486,0.7203586324705366,0.998995983935743,-0.3349335595066828,-29.1,-36.34,-38.79,41.18,78.31,UNDERVALUED
HUBB,Industrials (S&P 500),2025-02-27,0.0858950261727198,0.1008448023281045,1.520279366246971,0.0858950261727197,0.0447854272296598,0.898699330529676,0.9540458342261005,0.330001040009738,0.3604710701484895,-0.10035743098598,20.36,-4.25,1.74,31.13,29.64,UNDERVALUED
IBM,Information Technology (S&P 500),2025-02-27,0.0219725755823558,0.07,0.7208380709040588,0.0219725755823558,0.0355722694590985,0.8885541954216893,0.6023836641884558,0.1680034370138717,0.005,-0.2103184515705038,-34.35,29.28,41.58,24.84,-4.04,FAIRLY VALUED
HWM,Industrials (S&P 500),2025-02-27,0.1725233974924951,0.1017338243871934,1.4160786927772382,0.1725233974924951,0.0204452383169164,0.6078453983796898,0.6687481021117953,0.285935850754491,0.1152073732718894,-0.0591672943759592,121.7,37.82,102.85,35.29,105.79,UNDERVALUED
IEX,Industrials (S&P 500),2025-02-27,0.0289135422232,0.0739049601888014,0.8009581173690634,0.0289135422231999,0.0364562227988124,0.9954511602315046,0.7981155435057575,0.1789265203878001,0.1457286432160804,-0.0566915279721478,-16.57,-4.22,-16.85,23.06,23.37,UNDERVALUED
ITW,Industrials (S&P 500),2025-02-27,0.0109841827768013,0.07,0.5220141651357689,0.0109841827768014,0.0432667455189874,1.1482282048258052,0.8367947103745648,0.1869911465169751,0.2142131979695431,-0.0969823029872002,18.15,5.99,2.17,15.84,12.36,UNDERVALUED
IDXX,Health Care (S&P 500),2025-02-27,0.0871995091651411,0.0821101914282596,0.918874149374494,0.0871995091651412,0.0044202891186327,0.128758968342472,0.1180408694532881,0.0378055113248195,0.0,-0.0167511647345794,-12.05,-8.61,-23.31,28.09,23.77,UNDERVALUED
INCY,Health Care (S&P 500),2025-02-27,0.0886734509012014,0.07,0.4664872136173344,0.0886734509012014,0.0089394554036689,0.5856481677342688,0.478678386450619,0.0694149597118835,0.0,0.1934459588780793,-42.37,11.5,19.97,31.06,73.85,UNDERVALUED
ICE,Financials (S&P 500),2025-02-27,0.0277085927770859,0.07,0.4490708689462928,0.0277085927770859,0.1094551050752128,3.3427915214330226,2.4005844234314684,0.5271667809533551,1.0,-0.2290009452209295,13.01,6.98,24.76,16.4,-5.45,OVERVALUED
IR,Industrials (S&P 500),2025-02-27,0.1622297719858696,0.0928135896580785,1.227094994951576,0.1622297719858695,0.0288570852009816,0.9528771369870748,1.0090634824908575,0.3573776991612027,0.4330966684871655,-0.0349619684783221,13.12,-8.3,-7.99,27.18,-4.36,FAIRLY VALUED
IBKR,Financials (S&P 500),2025-02-27,0.8575858778625953,0.1818808987726424,1.0274677159451997,0.8575858778625954,0.1237348836886482,22.34597403111268,2.9291615391777275,0.4142843150343504,0.999,0.1727685834469028,115.99,60.61,91.2,30.75,77.91,UNDERVALUED
INTU,Information Technology (S&P 500),2025-02-27,0.1312222065773725,0.089462552433922,1.106594021130895,0.1334214922048997,0.0158919865582691,0.5174893326668027,0.5232404491813055,0.1805906887779368,0.0180893159977388,-0.0178306181858102,-3.36,-3.81,-9.75,30.79,-38.86,OVERVALUED
IQV,Health Care (S&P 500),2025-02-27,0.0398334489937544,0.0708909690353436,0.9617429254129408,0.0398334489937543,0.0519222917085578,1.37657969032472,0.9451139718088156,0.2852081851053254,0.4260869565217391,-0.369869792243665,-20.95,-24.98,-25.05,27.07,37.29,UNDERVALUED
JNJ,Health Care (S&P 500),2025-02-27,0.0646205775721964,0.07,-0.1341033530754064,0.0646205775721965,0.0239576178646235,0.9508921864348874,0.6936137981191066,0.1671691973885143,0.0346274921301154,-0.0196020671461665,-0.02,2.1,4.97,16.51,68.81,UNDERVALUED
JKHY,Financials (S&P 500),2025-02-27,0.067865745878362,0.07,0.2334787058790379,0.066343007803814,0.0205189023130269,0.8199303692205487,0.5979907156417378,0.1423234186630761,0.0019342359767891,-0.0091136113279579,-4.18,0.91,-0.64,17.02,-1.86,FAIRLY VALUED
J,Industrials (S&P 500),2025-02-27,0.0842489705340359,0.07,0.7038236453301301,0.0598558529667085,0.0702917968045886,2.999699772284372,2.216734745288464,0.6029829310404398,0.9939148073022313,-0.1045893697108469,-22.0,1.45,3.73,20.43,19.61,UNDERVALUED
JCI,Industrials (S&P 500),2025-02-27,0.0545981023748274,0.0876259505429991,1.227149763616347,0.0278088755541623,0.0491018398779219,0.9867982599407518,0.9720445413494988,0.2963855823201636,0.4089861751152073,-0.1613650665437545,20.44,19.04,44.75,26.82,72.31,UNDERVALUED
JBL,Information Technology (S&P 500),2025-02-27,-0.0711589566924809,0.0939910640893984,1.3757982747314883,-0.1676848596622673,0.0565679142327562,0.4972059502714824,0.5086140702849788,0.1432493433191437,0.0021299254526091,-0.0603593408196152,26.55,43.39,8.28,38.22,105.87,UNDERVALUED
KDP,Consumer Staples (S&P 500),2025-02-27,0.0538521732944441,0.07,0.040626223438224,0.053852173294444,0.085305187080408,2.8378466675619043,2.0229319796993943,0.5161852495194039,0.9860696517412936,-0.3264280581659001,-21.93,-6.34,17.02,18.23,-1.29,FAIRLY VALUED
KEYS,Information Technology (S&P 500),2025-02-27,-0.0415456785287764,0.1008964747676321,1.4207624678463702,-0.0887628111273792,0.0229753753158399,0.2602979250670328,0.2705822188697178,0.0701599600237372,0.0,-0.0085700109727303,48.98,2.67,3.57,31.82,100.06,UNDERVALUED
KMB,Consumer Staples (S&P 500),2025-02-27,-0.1501363073110284,0.07,-0.0079672043029987,-0.1501363073110285,0.0248772616779874,0.1267156444877321,0.1382094510112066,0.0559208702070282,0.0,-0.1587584382488903,36.03,-0.64,19.91,17.87,-17.18,OVERVALUED
LHX,Industrials (S&P 500),2025-02-27,0.1381432422928143,0.07,0.1881155887680948,0.1381432422928144,0.0706765972899185,3.5829793112809707,2.589050374975847,0.8198424268274733,0.995995995995996,-0.3317504975333526,2.5,-10.07,-1.25,20.02,35.53,UNDERVALUED
KHC,Consumer Staples (S&P 500),2025-02-27,0.005852369265622,0.07,0.1028650259857032,0.005852369265622,0.0670151978890326,1.4143731533677029,0.9121804211047256,0.2977036319901737,0.403883495145631,-0.54758170652773,-24.51,-12.16,-10.27,20.39,-8.47,OVERVALUED
KR,Consumer Staples (S&P 500),2025-02-27,0.0120128424773031,0.07,0.1940147778660117,0.012012842477303,0.0289188847418511,0.4679576966730511,0.2449774732878188,0.1311328263345536,0.0,-0.3896261163650185,26.77,22.52,35.06,22.86,-9.01,OVERVALUED
KLAC,Information Technology (S&P 500),2025-02-27,-0.0651491379238068,0.1367654167970698,2.267147175507696,-0.0651491379238068,0.0257225202171612,0.1062215142110097,0.1118440845961296,0.0291252452293208,0.0,-0.0520402211199456,64.28,-13.55,4.11,43.08,168.49,UNDERVALUED
LVS,Consumer Discretionary (S&P 500),2025-02-27,1.5236009732360096,0.07,0.715816909412604,1.5236009732360096,0.1013580894493111,2444.651265698194,11.518685467688398,2.6652588863936635,1.0,-0.2799707232508927,-90.27,10.59,-16.49,31.98,8.6,UNDERVALUED
LH,Health Care (S&P 500),2025-02-27,0.0250929289693946,0.07,0.4254298947631258,0.0250929289693945,0.0697543074026011,1.9829314249863588,1.3864953792937735,0.3388943656045396,0.8585558852621167,-0.2641036923370256,76.08,8.61,16.34,21.33,36.13,UNDERVALUED
LRCX,Information Technology (S&P 500),2025-02-27,-0.1447702145151084,0.1381964079048674,2.262850644814701,-0.1447702145151084,0.0451637745269516,0.1906128529545477,0.2483861376400963,0.03697240222208,0.0,0.008801893783442,34.67,-6.59,-17.33,44.38,312.2,UNDERVALUED
LLY,Health Care (S&P 500),2025-02-27,0.195596571997169,0.0743033114709827,0.7471158901973765,0.195596571997169,0.0083965053999438,0.6239793750205701,0.5243250824534439,0.2197652348737507,0.0365556458164094,-0.0278152137584967,71.88,-4.85,19.09,30.83,38.93,UNDERVALUED
LMT,Industrials (S&P 500),2025-02-27,0.0240512851600387,0.07,-0.0740457422310243,0.0240512851600387,0.0820717672633564,2.447949806060827,1.7801686240115002,0.3867065518887704,0.9781529294935452,-0.1557115923926796,-21.78,-19.39,6.44,20.08,33.34,UNDERVALUED
LIN,Materials (S&P 500),2025-02-27,-0.015285936938017,0.07,0.4662638644753968,-0.015285936938017,0.0274175515808306,0.6247241101474001,0.4408011657001258,0.1027431887604381,0.0,-0.0718965872633171,12.6,-1.97,4.74,14.59,6.66,UNDERVALUED
LYV,Communication Services (S&P 500),2025-02-27,0.3623866047480604,0.0768966082998489,1.036660525645042,0.3623866047480603,0.032515087125691,4.542815899789036,2.6152598296975262,0.7804808472666033,0.9877955758962624,-0.0670811359538067,25.22,45.94,50.69,26.63,29.13,UNDERVALUED
LOW,Consumer Discretionary (S&P 500),2025-02-27,-0.1100567695937522,0.07,0.6990518433408696,-0.1100567695937522,0.0542140775307565,0.5049246940805773,0.3809011937218539,0.1389964300370375,0.0,-0.2870843317565523,2.8,-0.38,6.21,22.07,-8.69,OVERVALUED
MPC,Energy (S&P 500),2025-02-27,-0.1638405662344395,0.07,0.5547421134433683,-0.1638405662344395,0.3166880432230598,2.3940390548503743,2.9679700570469643,0.6398836273482927,1.0,-0.4353407560241266,49.4,-11.89,-11.69,30.4,148.9,UNDERVALUED
MRSH,Financials (S&P 500),2025-02-27,0.0972972972972971,0.07,0.2449106111290049,0.0972972972972973,0.0295545057020459,1.3598683374386973,0.9941797404950772,0.3005457670508872,0.458502024291498,-0.1076030196700393,15.2,4.43,17.15,13.93,-16.63,OVERVALUED
MAR,Consumer Discretionary (S&P 500),2025-02-27,0.1415298705049823,0.0773681771603164,0.9334549768273714,0.1415298705049824,0.050890722804413,2.268684435311692,1.9528599553870811,0.7007455861854377,0.947289156626506,-0.1563152352053947,48.91,22.33,12.43,21.51,30.38,UNDERVALUED
MAS,Industrials (S&P 500),2025-02-27,-0.0821428571428571,0.07,0.6830475346898578,-0.0821428571428571,0.0514894812190343,0.7251576177039989,0.5271472909707839,0.1524241796970229,0.0030364372469635,-0.1625629690791055,41.0,-4.76,-0.96,23.82,0.49,FAIRLY VALUED
MCD,Consumer Discretionary (S&P 500),2025-02-27,0.0997756880338194,0.07,0.2563672635142463,0.0997756880338193,0.0453942124467412,1.955105392957472,1.4052223985412635,0.4212158206456778,0.8263598326359832,-0.2243715062947084,-6.92,8.28,8.07,18.29,-10.04,OVERVALUED
MKC,Consumer Staples (S&P 500),2025-02-27,0.0490827493898118,0.07,-0.0167681524712997,0.0490827493898118,0.0366762447318058,1.118015717733993,0.7769891812546452,0.216905978552166,0.1702334630350194,-0.2111849189551645,-5.24,4.15,23.08,22.13,-29.34,OVERVALUED
MA,Financials (S&P 500),2025-02-27,0.1286594414714215,0.07,0.5699052453518209,0.1286594414714215,0.021121302436466,1.1688354665423697,0.8725682463117632,0.245949067006016,0.2821535393818544,-0.0135689543073015,37.67,19.25,19.65,16.06,2.53,FAIRLY VALUED
MCK,Health Care (S&P 500),2025-02-27,0.1165114505747875,0.07,0.0958178668769543,0.1165114505747874,0.0458593554079072,2.3725431061040827,1.7409685557018375,0.4904304369925879,0.964102564102564,-0.0348839143609523,97.57,13.01,20.19,26.05,35.93,UNDERVALUED
MDT,Health Care (S&P 500),2025-02-27,0.0364107983475838,0.07,0.2811340934308782,0.0364107983475838,0.0453019922709373,1.3336893536275334,0.9141185343159622,0.2278462217488617,0.3595166163141994,-0.2093565449748857,12.0,3.88,11.93,19.82,6.74,UNDERVALUED
MRK,Health Care (S&P 500),2025-02-27,0.0140343774775231,0.07,0.0103005979316723,0.014034377477523,0.0192741506464628,0.4582306506264422,0.3074735575815725,0.0871214261404361,0.0,-0.1295316505883278,258.66,-21.1,-27.88,23.45,73.17,UNDERVALUED
MTD,Health Care (S&P 500),2025-02-27,-0.0335228967252415,0.0802740008490831,0.9345810950809909,-0.0335228967252415,0.0358573759627704,0.5441752582527188,0.489163936467139,0.125837774914931,0.0,-0.0745413267741533,-8.88,-11.9,3.3,31.98,11.16,UNDERVALUED
MGM,Consumer Discretionary (S&P 500),2025-02-27,0.2313286970047956,0.07,1.3817052651809838,0.2313286970047956,0.3053800901326101,31.10183560858056,22.258396226304036,9.574190953633302,1.0,-2.528606035409356,77.55,-8.79,-17.45,37.46,24.52,UNDERVALUED
MAA,Real Estate (S&P 500),2025-02-27,0.0636685799949106,0.07,0.2926520797184221,0.0636685799949105,0.0801400997829087,2.86947183201427,2.064136401819332,0.5036895649125311,0.9909819639278558,-0.248267506421581,19.61,6.18,39.28,19.66,-15.47,OVERVALUED
MSFT,Information Technology (S&P 500),2025-02-27,0.1566996201307127,0.0928779836719615,1.156507751051674,0.1566996201307127,0.0411403864197306,1.58297651490332,1.68254728428914,0.6597654454856517,0.8745980707395499,-0.0169235552820574,-6.06,-4.77,-2.93,21.19,24.02,UNDERVALUED
MDLZ,Consumer Staples (S&P 500),2025-02-27,0.143510287020574,0.07,0.0524036550741259,0.143510287020574,0.0676206584550705,3.872079318572181,2.7747301528618498,0.9128771464788884,1.0,-0.2205488301234197,-39.93,-8.91,-10.14,19.04,5.19,UNDERVALUED
MCHP,Information Technology (S&P 500),2025-02-27,-0.0953108891179921,0.106492702210028,1.806414034212753,-0.0953108891179921,0.0454446128132754,0.1315780711157097,0.165362850908772,0.0852003552540418,0.0,-0.1928956259795632,-11.09,-28.41,-29.42,40.18,37.38,UNDERVALUED
TAP,Consumer Staples (S&P 500),2025-02-27,0.093552004485562,0.07,0.405820189401237,0.0935520044855621,0.1138388165063142,4.678933200808966,3.3863912093368103,0.9452648531420422,1.0,-0.4330931079135223,-61.95,17.6,1.9,26.22,-27.13,OVERVALUED
MCO,Financials (S&P 500),2025-02-27,0.0819312362838331,0.074291358149886,0.7894415270834723,0.0819312362838332,0.0184631011000195,0.6674299453124171,0.5382083150837025,0.1580851506278996,0.006578947368421,-0.0594987874052846,48.89,2.16,31.49,19.17,2.46,FAIRLY VALUED
MOS,Materials (S&P 500),2025-02-27,-0.2838715412126409,0.07,0.6995449414125342,-0.2838715412126409,0.1650179259860536,0.5417941655050931,1.6467591154479635,0.3882171966623948,0.9511698880976602,-0.4711637063435573,60.47,-11.79,-17.22,33.67,-2.2,FAIRLY VALUED
MSI,Information Technology (S&P 500),2025-02-27,0.0950395083406496,0.07,0.5920811627514734,0.0950395083406497,0.0360452747403589,1.6181880822642365,1.1796920846173402,0.3174035809005952,0.6978851963746223,-0.0689944145356668,20.94,-0.2,32.0,18.99,12.1,UNDERVALUED
MSCI,Financials (S&P 500),2025-02-27,0.1246652358491824,0.07,0.5886624342300218,0.1246652358491824,0.0412969809735665,2.1710333005145768,1.6030366352524452,0.4866435036934287,0.9096325719960278,-0.0925911336758851,-0.58,-0.04,5.45,25.96,-0.12,FAIRLY VALUED
NDAQ,Financials (S&P 500),2025-02-27,-0.0260199164792804,0.07,0.6256751809838177,-0.0260199164792804,0.0247858450237638,0.3895044886855039,0.2306738766891143,0.0936929194588772,0.0,-0.2284737259877505,52.71,14.44,45.36,18.96,23.05,UNDERVALUED
NWSA,Communication Services (S&P 500),2025-02-27,0.0299550673989017,0.07,0.8276486822245032,0.0299550673989016,0.0198069889606607,0.5755907205791275,0.4085704903964471,0.1003580731032123,0.0,-0.077963501258471,14.17,0.67,6.98,19.89,6.87,UNDERVALUED
NWS,Communication Services (S&P 500),2025-02-27,0.0299550673989017,0.0707773307242495,0.8403190029031959,0.0299550673989016,0.0174060323436236,0.4913658570735035,0.3568749779621774,0.0864766392801427,0.0,-0.0685129490010994,27.43,10.22,16.52,20.5,6.99,UNDERVALUED
NTAP,Information Technology (S&P 500),2025-02-27,-0.0147752279157498,0.0962281366695777,1.386442504299695,-0.0147752279157497,0.0616073913539751,0.7907862177956438,0.8210099828434712,0.2078719587765312,0.1835774058577405,-0.0315896577813286,63.87,-10.41,38.01,32.92,67.82,UNDERVALUED
NFLX,Communication Services (S&P 500),2025-02-27,0.0666680478435453,0.0946923724875008,1.205207921120829,0.0666680478435453,0.0151246717261626,0.3189045154029525,0.3285048576259336,0.0985515269794548,0.0,-0.0178184839741279,160.4,38.43,60.07,29.28,-16.79,OVERVALUED
NEE,Utilities (S&P 500),2025-02-27,0.3415728192403131,0.07,0.1700163617784774,0.341572819240313,0.0248761754437929,3.499033915906083,1.645229689417138,0.6052364653878837,0.8466135458167331,-0.5180452073608167,-46.83,-11.7,27.34,26.08,28.17,UNDERVALUED
NDSN,Industrials (S&P 500),2025-02-27,0.0190525363134199,0.07,0.7960759522331452,0.0233159301111757,0.0271232114912459,0.6489758996649989,0.4411735778109497,0.125029111187378,0.0,-0.1877633956601945,4.19,-17.83,-21.1,22.98,63.06,UNDERVALUED
NOC,Industrials (S&P 500),2025-02-27,0.0734386099120267,0.07,-0.0402279664266544,0.0734386099120266,0.0200572275578239,0.6313733343975506,0.417506126322838,0.1436257857091051,0.0,-0.1866105841962598,61.49,-9.5,1.62,19.1,25.67,UNDERVALUED
NUE,Materials (S&P 500),2025-02-27,-0.1637598766621699,0.0753361457174169,0.9602201393652784,-0.1637598766621699,0.0831715168654886,0.7482573734030974,0.9384581235203548,0.1929711888258735,0.3728549141965678,-0.0142122785319115,45.66,-9.6,-29.16,33.85,82.36,UNDERVALUED
NVR,Consumer Discretionary (S&P 500),2025-02-27,-0.0952145258522566,0.0701985044394996,0.6594997561098324,-0.0952145258522566,0.0401050767377025,0.6652400693587227,0.5555045014559034,0.10207140133073,0.001953125,0.0968745518117764,75.91,-20.87,-4.79,23.31,-12.28,OVERVALUED
NCLH,Consumer Discretionary (S&P 500),2025-02-27,0.7651419558359622,0.0812885346463607,1.6773548552311917,0.7651419558359621,0.0364527325787281,37.10435405860905,2.358833756157178,0.9787129784776124,0.9403884795713328,-1.352938204347314,-24.55,31.19,24.25,46.53,-29.38,OVERVALUED
NRG,Utilities (S&P 500),2025-02-27,-0.0862314935167866,0.0844792949933677,1.4376253720843957,-0.0862314935167866,0.1931006128306632,1.9535089625996616,1.9241877720665264,0.5850036049295925,0.9783549783549784,-0.4858801525609782,272.41,26.84,98.39,42.5,11.85,UNDERVALUED
ORLY,Consumer Discretionary (S&P 500),2025-02-27,0.0973215562122047,0.07,0.3829285834243959,0.0973215562122047,0.0266604809378625,1.1687128017668809,0.8521864376538075,0.2568901643940353,0.2699507389162561,-0.0945793781245647,35.03,20.02,25.12,18.81,-1.28,FAIRLY VALUED
ODFL,Industrials (S&P 500),2025-02-27,-0.0629265422773553,0.0913040454621722,1.092822778403746,-0.0629265422773553,0.0166440601217257,0.1899116674821561,0.1947217979827362,0.0472976659527681,0.0,0.0093814438777525,31.18,-9.15,-20.34,34.79,18.18,UNDERVALUED
NVDA,Information Technology (S&P 500),2025-02-27,1.2585452658115224,0.1680784945550561,2.826471502835457,1.2585452658115222,0.0037453993927664,5.247217374179382,0.1100767177591186,0.0183389830658949,0.0,-0.0012773668347889,-8.56,-6.34,52.71,55.31,80.75,UNDERVALUED
NXPI,Information Technology (S&P 500),2025-02-27,0.0053767512305944,0.105882128150569,1.7552316998106003,0.0053767512305944,0.0486882111385321,0.4905169998672273,0.5175842219442137,0.1636152465344384,0.0177125506072874,-0.1386664093906199,33.01,-13.42,-10.25,36.64,5.65,UNDERVALUED
OMC,Communication Services (S&P 500),2025-02-27,0.0282103141555452,0.07,0.7820775005937307,0.0282103141555451,0.1374044478987013,4.282372298332319,3.172204995740712,0.668435146656887,1.0,-0.1355260453243955,0.46,-16.28,-5.5,23.6,12.79,UNDERVALUED
ON,Information Technology (S&P 500),2025-02-27,-0.0087915255458672,0.1235928163940578,2.1958788823462263,-0.0087915255458672,0.0750351325144906,0.6700965018914815,0.6914381292907442,0.1560616756160336,0.041,-0.043401236674974,-27.72,-37.71,-38.44,47.88,57.68,UNDERVALUED
PKG,Materials (S&P 500),2025-02-27,-0.0796886058032554,0.07,0.557238218958542,-0.0796886058032554,0.0194069598205579,0.2006794818654294,0.12020760518033,0.0581931290896387,0.0,-0.1387861173449961,92.0,4.04,23.64,20.76,22.93,UNDERVALUED
ORCL,Information Technology (S&P 500),2025-02-27,0.0601953797493695,0.1017690581828902,1.6378125867895723,0.0601953797493694,0.0349371769715564,0.4667085523680886,0.4971665388823164,0.1918146506223065,0.0230296827021494,-0.1852574450077545,22.08,19.54,49.52,37.98,-12.29,OVERVALUED
PANW,Information Technology (S&P 500),2025-02-27,0.2079517810019766,0.1008523264599031,1.327116112954129,0.1646379502952399,0.0043288676321606,0.193615509840371,0.2085730161314,0.0892544178641368,0.0,0.0015650569055675,-69.69,7.08,19.14,31.6,86.43,UNDERVALUED
PH,Industrials (S&P 500),2025-02-27,0.1209340018571005,0.0922462159388639,1.2854308456186785,0.045371098872279,0.0809777212882297,2.322857897954211,2.3963965982499578,0.8411383454402734,0.9961915125136016,-0.1217404836953677,15.8,11.83,24.53,25.91,54.45,UNDERVALUED
PYPL,Financials (S&P 500),2025-02-27,0.0818736826804273,0.0795266330305924,0.9835168265654748,0.0818736826804273,0.0396943908052431,1.2986677745078978,1.1652067119261746,0.3128696849609423,0.6675919500346982,-0.007915228947653,-37.47,-1.2,17.57,33.05,-11.16,OVERVALUED
PNR,Industrials (S&P 500),2025-02-27,-0.0041971954000679,0.0793446461430594,0.9469676352966602,-0.0041971954000679,0.0392123882081148,0.6868839627567095,0.5946788720943846,0.1604646078011791,0.0020394289598912,-0.1273339281668342,52.31,8.86,22.81,24.72,-30.19,OVERVALUED
PAYX,Industrials (S&P 500),2025-02-27,0.0541630884144515,0.07,0.536565858795201,0.0541630884144514,0.0290855158652475,1.1149932118358454,0.8285590188123757,0.1832867775640481,0.1832512315270936,0.0119185853333585,38.29,15.86,24.64,19.01,-12.46,OVERVALUED
PEP,Consumer Staples (S&P 500),2025-02-27,0.0587901657560885,0.07,-0.051940638549522,0.0587901657560885,0.0368794144798969,1.2626972820819915,0.8869600322166602,0.2486831016452387,0.3206030150753768,-0.1774128699660294,-14.03,-11.88,-6.7,17.98,-0.9,FAIRLY VALUED
PM,Consumer Staples (S&P 500),2025-02-27,0.10742396574523,0.07,0.051537939906014,0.1074239657452301,0.0367703795731782,1.6415807759176275,1.158095328343735,0.369194247572204,0.6202020202020202,-0.1975557672106882,57.23,28.65,79.35,23.12,30.97,UNDERVALUED
PSX,Energy (S&P 500),2025-02-27,-0.1328960527089828,0.07,0.5632292918806041,-0.1328960527089829,0.1909466433026517,2.125241308137471,1.9741506665736503,0.4682553071587754,0.9939271255060728,-0.3069425072930689,73.91,-3.48,-9.31,26.65,97.75,UNDERVALUED
PNW,Utilities (S&P 500),2025-02-27,0.0859326817570591,0.07,0.1774368371145113,0.085932681757059,0.0783071921115135,2.332523916952585,1.45800018311073,0.5989507709034362,0.7562688064192578,-1.0583574425386968,14.32,7.36,37.44,17.71,15.84,UNDERVALUED
PPG,Materials (S&P 500),2025-02-27,0.0402203151018316,0.07,0.5996086625695901,0.0402203151018316,0.0532857728409035,1.6509960301166131,1.17326699238211,0.2853027662418696,0.7109768378650554,-0.1984990089510094,-12.09,-9.56,-17.55,19.9,2.81,FAIRLY VALUED
PG,Consumer Staples (S&P 500),2025-02-27,0.0247908689608078,0.07,-0.0620491534979347,0.0247908689608077,0.0287865184682132,0.8440313618798643,0.620965399913917,0.1363182926575251,0.0,-0.0614590027620323,11.89,2.83,10.62,16.19,-13.3,OVERVALUED
PEG,Utilities (S&P 500),2025-02-27,0.1466326530612245,0.0725447006431577,0.4884619744499351,0.1466326530612245,0.01170267558521,0.6583368643549832,0.5294348837455688,0.1666463878383899,0.0124223602484472,-0.0031078925098986,-54.34,1.59,35.28,20.14,-2.95,FAIRLY VALUED
PSA,Real Estate (S&P 500),2025-02-27,0.0802281020610626,0.07,0.415769012818532,0.0802281020610626,0.0661018877673696,2.68362800575805,1.9762461068915125,0.5134021633825869,0.981060606060606,-0.1727898702898436,96.91,-9.17,13.7,22.95,12.17,UNDERVALUED
PHM,Consumer Discretionary (S&P 500),2025-02-27,0.0036617557268556,0.0769694347512286,0.9708027094096764,0.0036617557268556,0.0589390680575327,1.2847168608093331,1.1066385170306503,0.2543230126120697,0.6305828917486752,-0.0345573144841328,90.55,-21.52,-3.03,31.91,25.57,UNDERVALUED
QCOM,Information Technology (S&P 500),2025-02-27,-0.0611213003429659,0.1263044185139176,2.0476766030054803,0.087716359575656,0.0471724040848785,0.2863707048631763,0.2981427553825796,0.0656499852204751,0.0,-0.0407652248147695,36.53,-10.28,-0.51,38.31,7.49,UNDERVALUED
PWR,Industrials (S&P 500),2025-02-27,0.2230481806063908,0.1067103429645997,1.6461317902611745,0.2230481806063909,0.0108134100926802,0.2892630639613665,0.3140077185840365,0.142912130769572,0.0005030181086519,-0.0842473362138534,29.47,-4.05,8.36,37.17,155.91,UNDERVALUED
PTC,Information Technology (S&P 500),2025-02-27,0.0903469280926798,0.0826998357753664,0.9838055040780456,0.0960485977226136,0.0483049366312665,1.4054881602718037,1.3295185319796063,0.3744145971990453,0.7918238993710692,-0.0851188310848615,6.83,-7.56,-10.75,23.16,-5.67,OVERVALUED
DGX,Health Care (S&P 500),2025-02-27,-0.0638470100172012,0.07,0.2823042997110645,-0.0638470100172012,0.0396071412598547,0.5546291692996296,0.3436161803532256,0.1273696273154185,0.0,-0.258558472671179,19.4,12.79,38.55,20.67,44.48,UNDERVALUED
RTX,Industrials (S&P 500),2025-02-27,0.0275218415481408,0.07,0.2554526009996546,0.0275218415481408,0.0456199412119476,1.2586710223699615,0.8796064114617964,0.2204682183582786,0.3340163934426229,-0.2286494120606682,50.38,10.37,47.51,18.85,66.64,UNDERVALUED
RVTY,Health Care (S&P 500),2025-02-27,-0.1694689509279182,0.07,0.7900563157804723,-0.1694689509279182,0.0339118366185505,0.1641729230050625,0.2087666757712308,0.0851183006809191,0.0,-0.23220616151969,79.81,-9.69,4.83,28.17,12.86,UNDERVALUED
RSG,Industrials (S&P 500),2025-02-27,0.1076160165790838,0.07,0.320363687770115,0.1076160165790837,0.0405913755360827,1.852850677879432,1.313464649038076,0.4008870397718492,0.7590361445783133,-0.1794816484077151,42.02,13.08,27.54,15.23,-4.13,FAIRLY VALUED
RMD,Health Care (S&P 500),2025-02-27,0.1443020801457175,0.0799342449484308,0.8633369630976733,0.1094730680349221,0.0262306838250659,1.163680162009767,1.070562981293815,0.3505366051534703,0.5190476190476191,-0.0189854253810283,-3.51,-4.11,28.94,37.37,0.24,FAIRLY VALUED
ROL,Industrials (S&P 500),2025-02-27,0.140014756161662,0.07,0.3951289450748315,0.1400147561616619,0.022146167068406,1.3977224197339388,1.0398142640682173,0.3479339763764836,0.5009765625,-0.029219381400546,21.66,4.39,21.96,20.6,-27.78,OVERVALUED
ROK,Industrials (S&P 500),2025-02-27,0.0319368014503196,0.0867764837519979,1.1525906761385671,-0.0876573194965776,0.0322692561739768,0.5682981338895737,0.5450493194806673,0.1612892377929833,0.0011778563015312,-0.1148442326581737,29.83,8.96,3.09,30.13,55.02,UNDERVALUED
ROST,Consumer Discretionary (S&P 500),2025-02-27,0.0899190937187113,0.07,0.6626556227559864,0.0899190937187112,0.0366144824482764,1.7177027950690291,1.2709898861061,0.3320709104896757,0.7676266137040715,-0.0192084091644198,-4.06,-9.55,-6.84,21.64,68.44,UNDERVALUED
ROP,Information Technology (S&P 500),2025-02-27,0.1500428161882423,0.0715684127525425,0.7646580821565495,0.1500428161882423,0.0324070974712161,1.6975390192788904,1.2978030452929166,0.4210263914806399,0.7343470483005367,-0.1018166840778321,2.39,4.18,5.24,18.49,-27.47,OVERVALUED
SPGI,Financials (S&P 500),2025-02-27,0.1176996690814775,0.07,0.6178554721527999,0.1176996690814775,0.024445360310177,1.1614517288602162,0.8459697754128422,0.2426204594286445,0.2586377097729516,-0.0691525037506115,85.0,4.32,23.72,16.04,-12.16,OVERVALUED
RCL,Consumer Discretionary (S&P 500),2025-02-27,0.5723981900452488,0.0947396984229625,1.4565296879598777,0.5723981900452488,0.0455530803196103,14.132522581930818,3.472703827484442,1.1438196014613615,0.9973516949152542,-0.3625668209714162,-68.11,41.56,94.13,35.65,23.61,UNDERVALUED
SBAC,Real Estate (S&P 500),2025-02-27,0.0296682607708356,0.07,0.1080390152628365,0.0296682607708355,0.0903139184195927,2.3269329176888918,1.5579149497353166,0.444297595551467,0.8759920634920635,-0.62937701920013,-17.9,-4.08,11.15,26.4,-13.87,OVERVALUED
SLB,Energy (S&P 500),2025-02-27,0.1795592894521376,0.07,0.7582588040367565,0.1795592894521377,0.0484748404482638,3.3752013587626157,2.5250329088438037,0.9275956811525256,0.9799196787148594,-0.1608651503326496,-30.87,-7.35,-13.34,26.63,35.61,UNDERVALUED
SPG,Real Estate (S&P 500),2025-02-27,0.0694307247148087,0.07,0.746330323014287,0.0694307247148086,0.0508627292832461,1.665814519196633,1.094719894641224,0.3798215203151856,0.566793893129771,-0.4577244498589893,33.51,11.29,28.22,20.58,29.41,UNDERVALUED
STX,Information Technology (S&P 500),2025-02-27,-0.1128114842903574,0.0848237310145075,1.1968571107949286,-0.1128114842903575,0.0400261951961288,0.1924854019397009,0.2258335907305824,0.1026738593155761,0.0,-0.2084484359214035,69.55,1.38,14.24,31.45,763.09,UNDERVALUED
SWKS,Information Technology (S&P 500),2025-02-27,-0.1272776300190468,0.1006836175585891,1.5049987551464996,-0.1245494929176095,0.0283700637705136,0.2384029806456615,0.2844780245284685,0.0643555846851097,0.0,0.0172694761886026,20.13,-39.36,-36.43,43.26,11.54,UNDERVALUED
SHW,Materials (S&P 500),2025-02-27,0.040769519028033,0.0711287943485202,0.7700656087848624,0.040769519028033,0.0367807034011376,1.1056425410094557,0.8151711630852873,0.2052598592740707,0.199623352165725,-0.1291994062145148,18.6,-1.06,9.14,21.81,-1.08,FAIRLY VALUED
SJM,Consumer Staples (S&P 500),2025-02-27,-0.041094123716175,0.07,0.0309270188912599,-0.041094123716175,0.3046040355142775,6.25861449274093,4.530078992623438,1.0365980482465225,1.0,-0.773668928289215,-73.58,-7.74,-7.51,23.73,19.71,UNDERVALUED
NOW,Information Technology (S&P 500),2025-02-27,0.2382332643202207,0.1024171216223313,1.3636759933172828,0.2382332643202208,0.0046248740411821,0.2020859556948009,0.2131495495360589,0.0846240379312155,0.0,-0.0020525863455147,41.38,10.73,20.05,35.96,-29.56,OVERVALUED
SW,Materials (S&P 500),2025-02-27,-0.1048190095491894,0.07,0.8065693848162173,-0.1048190095491894,0.0579338978077339,0.7452378646334258,0.5725677397636678,0.1632938999772993,0.0086124401913875,-0.2142506000783514,50.45,11.79,32.53,36.7,-2.14,FAIRLY VALUED
SNA,Industrials (S&P 500),2025-02-27,0.0548890036138358,0.0742516072504095,0.7807596645836602,0.0548890036138358,0.0434147791961429,1.413532257112314,1.1528578521800037,0.2608543043850436,0.695940347970174,-0.0162424876887789,37.54,20.91,26.3,22.33,20.85,UNDERVALUED
LUV,Industrials (S&P 500),2025-02-27,0.0956160241874528,0.07,0.6873540661309654,0.0956160241874527,0.0546866036065109,2.484954839357738,1.8428569753736928,0.446398874787585,0.9871794871794872,0.0049627194931333,-4.48,6.46,-9.18,34.88,34.19,UNDERVALUED
SBUX,Consumer Discretionary (S&P 500),2025-02-27,0.05911859625859,0.07,0.6157236965674928,0.005576001512136,0.0274610227969167,0.8773490892186179,0.5998699617463724,0.177498428108353,0.0117762512266928,-0.1803707089249406,24.1,17.47,24.73,38.16,-5.58,OVERVALUED
STLD,Materials (S&P 500),2025-02-27,-0.1556755394039758,0.0791173914174267,1.00657414709086,-0.1556755394039758,0.1387090072430336,0.9741830068262288,1.3041026437765768,0.2795598986939717,0.8683666436940042,-0.0798496360259253,89.83,10.66,1.74,32.49,67.54,UNDERVALUED
SYK,Health Care (S&P 500),2025-02-27,0.1110629302401213,0.07,0.5978679341671291,0.1110629302401214,0.018064270429608,0.852409560871975,0.6168141430370824,0.1966549623211737,0.0372983870967741,-0.0688073194888342,21.61,8.97,11.44,18.45,-14.5,OVERVALUED
SYY,Consumer Staples (S&P 500),2025-02-27,0.0717866465720449,0.07,0.2160384172682786,0.0330036030134294,0.0732627565289284,2.676450570155015,1.8798028798258104,0.5102714598043122,0.9765784114052952,-0.3475676578182713,-16.19,-0.61,-5.39,19.44,15.9,UNDERVALUED
TMUS,Communication Services (S&P 500),2025-02-27,-0.0127307687474079,0.07,0.2684154890096185,-0.0127307687474079,0.0193219130748055,0.1646627433568718,0.0371878619896658,0.0768003555343363,0.0,-0.350621601167114,13.31,30.37,62.84,20.46,-29.62,OVERVALUED
TGT,Consumer Staples (S&P 500),2025-02-27,-0.0156524926686216,0.07,0.505848380189775,-0.0156524926686217,0.0443806610195511,0.7761843224075645,0.5082804127784419,0.1542135305703163,0.0,-0.2979684665591847,-38.69,-21.58,-16.92,37.57,37.43,UNDERVALUED
TDY,Information Technology (S&P 500),2025-02-27,0.0324075770344043,0.07,0.6178109567304485,0.0324075770344044,0.0526612741850871,1.6492117073874248,1.2051535211326272,0.2653829429313621,0.7585858585858586,-0.1095305535798452,17.3,17.7,17.88,22.29,26.57,UNDERVALUED
TEL,Information Technology (S&P 500),2025-02-27,-0.0134807056310175,0.0793226512745337,0.9589552208748804,-0.0117874516652114,0.0588075484266794,1.0453107351975277,0.9316343820845144,0.2181575451239732,0.3761840324763194,-0.0671643145166771,28.34,0.78,7.49,20.78,34.12,UNDERVALUED
TXT,Industrials (S&P 500),2025-02-27,0.063252777993628,0.07,0.8200933520675524,0.063252777993628,0.0944131132366108,3.545634540215083,2.5958692884140016,0.6111128988697937,1.0,-0.1199905906184707,-4.13,-18.14,-16.37,22.82,15.35,UNDERVALUED
TMO,Health Care (S&P 500),2025-02-27,-0.045819881999332,0.07,0.4735177137157297,-0.045819881999332,0.0210117077547501,0.3400648470023656,0.2197978407823035,0.0715879641565613,0.0,-0.1334050430728103,4.35,-14.16,-7.33,20.96,20.6,UNDERVALUED
TER,Information Technology (S&P 500),2025-02-27,-0.1517401495065838,0.1415688820570237,2.2307427938243083,-0.1517401495065839,0.0244525643978101,0.1425113796636291,0.1747191427217849,0.0188906117518437,0.0,0.0407891523011728,88.0,-19.14,8.95,45.18,253.57,UNDERVALUED
TXN,Information Technology (S&P 500),2025-02-27,-0.1252746155382464,0.0976077841677697,1.3410478212811732,-0.1252746155382464,0.020795530484309,0.0904830357009309,0.1249301705148736,0.0416741865938577,0.0,-0.0494959366245848,56.08,-7.93,19.23,29.59,44.69,UNDERVALUED
TJX,Consumer Discretionary (S&P 500),2025-02-27,0.0857297340595963,0.07,0.5628524761520967,0.0857297340595962,0.0275318587961949,1.2220163256119876,0.8960275542911522,0.2433549248263762,0.3180914512922465,-0.0505186497263418,18.83,3.49,24.5,17.07,16.06,UNDERVALUED
TKO,Communication Services (S&P 500),2025-02-27,1.8284037058379317,0.07,0.606416377235157,1.8284037058379317,0.0408835698118207,560.7282338969812,3.0936017967339,0.7255579796655821,1.0,-0.2304238639185655,67.74,27.32,74.08,27.91,32.79,UNDERVALUED
TSCO,Consumer Discretionary (S&P 500),2025-02-27,0.0247117911606404,0.07,0.6526718350101103,0.0247117911606405,0.0158905644930044,0.3385514736482831,0.2077942741725138,0.0741971664155964,0.0,-0.1610384340710325,16.33,1.04,10.67,25.78,-34.31,OVERVALUED
TDG,Industrials (S&P 500),2025-02-27,0.2093453258472728,0.0731914493754872,0.9267407926389072,0.2057706909643128,0.0403052456252612,2.8108140295055226,2.2095651521187056,0.903467018988742,0.9349955476402492,-0.2625664146684592,34.81,7.43,21.34,24.37,-6.52,OVERVALUED
TT,Industrials (S&P 500),2025-02-27,0.1054234384086745,0.0867900780949256,1.0539868046076255,0.1054234384086745,0.0280817799176889,0.8760526815112871,0.8703602529477956,0.2913805482558095,0.2934590453741897,-0.0476732273692984,71.92,-1.91,22.66,23.87,32.59,UNDERVALUED
TSN,Consumer Staples (S&P 500),2025-02-27,0.0002533367777735,0.07,-0.1071971112189298,0.0080936442200412,0.0179399751739064,0.1192412178439746,-0.0139009509776936,0.0749356453589693,0.0,-0.3914664552494218,-44.29,-3.12,16.47,21.0,0.8,FAIRLY VALUED
TRMB,Information Technology (S&P 500),2025-02-27,0.0332943448576013,0.0892063405302232,1.247521393035382,0.0332943448576013,0.0287655379079378,0.4193204270331963,0.4109750891821793,0.1479302132444329,0.0,-0.1698194638478707,80.15,24.88,14.41,28.47,-15.56,OVERVALUED
UDR,Real Estate (S&P 500),2025-02-27,0.0725688783210072,0.07,0.4087228935460106,0.0725688783210073,0.0718108663474836,2.478959542660774,1.743185272410212,0.4975308611067437,0.9344422700587084,-0.4374261200588651,-17.61,3.66,31.8,18.67,-9.32,OVERVALUED
UAL,Industrials (S&P 500),2025-02-27,0.1949060171282393,0.07,1.2782210166652488,0.1949060171282393,0.1315626252121119,10.724732037106198,7.734269020864305,3.4949664126971283,1.0,-1.0148019126378152,-4.28,118.72,105.28,44.22,21.2,UNDERVALUED
UBER,Industrials (S&P 500),2025-02-27,0.1695266179376979,0.0869931860402312,1.0549126643542812,0.169526617937698,0.0117114735711169,0.462425316528897,0.4676014509764691,0.1840876701560081,0.0151338766006984,-0.0425765599963895,142.39,2.27,-5.77,39.9,5.85,UNDERVALUED
UNP,Industrials (S&P 500),2025-02-27,-0.030391959798995,0.07,0.4993602216433408,-0.0303919597989949,0.0385467234668224,0.6175666439710783,0.4066909697225631,0.1245100695785455,0.0,-0.2293450010249624,24.53,-1.02,-1.1,19.92,28.32,UNDERVALUED
UPS,Industrials (S&P 500),2025-02-27,-0.0934840239988837,0.07,0.484523355283929,-0.0934840239988837,0.0911115717713322,1.055212253594891,0.8160348480515683,0.242836328057292,0.2021803766105054,-0.2589619127991798,20.09,-5.57,-16.58,28.77,-3.75,FAIRLY VALUED
TYL,Information Technology (S&P 500),2025-02-27,0.0548842181726987,0.07,0.5961301798146958,0.0548842181726987,0.0156862409697983,0.5640320049171798,0.4102717942339662,0.090808562069873,0.0,-0.0207556448809168,80.06,4.64,38.73,24.23,-42.5,OVERVALUED
UNH,Health Care (S&P 500),2025-02-27,0.1464082773428101,0.07,0.2688644426473602,0.1464082773428101,0.0643949750449446,4.2228180709488266,3.1633610754301498,1.1219917146057237,0.997997997997998,-0.0890135471388671,-19.92,-19.63,-7.31,29.25,-14.7,OVERVALUED
UHS,Health Care (S&P 500),2025-02-27,0.0658692162392708,0.07,0.4630604476318752,0.0658692162392709,0.0408754065329037,1.1847170308923678,0.7694186295399744,0.2629700898036528,0.2049504950495049,-0.4225032056091092,8.46,-20.8,12.69,29.73,-6.49,OVERVALUED
URI,Industrials (S&P 500),2025-02-27,0.231059955334135,0.0927351820343212,1.5278788128635934,0.231059955334135,0.0561103163238691,3.028592472482877,3.181217976362885,1.4647724194797007,0.9760999456816948,-0.2924082665214604,25.03,-13.66,-5.56,34.25,75.17,UNDERVALUED
VLO,Energy (S&P 500),2025-02-27,-0.1792519687271448,0.07,0.466687269608165,-0.1792519687271449,0.2022911807246438,1.4527325081324538,1.987062363537587,0.3988453401340791,0.998972250770812,-0.1733359314792216,18.26,-6.56,-6.65,30.71,173.54,UNDERVALUED
VZ,Communication Services (S&P 500),2025-02-27,-0.0209083933204223,0.07,-0.0324876001383545,-0.0209083933204224,0.0587422009027245,0.45489676640666,0.0704858799245618,0.2225907059237844,0.0,-1.0481986544933928,38.61,7.9,15.68,19.45,25.39,UNDERVALUED
VRTX,Health Care (S&P 500),2025-02-27,0.1050869472717703,0.07,0.5976628723950902,0.1050869472717704,0.0282797042737887,1.4751064981564252,1.1005811144938111,0.2726339752118423,0.6102719033232629,0.078189261205815,57.85,-1.21,10.11,25.45,13.86,UNDERVALUED
V,Financials (S&P 500),2025-02-27,0.1071246580803411,0.07,0.5235290241535708,0.1002358129421492,0.0295132388748173,1.544044599500335,1.146284210687334,0.3393132998837698,0.6409465020576132,-0.0127728250412521,47.9,31.88,26.56,16.92,3.99,FAIRLY VALUED
VICI,Real Estate (S&P 500),2025-02-27,0.3888538341836822,0.07,0.2867547951436505,0.3888538341836823,0.0606254369913626,9.450577790850248,4.130295853644411,1.1739831367682667,0.997997997997998,-0.5550459954701299,-40.17,0.2,16.37,19.03,-10.11,OVERVALUED
VTRS,Health Care (S&P 500),2025-02-27,-0.0513936800162334,0.07,0.5874918444750733,-0.0513936800162334,0.121227576514926,1.0331053229941791,0.3625560345525796,0.4088174009424307,0.0704800817160367,-1.6213700250803071,72.17,-17.73,-25.01,32.04,80.58,UNDERVALUED
GWW,Industrials (S&P 500),2025-02-27,0.0820856317310219,0.0742407443116004,0.7662908641642411,0.0820856317310218,0.0274425736484269,1.0406323118785916,0.8501641093115269,0.2361812307564219,0.2581934452438049,-0.0425011229836955,51.84,4.89,5.1,20.99,30.29,UNDERVALUED
WMT,Consumer Staples (S&P 500),2025-02-27,0.0602595499019285,0.07,0.31430075248527,0.0602595499019285,0.0128416661866191,0.430824663577495,0.3028417391907808,0.0836609677179455,0.0,-0.0669010193704033,60.3,27.42,64.37,19.76,8.74,UNDERVALUED
WAB,Industrials (S&P 500),2025-02-27,0.1572590289404449,0.0841786675031446,1.0616899427759283,0.1572590289404448,0.0438490117477319,1.6645650548612698,1.594665292387435,0.5767414607646557,0.8669920683343502,-0.1078339978895796,37.97,10.19,32.21,24.14,62.49,UNDERVALUED
VST,Utilities (S&P 500),2025-02-27,0.0765588578088578,0.1254461661796806,2.540549313666025,0.0765588578088578,0.0294576508291824,0.1908416946083794,0.2077287825283658,0.111029209598366,0.0005,-0.2469624366939979,-39.75,54.31,157.59,69.57,7.75,UNDERVALUED
DIS,Communication Services (S&P 500),2025-02-27,0.0509206101169805,0.07,0.4782747538995147,0.0277059101442102,0.0417576041881595,1.3106779714350827,0.9257405587548744,0.2439216275256362,0.4040501446480231,-0.2163030580235009,-2.8,23.0,2.65,22.6,-1.77,FAIRLY VALUED
WEC,Utilities (S&P 500),2025-02-27,-0.0733948777793985,0.07,-0.0366286619354443,-0.0733948777793985,0.0569372082723863,0.5201965226790122,0.2534398059997086,0.185213053779447,0.0,-0.5921757038660218,11.62,16.01,41.39,16.47,8.07,UNDERVALUED
WM,Industrials (S&P 500),2025-02-27,0.0369580668088129,0.07,0.3346090490370686,0.036958066808813,0.0071038826249712,0.0664557756557037,0.0053288808087004,0.0376673190510246,0.0,-0.1750849724209557,32.79,10.52,12.09,18.32,0.24,FAIRLY VALUED
WAT,Health Care (S&P 500),2025-02-27,-0.0052288795661846,0.0769499288987623,0.8830877867391743,-0.0052288795661846,0.0297338931341469,0.5366139030071647,0.4544620601046465,0.116793984542728,0.0,-0.0927328139323166,17.33,10.78,12.15,34.29,8.48,UNDERVALUED
WELL,Real Estate (S&P 500),2025-02-27,0.1215641851861855,0.07,0.2998975393324214,0.1215641851861854,0.0041415251627515,0.0431340701362286,-0.0103661895717787,0.0414258041188407,0.0,-0.1691723444713047,89.48,27.18,68.02,18.43,60.43,UNDERVALUED
WST,Health Care (S&P 500),2025-02-27,0.0217880771762097,0.07,0.3255422030153198,0.0217880771762097,0.0323339302849466,1.046350645659603,0.7841585286662693,0.1498217055821113,0.078781512605042,0.0334752067617697,-9.74,-26.36,-37.73,53.03,59.74,UNDERVALUED
WMB,Energy (S&P 500),2025-02-27,-0.0052895576835385,0.07,0.6956157332141195,-0.0052895576835385,0.0648795610721131,1.3072874504295493,0.88383823228857,0.2493661847500648,0.349238578680203,-0.3728924747247913,15.31,26.38,67.76,22.52,33.74,UNDERVALUED
WTW,Financials (S&P 500),2025-02-27,0.0695916986239566,0.07,0.1544436772737566,0.0695916986239566,0.0450608516456393,1.6701416614659306,1.1922714243375578,0.2905997358912735,0.7233400402414487,-0.1337929167393647,28.82,17.08,23.41,16.9,3.61,FAIRLY VALUED
WYNN,Consumer Discretionary (S&P 500),2025-02-27,0.7386748118424467,0.07,0.8366404456728779,0.7386748118424468,0.1443955515607071,124.76350229125734,12.552784396134916,3.069146161501223,1.0,-1.0798125729997778,-60.54,15.1,-13.14,33.88,14.55,UNDERVALUED
YUM,Consumer Discretionary (S&P 500),2025-02-27,0.0342005261619409,0.07,0.3873217702439496,0.0342005261619409,0.0361830819430583,0.9414905294269686,0.626125751946703,0.1876619784196053,0.0108588351431391,-0.2731514253595081,10.12,15.38,14.36,19.63,1.5,FAIRLY VALUED
XYL,Industrials (S&P 500),2025-02-27,0.3335747917421223,0.0793832119413378,0.9244798897599878,0.3335747917421224,0.0103799373690936,0.9703254389034024,0.6540299510077298,0.2090945152539121,0.0587422252937111,-0.0447791316789016,9.12,-4.09,3.61,21.32,-10.48,OVERVALUED
ZBH,Health Care (S&P 500),2025-02-27,0.0654620383579014,0.07,0.3954736133376013,0.0654620383579014,0.1031734707071524,3.79478557214036,2.758841561670036,0.6641592213311344,1.0,-0.2540143168438385,-42.88,-8.85,-16.95,21.67,-3.43,FAIRLY VALUED
AA,Materials (S&P 400),2025-02-27,-0.1525981848847482,0.088232142285727,1.4767495208979702,-0.1525981848847482,0.0950628781990605,0.6231292926118408,0.8830553384615081,0.2498285911825844,0.2984473835537665,-0.175238640319272,670.06,-2.3,26.69,46.14,53.94,UNDERVALUED
AAL,Industrials (S&P 400),2025-02-27,0.0779440893590084,0.07,1.027640750169992,0.0779440893590083,0.4461799572343239,14.82669163344801,9.926678454698171,3.4180973482671897,1.0,-4.21654903917071,-22.48,42.87,-6.5,42.23,-6.95,OVERVALUED
ACI,Consumer Staples (S&P 400),2025-02-27,0.0204508195137906,0.07,0.2629946951970169,0.0204508195137907,0.0915990913265729,1.5633248050374888,0.8392028006298891,0.420464185421566,0.3648915187376725,-1.238744444295613,10.17,2.36,2.74,19.01,-39.16,OVERVALUED
ACM,Industrials (S&P 400),2025-02-27,0.1067619645872555,0.0748273100800344,0.9051853652230007,0.1201127853669457,0.0497063832137966,2.010824149809522,1.6435578817530627,0.49657897235394,0.9174089068825912,-0.1143046836475318,-26.79,-3.89,9.83,22.72,-31.75,OVERVALUED
AGCO,Industrials (S&P 400),2025-02-27,0.1391940812874463,0.07,0.5425396784487615,0.1391940812874464,0.0789756631718303,4.933138195200929,3.5553537886317192,1.2453133782929078,1.0,-0.1303832205160455,-33.42,9.07,-6.25,30.15,8.49,UNDERVALUED
AIT,Industrials (S&P 400),2025-02-27,0.0841994966280466,0.0988009298881108,1.3577367846933222,0.0150951981896277,0.0209065159597127,0.4487001498367722,0.4740438326675206,0.1472876706187915,0.0036157024793388,-0.0146997261634258,55.76,20.05,30.48,28.86,40.55,UNDERVALUED
ALSN,Industrials (S&P 400),2025-02-27,0.0960635608522932,0.0733805199305263,0.9246927885707906,0.0960635608522932,0.0406511605967328,1.5692421232948393,1.2314832013863644,0.4190008657936054,0.6809403862300588,-0.2253948018465847,49.75,12.19,34.9,28.35,30.68,UNDERVALUED
ALV,Consumer Discretionary (S&P 400),2025-02-27,0.1846867224609816,0.0702851062249037,0.8624227962883009,0.1846867224609816,0.0573137622333236,4.049844863391905,2.9922179631067527,1.1382415358481557,0.991008991008991,-0.1997529388117623,18.81,-3.46,-13.59,28.07,30.62,UNDERVALUED
AM,Energy (S&P 400),2025-02-27,0.1229345777600117,0.07,0.7917633443872141,0.1229345777600117,0.0387738180265975,1.6610768685319466,1.1311301624353427,0.4673249698533687,0.5769230769230769,-0.4448810423261856,25.44,14.47,30.85,21.75,47.47,UNDERVALUED
ALGM,Information Technology (S&P 400),2025-02-27,0.0777628169378619,0.1436408655586047,2.418412823116701,0.0777628169378618,0.0377994873270246,0.4286211206851813,0.4407955932110956,0.0862115092150431,0.0,-0.0149966935184104,-55.47,-11.47,-29.64,50.96,70.83,UNDERVALUED
AMG,Financials (S&P 400),2025-02-27,-0.11667239010989,0.0724275715083646,1.0166646649642834,-0.1166723901098901,0.1224599855978122,1.2918777609388337,1.1712922669131811,0.3033458839373792,0.6961805555555556,-0.3104787145013726,43.02,-3.36,6.65,24.08,110.84,UNDERVALUED
AMKR,Information Technology (S&P 400),2025-02-27,-0.0829884997500558,0.1217409323989079,2.2857273763570567,-0.0829884997500558,0.0153983226623351,0.067747979237794,0.0740484563095089,0.0252222122958938,0.0,-0.0457247702450571,18.17,-35.18,-29.47,48.66,146.63,UNDERVALUED
AN,Consumer Discretionary (S&P 400),2025-02-27,-0.0013377802482861,0.07,1.1942335532755666,-0.001337780248286,0.2844082938746582,6.49803960820031,4.59428780624501,1.1730380052986673,1.0,-1.059050846733834,56.8,0.75,25.13,29.73,10.68,UNDERVALUED
ANF,Consumer Discretionary (S&P 400),2025-02-27,0.1576433891843989,0.0885325822101024,1.3602307434429002,0.1576433891843988,0.0153773140257812,0.6308953479551076,0.6471582992126461,0.264654626717072,0.1016561964591662,-0.0287958519054578,-13.25,-39.13,-19.37,59.35,3.55,FAIRLY VALUED
ARW,Information Technology (S&P 400),2025-02-27,-0.1082118396348366,0.0733983522934449,0.9966917229647336,-0.1082118396348366,0.3572810547231499,4.168731303698802,3.743944535351575,0.928848600296438,1.0,-0.6160971586692606,29.64,-19.07,-6.77,26.2,90.86,UNDERVALUED
APG,Industrials (S&P 400),2025-02-27,0.0564196401341872,0.0851936412096898,1.2684232740517478,0.0564196401341872,0.0218165583959056,0.3126271518549084,0.2869929218537065,0.1335934943658744,0.0,-0.2297964381204016,6.46,8.74,8.34,29.54,62.52,UNDERVALUED
ARMK,Consumer Discretionary (S&P 400),2025-02-27,0.1275218608888237,0.07,0.7949108276210824,0.0819170324932606,0.1016904052782242,4.843704387289557,3.4893968545552307,1.096536257808746,0.9990403071017274,-0.5167299604132669,2.45,2.85,22.06,23.84,65.45,UNDERVALUED
ASH,Materials (S&P 400),2025-02-27,-0.0599305043620309,0.07,0.8661779210772925,-0.0356001825650387,0.1196487348997264,2.084654394592762,1.469661590091187,0.3795041296786567,0.8830111902339777,-0.4222558731160125,29.7,-30.3,-32.86,26.54,23.73,UNDERVALUED
ATR,Materials (S&P 400),2025-02-27,0.0497256527129663,0.07,0.6498268535984104,0.0497256527129664,0.0435119400095451,1.4796442260446023,1.067346295176844,0.2449030772911514,0.5850661625708885,-0.1022453646042862,19.72,-3.15,5.0,17.92,-6.78,OVERVALUED
ATI,Industrials (S&P 400),2025-02-27,0.0880344108446298,0.0828576757908202,1.1252636419776096,0.0880344108446298,0.0136743378517442,0.2454342800246604,0.2278613739808271,0.1215198759313358,0.0,-0.1988314272562987,87.94,-12.96,16.43,37.61,267.63,UNDERVALUED
AVNT,Materials (S&P 400),2025-02-27,-0.0748034973063676,0.0828319951837838,1.3247384749209543,-0.0748034973063675,0.0665274598830814,0.4870002227586519,0.4402371512411616,0.2101134038967613,0.0081453634085213,-0.4348452817899375,33.47,-12.25,7.4,29.35,8.8,UNDERVALUED
AXTA,Materials (S&P 400),2025-02-27,0.0614250614250613,0.07,0.8629725227601301,0.0614250614250614,0.059922850596527,1.9776795249971213,1.3703738365914186,0.3873213161763696,0.8058645096056622,-0.3597179843512942,2.09,1.42,11.21,26.39,-0.87,FAIRLY VALUED
AVTR,Health Care (S&P 400),2025-02-27,-0.0725733454022682,0.07,0.798518956471307,-0.0725733454022682,0.0535904648608742,0.5788052872362089,0.3278673776807534,0.1698713335907413,0.0,-0.4726751577241216,24.39,-35.61,-32.45,31.82,-13.58,OVERVALUED
AVT,Information Technology (S&P 400),2025-02-27,-0.0114510606832475,0.0774805485738905,1.0803583944464548,-0.1047505168373027,0.0393974839730988,0.2013716370549661,0.096556730799402,0.1621004101342666,0.0,-0.6491346023875935,27.85,-6.81,12.65,24.27,78.34,UNDERVALUED
BAH,Industrials (S&P 400),2025-02-27,0.1515282427907982,0.07,0.442689864303657,0.1515282427907981,0.0053195734321953,0.1444771525863798,0.056043571293317,0.0942381066353155,0.0,-0.222820121139762,-39.61,-28.13,-23.09,29.99,-28.45,OVERVALUED
AVAV,Industrials (S&P 400),2025-02-27,0.3259431379223585,0.0921172646211191,1.1165182183395117,0.3259431379223586,0.0149912926536749,1.0459572114333036,0.8697331211729165,0.284055313978626,0.2879440258342303,0.0031885344602916,20.31,-14.57,19.72,54.92,5.22,UNDERVALUED
AYI,Industrials (S&P 400),2025-02-27,-0.0208228717280053,0.0908473142982817,1.1564858196694845,-0.028136227923688,0.0225976362285903,0.3641759812483857,0.3650065909831711,0.0829999766876961,0.0,0.0296062465226044,45.32,19.0,19.82,27.7,14.65,UNDERVALUED
BC,Consumer Discretionary (S&P 400),2025-02-27,-0.0603035730013798,0.07,0.9581619902715892,-0.0603035730013798,0.2281243958812134,3.933978502885332,2.821919719920761,0.7352912683084958,1.0,-0.5365349737760605,4.89,-24.18,-28.69,32.62,39.65,UNDERVALUED
BCO,Industrials (S&P 400),2025-02-27,0.0747657369639509,0.07,1.012545500452529,0.074765736963951,0.0928116241257023,3.2243996319647388,2.2093523161484505,0.6650102349634556,0.9883040935672516,-0.6690931954530319,11.76,-15.1,15.8,25.42,24.74,UNDERVALUED
BBWI,Consumer Discretionary (S&P 400),2025-02-27,-0.0173280423280423,0.0745053855690668,1.1349581442595584,-0.0173280423280423,0.1544678766250854,2.806002554539931,2.213327371399576,0.6058215629859555,0.9894651539708266,-0.58048874284091,-16.26,4.48,-22.7,46.06,-42.62,OVERVALUED
BDC,Information Technology (S&P 400),2025-02-27,-0.0362177415177912,0.0884546509550619,1.4405897503137968,-0.0362177415177912,0.0651797805180647,0.7699671393060282,0.7714399282135109,0.2243760073109725,0.174757281553398,-0.1596144915623253,46.46,0.34,27.9,31.42,16.01,UNDERVALUED
BJ,Consumer Staples (S&P 400),2025-02-27,0.0338347614426282,0.07,0.5149041562817388,0.0338347614426281,0.0136282698048603,0.2317396681897622,0.1143278060205127,0.0681412210192224,0.0,-0.2224936490049965,15.0,21.91,37.33,28.32,-8.53,OVERVALUED
BMRN,Health Care (S&P 400),2025-02-27,0.1541894020101726,0.07,0.5108754303318241,0.1541894020101725,0.0415188228018334,2.450886950653592,1.8460960418960035,0.536734761055452,0.9657258064516128,-0.0261296781485876,-41.76,-23.59,-23.78,32.06,-2.08,FAIRLY VALUED
BURL,Consumer Discretionary (S&P 400),2025-02-27,0.1177650965159393,0.0732137283168316,1.1131291770864429,0.1177650965159393,0.0171745494644179,0.6201023525626601,0.4615086148755649,0.2126765301778737,0.0157342657342657,-0.249796377552112,-21.73,-12.97,17.44,34.97,37.24,UNDERVALUED
BRKR,Health Care (S&P 400),2025-02-27,0.1714150235112814,0.0730155098824084,0.9652233673343674,0.1714150235112814,0.0893337382577396,6.143451982570438,5.006714151104447,1.8383142614253536,1.0,-0.1295044397506007,-43.49,-25.2,-42.77,39.84,26.38,UNDERVALUED
BSY,Information Technology (S&P 400),2025-02-27,0.1176718388618864,0.0825036139724385,1.057611905846291,0.1176718388618865,0.0311297374059106,1.1014547487220243,1.0355715354010522,0.3935023082844189,0.4641724793912492,-0.1162739688592437,21.13,-15.02,-10.53,27.73,-16.53,OVERVALUED
BYD,Consumer Discretionary (S&P 400),2025-02-27,0.05150368020044,0.07,0.8458829542107124,0.05150368020044,0.0895502887457059,2.8670666125311346,2.0058427120093847,0.5622118495509615,0.9748953974895398,-0.472508093313974,23.87,27.22,20.82,28.56,8.25,UNDERVALUED
BWA,Consumer Discretionary (S&P 400),2025-02-27,0.1237039968341906,0.07,1.013446141196806,0.1237039968341907,0.0651308678719008,3.013233802387825,2.141910781695372,0.6848523020250418,0.9769008662175168,-0.3592221413824374,-24.44,-11.44,-2.21,28.86,123.33,UNDERVALUED
BWXT,Industrials (S&P 400),2025-02-27,0.1180002633424608,0.0834789317434383,1.083356937252798,0.1180002633424607,0.0146644193919946,0.4384490843835679,0.4163724314904754,0.1678167996607069,0.000611620795107,-0.1227708046586532,54.55,0.92,15.46,33.27,55.03,UNDERVALUED
CACI,Industrials (S&P 400),2025-02-27,0.14282423425367,0.07,0.554283613814761,0.1428242342536701,0.0660818125169704,3.502177305212913,2.519784736519504,0.7637524595309307,0.9961277831558568,-0.2384732781154788,-14.66,-29.58,-9.6,28.13,92.58,UNDERVALUED
CBT,Materials (S&P 400),2025-02-27,-0.0385827787257774,0.0842160832048968,1.1611169321640575,0.0160264563724243,0.0770858051505776,0.8897979433820027,0.8574197614202982,0.2500475852518771,0.2758409785932721,-0.2243528858741841,-7.35,-16.76,3.72,31.51,2.94,FAIRLY VALUED
CCK,Materials (S&P 400),2025-02-27,-0.0720852970717762,0.07,0.3725261557507258,-0.0720852970717762,0.0512548423166253,0.3230331252531487,0.1024139177418585,0.1557755306536436,0.0,-0.6144934683186591,9.1,-1.72,14.78,21.26,36.04,UNDERVALUED
CHDN,Consumer Discretionary (S&P 400),2025-02-27,0.3602055475743175,0.07,0.8600683965651145,0.3602055475743176,0.0253761282899369,5.141684413058287,2.1667324070561427,0.7850430100287724,0.91937069813176,-0.5400081658107447,-5.19,-14.46,-3.12,23.37,-20.29,OVERVALUED
CHE,Health Care (S&P 400),2025-02-27,0.0606352428590097,0.07,0.2913561842485351,0.0606352428590097,0.0061190114806425,0.2518940822773663,0.1910654317241876,0.0394236551066916,0.0,0.0142409814970046,6.79,3.51,-1.42,24.24,-8.05,OVERVALUED
CELH,Consumer Staples (S&P 400),2025-02-27,1.0165329465547948,0.0907348779051561,1.0768049364786396,1.0165329465547943,0.0065567993099264,8.482860093353151,0.6134501913761583,0.1390020843693912,0.0005580357142857,0.1251285531792886,-64.36,-34.7,-61.51,70.25,25.2,UNDERVALUED
CHH,Consumer Discretionary (S&P 400),2025-02-27,0.1014416358940304,0.07,0.5120016861619813,0.1014416358940303,0.1157226298713402,5.369006023762715,3.889381448447571,1.1227770714347436,1.0,-0.2369004849619503,13.29,13.42,28.87,24.62,-22.55,OVERVALUED
CHRD,Energy (S&P 400),2025-02-27,0.0685114102962767,0.07,0.5807409533754717,0.0685114102962766,0.1779956787988073,7.166800947743889,5.296958733577546,1.1977015812107523,1.0,-0.0502880125786322,-6.87,-21.87,-25.64,25.95,41.97,UNDERVALUED
CLF,Materials (S&P 400),2025-02-27,-0.0431945713167166,0.088343733919837,1.3973299449241066,-0.0431945713167166,0.2946026373938263,3.714669497689651,3.645208374626156,1.029496983915459,1.0,-0.5425076784642253,12.85,-23.63,-48.19,51.47,0.09,FAIRLY VALUED
CNH,Industrials (S&P 400),2025-02-27,0.0482357437051506,0.07,0.7116681679186203,0.0482357437051505,0.5366656308470622,18.14632612049581,13.065910724319613,3.197980426419627,1.0,-1.4574021825728478,-12.12,25.64,10.94,31.25,-11.6,OVERVALUED
CLH,Industrials (S&P 400),2025-02-27,0.046945140958134,0.0802783489895078,1.0654441130972816,0.046945140958134,0.0342366893465215,0.7375383966866469,0.6446430196054053,0.2017133996845362,0.0490921318090114,-0.1801410486432762,63.44,-13.85,15.22,27.24,52.93,UNDERVALUED
CMC,Materials (S&P 400),2025-02-27,-0.0570197532984667,0.0856769234590102,1.2424121193659343,-0.0992735637220748,0.0369612740373081,0.4662521974606077,0.4539523168321994,0.123848336902907,0.0,-0.0604471208965445,50.13,-8.14,-8.96,32.27,35.74,UNDERVALUED
CNM,Industrials (S&P 400),2025-02-27,0.0076680198466396,0.0903488607370901,1.3435387366412417,0.0076680198466396,0.123094290880858,1.879957574981508,1.865391390742961,0.5262052597260385,0.9895027624309392,-0.2116021190877802,132.2,0.65,7.86,41.85,-12.89,OVERVALUED
COKE,Consumer Staples (S&P 400),2025-02-27,0.073037274730336,0.07,0.5543111936489308,0.0730372747303359,0.0133696253469206,0.5632532063876621,0.4168308821615065,0.1052624097465102,0.0,-0.0076836194134369,92.37,5.43,69.16,32.96,35.29,UNDERVALUED
CROX,Consumer Discretionary (S&P 400),2025-02-27,0.1145889504456418,0.0880710367957249,1.2579320108031715,0.1145889504456418,0.1719466974796489,5.500146719265147,5.467523655831633,1.859106446919076,1.0,-0.302697952783335,-28.44,-29.56,-16.71,46.92,22.04,UNDERVALUED
CRS,Industrials (S&P 400),2025-02-27,0.2259115016858646,0.1052788818775616,1.4616503194580772,0.0821079872956122,0.0078573223921338,0.2301148997302693,0.247310133086103,0.1075244262997684,0.0,-0.0511945111891915,74.89,38.3,207.26,43.53,147.34,UNDERVALUED
CRUS,Information Technology (S&P 400),2025-02-27,-0.0572965988394919,0.1079677174989161,1.5292457339932417,-0.0572965988394918,0.0308159342296172,0.3504154141450672,0.3627528965989705,0.074232112909817,0.0,0.0634503633681387,-29.07,-28.57,12.16,37.43,14.16,UNDERVALUED
CVLT,Information Technology (S&P 400),2025-02-27,0.0696631361602875,0.1108062093180774,1.5298870538598257,0.0696631361602875,0.0158039925836968,0.3155811442209497,0.3290522659331955,0.0774409074413474,0.0,0.0409428777028158,195.32,11.32,77.92,47.37,-21.94,OVERVALUED
DCI,Industrials (S&P 400),2025-02-27,0.041435739236779,0.0747003904712709,0.793412120592239,0.0453247056080214,0.0602684941811538,1.7843933394702096,1.4764002736168835,0.3459103243134805,0.9209896249002394,-0.0382600618385937,-4.93,-8.49,2.21,19.5,39.74,UNDERVALUED
DAR,Consumer Staples (S&P 400),2025-02-27,0.0391714649450629,0.07,0.6107020361007384,0.0391714649450629,0.1070566818963887,2.929367793743547,1.980242940018724,0.5656734854555063,0.9616895874263262,-0.7668804569938961,-26.3,-11.07,-13.9,41.06,84.0,UNDERVALUED
DINO,Energy (S&P 400),2025-02-27,-0.1633555817301401,0.07,0.7021824075048823,-0.16335558173014,0.3630582511115761,3.5621675057187985,4.019914211799113,0.8319850992172778,1.0,-0.2817934798905234,18.16,-25.39,-38.68,32.99,186.01,UNDERVALUED
DKS,Consumer Discretionary (S&P 400),2025-02-27,0.0498214048643141,0.0760898689333934,1.0923917381079624,0.0498214048643141,0.0647338382765094,1.8403072071752824,1.5248713138354326,0.3987355013966779,0.9161538461538462,-0.1430491836257327,54.41,-5.17,27.8,39.62,-16.23,OVERVALUED
DLB,Information Technology (S&P 400),2025-02-27,0.00791575576947,0.07,0.590284658689147,-0.0200216350296673,0.0533791494991866,1.6369941170753972,1.233166674971968,0.2438121510494855,0.8041884816753927,0.0580702195731393,16.14,14.46,1.35,26.02,-18.27,OVERVALUED
DOCN,Information Technology (S&P 400),2025-02-27,0.2022515191160496,0.0891500851881337,1.8640796173396383,0.2022515191160497,0.117223153482496,5.315515523827966,5.453938755003536,2.33429960984316,1.0,-0.3472134833112998,-28.97,14.44,13.77,50.02,167.74,UNDERVALUED
EEFT,Financials (S&P 400),2025-02-27,0.098011194474217,0.07,0.9260868488407752,0.0980111944742169,0.055704613716613,2.598667284941377,1.887817674012602,0.5040975287738879,0.9857578840284842,-0.0506503171580662,-15.19,-4.8,-6.96,26.12,-31.25,OVERVALUED
DY,Industrials (S&P 400),2025-02-27,0.0963937673528054,0.0886451124242939,1.2325633395385551,0.0963937673528054,0.0384689818521327,0.9374877582034586,0.9395824135035246,0.3253836985240186,0.375,-0.1662127687850032,14.04,-6.1,32.25,38.88,146.86,UNDERVALUED
EHC,Health Care (S&P 400),2025-02-27,0.1040794738536541,0.07,0.5029896922773495,0.104079473853654,0.0171293052026826,0.5539831385896047,0.3275170106544089,0.1622530469907355,0.0,-0.2875996612899701,23.84,10.31,34.16,21.5,21.74,UNDERVALUED
ENS,Industrials (S&P 400),2025-02-27,-0.0341661860243506,0.07,0.6881093034592615,-0.0341661860243505,0.1012897962732669,2.1667459812035563,1.6050658899221166,0.3505189704636268,0.955955955955956,-0.1429042158432608,-10.02,3.8,14.0,26.47,88.19,UNDERVALUED
ENSG,Health Care (S&P 400),2025-02-27,0.2326539232938507,0.07,0.3869492708272394,0.2326539232938507,0.0091160166177343,0.5932144681993602,0.3859942003111173,0.1858427326281925,0.0,-0.1817896353221004,39.17,-10.38,7.25,24.13,35.89,UNDERVALUED
ELS,Real Estate (S&P 400),2025-02-27,0.0213265471619756,0.07,0.0786703637945237,0.0213265471619757,0.016937171060387,0.2389467118039821,0.1018032423508254,0.0782375373861829,0.0,-0.2902503088008046,3.68,-1.6,5.63,19.57,0.76,FAIRLY VALUED
ELF,Consumer Staples (S&P 400),2025-02-27,0.768925651816379,0.1005550929944424,1.4002042194617017,0.7689256518163788,0.0462500046353721,19.580299776221025,2.9322480624961798,0.87485081064929,0.9989754098360656,-0.0469508397584313,-56.69,-53.79,-65.4,65.3,40.86,UNDERVALUED
ESAB,Industrials (S&P 400),2025-02-27,0.0699006739978715,0.0906287422223149,1.2492598847690914,0.0699006739978715,0.0432338124353791,0.8838205038332075,0.8866031064755545,0.2813559501662498,0.3029460811561978,-0.1364304278571916,77.1,20.97,28.98,30.77,-36.34,OVERVALUED
FBIN,Industrials (S&P 400),2025-02-27,-0.0204954478085962,0.073027792475876,0.9901079043418742,-0.0204954478085962,0.0532199130963862,0.88933188454346,0.6480767956344873,0.2028404217961107,0.0357142857142857,-0.3063941290381577,42.33,-17.5,-19.17,30.21,-28.87,OVERVALUED
EXP,Materials (S&P 400),2025-02-27,0.051780459566243,0.0966213112800134,1.4374689746680982,0.0517804595662429,0.0609193189891612,1.0566887129789342,1.10936495551658,0.3452755744879801,0.555671719811814,-0.1427399422076231,30.23,-12.21,-10.32,31.63,-8.88,OVERVALUED
FCFS,Financials (S&P 400),2025-02-27,0.154951625941482,0.07,0.5837833159835593,0.1549516259414821,0.1263594639405108,7.200995499663378,5.295183646859004,1.6592906909428968,1.0,-0.3641460200694674,17.0,-3.95,-3.27,26.52,88.31,UNDERVALUED
EXLS,Industrials (S&P 400),2025-02-27,0.1548280365201084,0.0766373231511172,0.7958162087660593,0.1548280365201084,0.0242835086126265,1.2482623910595547,1.0799259430082773,0.3578658004665015,0.5265486725663717,-0.0167410261573954,20.0,33.27,59.94,25.15,-23.5,OVERVALUED
FCN,Industrials (S&P 400),2025-02-27,0.1519801855982421,0.07,0.3174376997758179,0.151980185598242,0.0597648914981098,3.53722125465605,2.677827297893196,0.7938444089461308,0.998984771573604,0.007785108183575,-11.94,-25.9,-23.72,25.81,-6.89,OVERVALUED
FHI,Financials (S&P 400),2025-02-27,0.1132649151273954,0.07,0.45030397588181,0.1132649151273953,0.0948533584755303,5.171318604908699,3.895534704029505,1.1296120225511102,1.0,-0.0240605121146673,-16.47,14.24,14.5,18.49,72.39,UNDERVALUED
FN,Information Technology (S&P 400),2025-02-27,0.0898709643030095,0.1448936909941869,2.2944015381237843,0.0898709643030095,0.0004364597665265,0.0628393664726756,0.0630029474001828,0.0011644208028014,0.0,0.0573933196537773,25.73,-20.75,-3.54,57.02,127.88,UNDERVALUED
FLS,Industrials (S&P 400),2025-02-27,0.1951406868928278,0.0878790974048237,1.2376987630943488,0.1951406868928279,0.0291719072857886,1.1573995349347814,1.1755615015109644,0.47693901760739,0.580046403712297,-0.123200833931645,24.74,11.57,29.91,26.76,46.65,UNDERVALUED
FND,Consumer Discretionary (S&P 400),2025-02-27,0.035036216667335,0.0744206784493207,0.9497851206650034,0.0350362166673349,0.022904757360346,0.5216284613260725,0.3952965649123037,0.1185582505669193,0.0,-0.1539376366200004,36.18,-12.71,-19.68,38.72,-43.5,OVERVALUED
FOUR,Financials (S&P 400),2025-02-27,0.2866171749598716,0.0883149897823232,1.4822086456860848,0.2866171749598716,0.0532141706449633,3.2035785184207253,2.8529645527520358,1.0249697921436551,0.9852857951329936,-0.217400926577453,27.32,20.03,26.9,48.95,-50.91,OVERVALUED
FLR,Industrials (S&P 400),2025-02-27,0.1258731082654249,0.0939440456705277,1.4260246103760137,0.1258731082654249,0.0146912797147426,0.6325225904729935,0.6497980059274385,0.1394999179392631,0.0212426978226234,0.2138947727875068,22.6,-24.64,3.41,38.65,39.69,UNDERVALUED
G,Industrials (S&P 400),2025-02-27,0.024184818167759,0.07,0.5745702725616216,0.0241848181677591,0.0849852966569129,2.5635176883825816,1.8775468323508413,0.410944915707626,0.9940476190476192,-0.0993490553509626,-7.84,34.57,50.61,29.3,-28.37,OVERVALUED
GAP,Consumer Discretionary (S&P 400),2025-02-27,-0.0465548155737705,0.0704501025336892,1.4778072352857774,-0.0465548155737704,0.0773367702784062,1.1746306300675975,0.7869848705893792,0.2498942064684091,0.216796875,-0.443840780734922,-47.65,-1.37,18.06,53.49,-9.07,OVERVALUED
GEF,Materials (S&P 400),2025-02-27,-0.0779891231280561,0.07,0.9706370332104672,0.0430148731827653,0.1144093826503571,1.258004977759283,0.7502404375044224,0.3424350983890837,0.2288049029622063,-0.92422525499606,31.1,-11.09,-7.73,26.36,64.84,UNDERVALUED
GGG,Industrials (S&P 400),2025-02-27,0.0242988055633697,0.0759937156422552,0.744893383916732,0.0242988055633698,0.0158808135824369,0.4555349441355922,0.393219218624623,0.0769635495157593,0.0,0.0344614203934948,20.95,5.92,-2.75,19.41,-3.07,FAIRLY VALUED
GLPI,Real Estate (S&P 400),2025-02-27,0.0981234061531541,0.07,0.3611166216011144,0.0981234061531541,0.0551875864217504,2.1199602146907752,1.43479500286046,0.5200139733269177,0.7868852459016393,-0.5063479415448856,2.86,0.76,19.36,17.98,-3.2,FAIRLY VALUED
GHC,Consumer Discretionary (S&P 400),2025-02-27,0.1249547393765257,0.0774695866363326,1.079721432092213,0.1249547393765258,0.0533639695665634,1.961107037737982,1.684666456699346,0.559868356074584,0.910480349344978,-0.2495499672421736,38.86,25.82,42.94,28.99,18.96,UNDERVALUED
GPK,Materials (S&P 400),2025-02-27,-0.0012711864406779,0.07,0.724874472672928,-0.0012711864406779,0.1775449163504236,4.034781938446838,2.8455105686561764,0.7493626649829261,0.999028182701652,-0.6848547125663835,-9.19,-10.98,2.22,24.26,-53.77,OVERVALUED
GXO,Industrials (S&P 400),2025-02-27,0.087290114533526,0.07,0.8351486219416893,0.087290114533526,0.0423660930119127,1.0819942719946378,0.5985557117339725,0.3344782684158844,0.1314459049544994,-0.7644982481040872,-13.6,-19.62,-24.08,40.47,14.14,UNDERVALUED
HAE,Health Care (S&P 400),2025-02-27,0.1201333150788082,0.07,0.5339179320122766,0.1201333150788082,0.045136019608946,2.106514690468846,1.5343578629439885,0.4653147484223489,0.880859375,-0.1918028794241097,-20.14,-15.8,-13.07,34.75,67.6,UNDERVALUED
HALO,Health Care (S&P 400),2025-02-27,0.2562231486587205,0.07,0.8444531404649078,0.2562231486587206,0.0371133301552743,3.78927048157707,2.65611607457,0.9602810022391652,0.9661016949152542,-0.1887830512991584,-30.12,-8.7,44.83,39.43,83.92,UNDERVALUED
HLNE,Financials (S&P 400),2025-02-27,0.0474493761737522,0.0995171985054008,1.347737788180724,0.0474493761737522,0.0350016010960334,0.6120297318682667,0.6442365225875234,0.1817719471053946,0.0480620155038759,-0.0268488659513705,83.31,-0.66,31.55,30.84,-29.44,OVERVALUED
H,Consumer Discretionary (S&P 400),2025-02-27,0.1317263622474962,0.0813106926632164,1.0998116591719875,0.1317263622474961,0.0673521005381156,2.426996454475595,2.231156358877081,0.7219397769773062,0.9888304862023654,-0.17459439368056,52.67,-6.19,-7.83,27.61,29.72,UNDERVALUED
HRB,Consumer Discretionary (S&P 400),2025-02-27,0.039791082560405,0.07,0.4796869464067674,0.039791082560405,0.0994380447732719,3.314089709839597,2.449672816045446,0.5332289224455548,1.0,-0.1291098546006908,45.82,-16.47,9.1,28.51,5.14,UNDERVALUED
IDCC,Information Technology (S&P 400),2025-02-27,0.2005137682014182,0.0737974117385919,0.7587821931995339,0.2005137682014181,0.2018828615223024,16.347593621205306,13.660161800282747,5.4393220639046405,1.0,-0.0355519164351943,160.5,56.57,97.87,31.98,65.33,UNDERVALUED
ITT,Industrials (S&P 400),2025-02-27,0.0988385714763864,0.1010282897776251,1.3444599466426967,0.0988385714763865,0.022933872261952,0.544454307817423,0.5730704533247459,0.1718134767663257,0.0250127616130678,0.0178953580114918,54.7,3.21,13.56,25.55,49.91,UNDERVALUED
JEF,Financials (S&P 400),2025-02-27,0.040862393788003,0.0983551809427781,1.3496392529695873,0.040862393788003,0.1100414638733474,1.3901940017138603,1.4594390358148404,0.5289663543308384,0.807235142118863,-0.5787290037643643,36.51,11.84,60.83,29.5,-16.57,OVERVALUED
KNX,Industrials (S&P 400),2025-02-27,-0.0386097912091433,0.07,0.8124093726962448,-0.0386097912091432,0.1004063528031252,1.95603500872726,1.3778416956603854,0.3429406894835365,0.8528528528528528,-0.3916867404297456,69.67,-4.49,-13.71,28.96,44.75,UNDERVALUED
KEX,Industrials (S&P 400),2025-02-27,0.1102021938023969,0.0825594128869225,1.127553649063418,0.1102021938023969,0.0478360913634233,1.4307587093401883,1.315687713442323,0.4424131614873957,0.7382001258653241,-0.1927107102113991,4.86,-13.37,17.14,29.48,36.05,UNDERVALUED
KRG,Real Estate (S&P 400),2025-02-27,0.0241223148245128,0.07,0.5056973462436284,0.0241223148245128,0.0991120113835358,2.5565962724840023,1.701133546842218,0.479070917168599,0.9208211143695014,-0.6208691450781582,3.43,-12.78,10.01,20.8,28.16,UNDERVALUED
LAD,Consumer Discretionary (S&P 400),2025-02-27,0.1012672148943869,0.07,1.0368318445845697,0.1012672148943869,0.0897317799920508,3.2278259234508004,2.1407123801702865,0.8852510803515558,0.9073120494335736,-1.1149579994732173,51.51,15.54,18.27,34.08,9.02,UNDERVALUED
KTOS,Industrials (S&P 400),2025-02-27,0.154514082155182,0.0925171653732294,1.244726041702476,0.154514082155182,0.0163093400046744,0.4696530019987888,0.4915264225464504,0.1914238222385947,0.017684887459807,-0.0731958244304025,-18.97,17.8,40.63,40.03,113.86,UNDERVALUED
LAMR,Real Estate (S&P 400),2025-02-27,0.0387999842530535,0.07,0.7297174016688381,0.0387999842530534,0.0661940974842934,1.8792238948135191,1.290338749252233,0.352122795644123,0.7847847847847848,-0.3980345381317426,22.85,1.88,16.92,20.85,33.42,UNDERVALUED
LEA,Consumer Discretionary (S&P 400),2025-02-27,0.1232750161548954,0.07,0.8329358355789882,0.1232750161548955,0.0723147792819503,3.4087099944267742,2.39753370723028,0.7309462588147423,0.9980353634577604,-0.3282073640611722,-25.3,-16.09,-27.18,27.16,35.9,UNDERVALUED
LECO,Industrials (S&P 400),2025-02-27,0.1144378765243427,0.0848363379780536,1.071643106044042,0.1144378765243428,0.0303604503634762,1.0394512624311296,1.0155261096916235,0.3590026632017709,0.4462462462462462,-0.0620692054284823,16.61,5.81,-17.87,29.13,37.64,UNDERVALUED
LFUS,Information Technology (S&P 400),2025-02-27,-0.0601615738433197,0.0927850771643108,1.3602429082326353,-0.0601615738433197,0.030759047250527,0.3109846214392081,0.3202442628327587,0.0977026825590543,0.0,-0.0657380623095617,29.52,-12.23,-0.94,27.87,78.49,UNDERVALUED
LOPE,Consumer Discretionary (S&P 400),2025-02-27,0.0544197009566489,0.0784121045979888,0.831868676526533,0.054419700956649,0.0209651206462063,0.6295019866325081,0.5532263637661493,0.1367938613135292,0.0,0.0088427536248859,57.39,25.54,33.47,25.33,-17.91,OVERVALUED
LSTR,Industrials (S&P 400),2025-02-27,-0.286858362775702,0.07,0.5846888558000843,-0.286858362775702,0.0320618816051757,0.1881029641210056,0.4022280479276475,0.0590776795065812,0.0,0.0643870848281777,54.4,-12.3,-18.26,22.72,20.42,UNDERVALUED
LSCC,Information Technology (S&P 400),2025-02-27,0.1162978756912938,0.1543579544908178,2.511382075167026,0.1162978756912937,0.0248843562932525,0.34743948680204,0.3571882959434193,0.0831125560196369,0.0,0.0134667328827921,-18.3,29.15,-18.39,53.14,94.12,UNDERVALUED
MIDD,Industrials (S&P 400),2025-02-27,-0.1960802935291715,0.07,0.8113907500009954,-0.1960802935291715,0.0654551171787883,0.3475520062446743,0.5250384626418584,0.15822173527522,0.0041025641025641,-0.3130832974215194,13.95,16.07,6.37,31.54,-14.33,OVERVALUED
MMS,Industrials (S&P 400),2025-02-27,0.0704181154326937,0.07,0.5413805580481887,0.0818534687346576,0.0615189210429307,2.240359593061629,1.5957996083709247,0.4359655569134997,0.9116751269035532,-0.280066002122411,-34.84,-27.37,-19.52,22.59,-10.75,OVERVALUED
MORN,Financials (S&P 400),2025-02-27,0.0898107559071954,0.0701722329334281,0.7079953230644337,0.0898107559071955,0.0182172593786929,0.7362545371621336,0.527957380159709,0.1397654132271166,0.0,-0.0626820421146706,9.66,0.33,5.97,20.08,-29.16,OVERVALUED
MSA,Industrials (S&P 400),2025-02-27,0.1699620341725169,0.0728174844147834,0.7639539011492668,0.1699620341725171,0.0353555015836663,1.9855687164869715,1.5812223251991389,0.5249351200709599,0.8842105263157894,-0.0798748402622647,16.32,-8.29,-9.9,20.05,18.42,UNDERVALUED
MTDR,Energy (S&P 400),2025-02-27,-0.118584202015892,0.07,0.7821567717936379,-0.118584202015892,0.157892083423763,1.819948096340088,1.5726256174571276,0.4121745134914393,0.9294003868471954,-0.3719460521428797,33.97,-7.78,-14.64,32.92,17.14,UNDERVALUED
MTN,Consumer Discretionary (S&P 400),2025-02-27,0.0687550413610189,0.07,0.6631536083337701,-0.0014442624743715,0.1559605413215396,5.971071452822335,4.280537546802143,1.1816024269219385,1.0,-0.5128182293737507,-14.24,-11.01,-28.67,29.6,5.56,UNDERVALUED
MLI,Industrials (S&P 400),2025-02-27,-0.1411466042930805,0.0991220432624505,1.2712068240444665,-0.1411466042930805,0.0091161510653843,0.1830774387628107,0.2028429833283844,0.0175601966284284,0.0,0.1283781064220343,188.34,13.54,55.55,33.91,59.96,UNDERVALUED
MOG-A,Industrials (S&P 400),2025-02-27,0.0903242514763442,0.1073369774086096,1.6646486315057103,0.0882850500122128,0.014208208346138,0.1219850321813278,0.1388009139889819,0.0793897421489858,0.0,-0.1526160592862668,36.46,-12.91,13.06,34.03,129.23,UNDERVALUED
MSM,Industrials (S&P 400),2025-02-27,0.0173284299853695,0.0762228294892747,0.8989689319581678,-0.0469737474191139,0.092185688836409,2.2090736635560235,1.852423199486412,0.4310442735195036,0.9930286599535244,-0.1284962197389798,13.61,-1.29,-17.4,28.03,56.98,UNDERVALUED
MTSI,Information Technology (S&P 400),2025-02-27,0.039511495452188,0.1295872282905414,2.103868575988012,0.1251852617260455,0.0103123315795311,0.0775745007040269,0.0818063520030437,0.0252399759753558,0.0,-0.0418886797322735,118.95,7.86,31.38,42.53,136.08,UNDERVALUED
MTZ,Industrials (S&P 400),2025-02-27,0.2268242361095345,0.1039905587713236,1.882083708354186,0.2268242361095344,0.0486046802773851,1.4905103161484057,1.6141835415408607,0.7170453602073038,0.8123732251521298,-0.2950127988282559,18.77,15.05,70.81,42.94,114.35,UNDERVALUED
MUSA,Consumer Discretionary (S&P 400),2025-02-27,-0.0817492034922652,0.07,0.5104829267855472,-0.0817492034922652,0.049495294700427,0.5462792976891636,0.3750199540040848,0.1347553275826887,0.0,-0.2263335426485824,59.73,-10.94,11.52,24.13,24.83,UNDERVALUED
MUR,Energy (S&P 400),2025-02-27,-0.1827631310809594,0.07,0.4870435590252445,-0.1827631310809594,0.1254709769492886,0.8982222644900427,1.1823136072835492,0.310113084664898,0.6950207468879668,-0.4649893732261927,-13.61,-27.99,-30.87,29.69,53.46,UNDERVALUED
NBIX,Health Care (S&P 400),2025-02-27,0.2676160408410022,0.07,0.6390461127447347,0.2676160408410022,0.0218684238086228,2.1515524942585884,1.4599980952296905,0.4657655549146082,0.8273170731707317,-0.0152868058116797,-34.61,-22.97,-13.61,37.79,30.14,UNDERVALUED
NEU,Materials (S&P 400),2025-02-27,-0.0240089785912104,0.07,0.6921712453507682,-0.0240089785912104,0.1021726667433694,2.2229925363174097,1.6390039792165914,0.3386595105081924,0.9771598808341608,-0.1180917457914041,17.68,2.43,-9.9,23.79,68.99,UNDERVALUED
NOV,Energy (S&P 400),2025-02-27,0.1859886693381236,0.07,0.923054166575144,0.1859886693381235,0.0686405734964381,4.89599429822912,3.666530150423004,1.3856245788189507,1.0,-0.2785963459588281,-50.27,-15.41,-11.4,32.1,42.52,UNDERVALUED
NYT,Communication Services (S&P 400),2025-02-27,0.0510461933154011,0.0720867069418037,0.6642474039552063,0.0510461933154011,0.0274769598046162,0.9716328722613202,0.7659080047236024,0.1598304319367696,0.0814061054579093,0.0318831949181961,24.27,-13.01,10.36,23.36,38.94,UNDERVALUED
NXST,Communication Services (S&P 400),2025-02-27,-0.0533486854730378,0.07,0.643364259690643,-0.0533486854730378,0.1560407205522856,1.886364156154887,1.121596331353204,0.5103054885125247,0.5782178217821782,-1.2979420243173327,1.19,-1.74,4.5,31.83,21.88,UNDERVALUED
OGS,Utilities (S&P 400),2025-02-27,-0.0799125680516523,0.07,0.352505718544761,-0.0799125680516523,0.1846996370264516,2.726883470123822,1.9337080887779672,0.5805477789413386,0.9638318670576737,-0.7607994663143197,-12.27,9.93,30.48,20.27,15.54,UNDERVALUED
OC,Industrials (S&P 400),2025-02-27,-0.1423009937506403,0.084535513114073,1.299731729082659,-0.1423009937506403,0.0879924546162683,0.6204000548457841,0.8044334398206315,0.2065532724416428,0.1858622790981109,-0.1294752241979825,64.54,-8.41,3.61,29.85,0.21,FAIRLY VALUED
NVT,Industrials (S&P 400),2025-02-27,0.1628687203171974,0.1101546541533836,1.850441237424604,0.1628687203171975,0.0429319100588492,0.9886759218446382,1.0861182421797415,0.4645072230420531,0.4896933132227249,-0.174645293523955,33.36,-9.14,-8.58,39.08,160.82,UNDERVALUED
OLN,Materials (S&P 400),2025-02-27,-0.2712399479533286,0.07,0.9177073657189796,-0.2712399479533286,0.3761630967672604,1.0425352336268576,3.490588712489404,0.8233563568235356,1.0,-0.9957839639711296,17.96,-43.1,-51.21,33.0,-21.82,OVERVALUED
OPCH,Health Care (S&P 400),2025-02-27,0.0906496887623629,0.07,0.7060357834235678,0.090649688762363,0.0483569584156385,2.068708670688376,1.499344549906898,0.4144471833942121,0.8888888888888888,-0.1419213357857161,-28.1,6.55,1.34,39.57,-29.25,OVERVALUED
OVV,Energy (S&P 400),2025-02-27,-0.1268453145057766,0.07,0.679588465344513,-0.1268453145057766,0.1850803889799756,1.851867785394662,1.6756331880357096,0.4398058937475342,0.9495548961424332,-0.5931046887177515,20.62,1.35,-3.68,31.56,60.9,UNDERVALUED
PAG,Consumer Discretionary (S&P 400),2025-02-27,0.1115125760386557,0.07,0.872460681171058,0.1115125760386556,0.0952596312968899,4.148489365655197,2.9118900077522856,0.997863106144227,0.9877800407331976,-0.7210769272589747,47.76,-0.13,12.16,24.41,37.16,UNDERVALUED
OSK,Industrials (S&P 400),2025-02-27,0.1661313692344843,0.0902193333669297,1.1392052417387373,0.1661313692344844,0.1868444790168519,7.278938206825909,7.349903083081027,2.8286502823914903,1.0,-0.0999254817879972,-41.86,-3.8,-5.83,34.77,54.42,UNDERVALUED
PFGC,Consumer Staples (S&P 400),2025-02-27,0.0701151762579748,0.07,0.8751115751715072,0.017928659131914,0.0509721102837386,1.6575449813757792,1.120827302689574,0.3365550609842384,0.614519427402863,-0.3881965056769612,-6.92,10.59,8.0,24.39,25.58,UNDERVALUED
PBF,Energy (S&P 400),2025-02-27,-0.1816238631825976,0.0714270552209711,0.727136411381531,-0.1816238631825976,0.5026550774287404,3.723900003063405,5.1893458663682255,0.9879585230326436,1.0,-0.10611148078236,-36.77,-33.03,-53.71,43.82,241.0,UNDERVALUED
PII,Consumer Discretionary (S&P 400),2025-02-27,0.040214227500291,0.07,0.7989992329928695,0.040214227500291,0.0683304985919635,1.6546666321524808,1.0612451951727038,0.3687410439234262,0.5515151515151515,-0.7173567874746328,-37.81,-46.41,-49.77,37.04,54.89,UNDERVALUED
PLNT,Consumer Discretionary (S&P 400),2025-02-27,0.1436358046568429,0.070494150555116,0.9184387418016564,0.1436358046568428,0.0346151373010817,1.7975852335429212,1.2941911832864672,0.4817740347976518,0.7080867850098619,-0.2635389907893041,12.39,11.79,43.91,31.27,-41.87,OVERVALUED
POST,Consumer Staples (S&P 400),2025-02-27,0.1636279227381414,0.07,0.1361778366615617,0.1332713488771277,0.1251906190557014,6.844535096038351,4.914463161720201,1.825681121109779,0.9990059642147118,-0.9555706037249292,20.97,-2.46,8.85,17.52,-30.12,OVERVALUED
PR,Energy (S&P 400),2025-02-27,0.4643383155074567,0.07,0.8141054176134838,0.4643383155074568,0.1419582716039834,31.16505728102039,10.852088185790524,2.645160720405962,1.0,-0.5359127178814119,54.73,-1.04,-3.22,30.0,80.3,UNDERVALUED
PSN,Industrials (S&P 400),2025-02-27,0.2973530679298029,0.07,0.7527592166458739,0.2973530679298029,0.0316866205964065,3.4638362350604064,2.155081185412058,0.6540654080750591,0.9659211927582536,-0.104871459440313,-6.47,-37.86,-27.22,34.65,-21.85,OVERVALUED
PVH,Consumer Discretionary (S&P 400),2025-02-27,0.0214423439196826,0.07,1.3419806284328957,0.0214423439196826,0.2544042127630204,7.391764342271587,5.282071442990825,1.2167947567522452,1.0,-0.6567955143030624,-49.51,-28.26,-45.32,38.69,1.91,FAIRLY VALUED
RBA,Industrials (S&P 400),2025-02-27,1.1222747721767217,0.071919389831469,0.7990696337008049,1.1222747721767217,0.0148511690924842,28.954491912677625,0.9874702248732092,0.274051655681795,0.4897959183673469,-0.2225454195008789,114.83,16.32,32.5,24.93,-12.49,OVERVALUED
QLYS,Information Technology (S&P 400),2025-02-27,0.1321869710019745,0.0975741485842285,1.242778567562953,0.1321869710019745,0.0119341360100418,0.4042526071297708,0.4307224318151014,0.1433305124235781,0.002079002079002,0.0361447906734364,-0.19,4.25,-21.35,38.27,38.96,UNDERVALUED
RBC,Industrials (S&P 400),2025-02-27,0.0619342544068604,0.0761827534188806,0.8354539375814125,0.0619342544068604,0.0206565522968434,0.542629686933889,0.4400533056279679,0.1288027436605525,0.0,-0.1170773997499521,21.86,22.15,31.71,26.19,41.1,UNDERVALUED
RH,Consumer Discretionary (S&P 400),2025-02-27,-0.1563444077207568,0.0967371127068012,1.8910649311721464,-0.1563444077207569,0.2738024816926036,1.1642123009289933,1.9004996063615984,0.5882054839551962,0.986985944820406,-0.5980850632377972,40.68,19.58,23.43,63.16,-52.31,OVERVALUED
RPM,Materials (S&P 400),2025-02-27,0.0108680403295622,0.0736793643929585,0.8371757368339013,0.0108680403295622,0.0576947139952201,1.3739320946618605,1.0984812377001616,0.2630131934231712,0.6184100418410042,-0.142751985004852,19.81,8.39,9.75,21.9,-6.7,OVERVALUED
RMBS,Information Technology (S&P 400),2025-02-27,0.0139052272132595,0.1727499937124437,2.9342240252597667,0.0139052272132596,0.0102016808951933,0.0813907819939799,0.0823889011748441,0.0086085309484238,0.0,0.0110173072610207,-82.48,19.61,-6.49,55.73,70.93,UNDERVALUED
RS,Materials (S&P 400),2025-02-27,-0.1303436123348017,0.0810854370238527,0.8801666053749557,-0.1303436123348017,0.0542737372553046,0.5130092033789055,0.5826330142972698,0.1294515312370025,0.0045992115637319,-0.0180729617634353,86.47,5.06,-7.31,26.23,32.49,UNDERVALUED
RRX,Industrials (S&P 400),2025-02-27,0.1979340347649436,0.0798432742063812,1.4701128610897756,0.1979340347649437,0.0524141616134185,2.128303346470463,1.85571923841036,0.8930206014217525,0.8304378040305768,-0.7033527277036359,112.09,-21.28,-22.48,35.29,29.41,UNDERVALUED
SAIC,Industrials (S&P 400),2025-02-27,-0.033748701973001,0.07,0.5409025788946136,-0.033748701973001,0.1303637608164899,2.3814199695960645,1.6948545184129469,0.4252473203136263,0.9538300104931794,-0.4201350048243585,-35.85,-21.35,-27.57,30.55,28.21,UNDERVALUED
SAIA,Industrials (S&P 400),2025-02-27,0.0320108078022762,0.0880735377629382,1.0383475010181324,0.0320108078022762,0.0053394772295018,0.125675224944138,0.1231480409917499,0.0268048460148668,0.0,0.0149487438014295,82.42,6.19,-30.24,51.91,-9.62,OVERVALUED
SEIC,Financials (S&P 400),2025-02-27,-0.0357823586402462,0.0828149107196652,0.9016485991245504,-0.0357823586402462,0.0355390967731318,0.6505251410419214,0.6143394981619293,0.1191373702541832,0.0,0.0792245121690753,44.33,19.13,19.24,18.69,38.17,UNDERVALUED
SANM,Information Technology (S&P 400),2025-02-27,-0.0224302685173753,0.1044432810440154,1.4420436151287426,-0.1529616852645895,0.0054647166324127,0.1361323608473807,0.1395537882080247,0.0174221224876905,0.0,0.0698744571136012,66.21,18.73,32.08,32.13,132.9,UNDERVALUED
SCI,Consumer Discretionary (S&P 400),2025-02-27,-0.0021620182341643,0.07,0.4296169026290805,-0.0021620182341643,0.039883535080627,0.6550358685921179,0.3829476928472056,0.1589730470151559,0.0,-0.3990575871100423,8.52,3.8,13.97,22.66,6.26,UNDERVALUED
SFM,Consumer Staples (S&P 400),2025-02-27,0.0676367765457262,0.0747965764543074,0.8980495992405721,0.0676367765457261,0.0327804478487452,1.0374985455914318,0.8403009730618503,0.229757637819969,0.2562248995983935,-0.1008889554382583,221.12,39.2,134.44,37.13,-45.14,OVERVALUED
SGI,Consumer Discretionary (S&P 400),2025-02-27,0.0008534503779566,0.0707231595276974,0.9220950141773432,0.0008534503779565,0.0346843304547402,0.6445831353067439,0.4165252358733202,0.1463163033355389,0.0,-0.2989334450712965,68.39,21.33,17.71,30.77,3.69,FAIRLY VALUED
SIRI,Communication Services (S&P 400),2025-02-27,-0.0055537043207819,0.07,1.199289002533395,-0.0055537043207819,0.2337240812950453,5.19763434738474,3.55701485876639,0.964821504478222,1.0,-1.2648236278690748,-27.83,-22.7,-47.01,53.07,27.23,UNDERVALUED
SLGN,Materials (S&P 400),2025-02-27,-0.066021066212441,0.07,0.5503253458297958,-0.0660210662124411,0.2005782155858949,3.3000633646419995,2.390374603341008,0.6297668691351506,0.997983870967742,-0.5015059664418974,2.03,6.1,23.36,20.19,-21.11,OVERVALUED
SLAB,Information Technology (S&P 400),2025-02-27,-0.2361552417425539,0.1393340534535263,2.203533467217864,-0.236155241742554,0.1615437709755665,0.5502918968736956,0.985991031202024,0.144415868204033,0.3935,0.0375053553066821,614.93,14.99,-0.1,45.37,60.39,UNDERVALUED
SON,Materials (S&P 400),2025-02-27,-0.0713223549393983,0.07,0.4375404505662732,-0.0713223549393983,0.0493541866882074,0.1824782896726441,-0.0408213323815534,0.1481625709921043,0.0,-0.7243321125374208,-20.58,-11.73,-14.01,19.38,33.91,UNDERVALUED
SNX,Information Technology (S&P 400),2025-02-27,-0.0768062458807057,0.07,0.7676177984400844,-0.0768062458807057,0.1557330394821687,2.735144415948584,2.0341860529406954,0.4917952607789911,0.9931102362204725,-0.2537025280831837,19.07,13.5,37.06,26.33,85.02,UNDERVALUED
SPXC,Industrials (S&P 400),2025-02-27,0.1918680265589705,0.1181268703445355,1.8549061601337733,0.1918680265589705,0.0435782872140574,1.0412050096149383,1.1199937790858738,0.4174550995464076,0.5485971943887775,-0.0698010676624262,-31.5,-9.53,26.02,37.67,42.06,UNDERVALUED
SSD,Industrials (S&P 400),2025-02-27,0.0461776855110398,0.0773170040783817,0.8982869209880995,0.0461776855110399,0.0340497010556559,0.9635206364430868,0.8291458606036651,0.1974389282465623,0.2116402116402116,-0.0177640741859037,68.33,-9.6,-20.57,29.52,16.02,UNDERVALUED
ST,Industrials (S&P 400),2025-02-27,0.0061644043003408,0.07,1.0685842199158584,0.0061644043003408,0.0900422433459268,1.957275128518556,1.2758415052940797,0.3742725856805184,0.7460159362549801,-0.6829374206562117,74.03,-23.71,-14.14,30.67,48.72,UNDERVALUED
THC,Health Care (S&P 400),2025-02-27,0.0724940022947742,0.07,0.6481042775435939,0.0724940022947741,0.0806178059395415,2.374853569225428,1.4900674352887535,0.6221741809531189,0.7644084934277048,-1.056168830201304,26.13,-20.38,44.61,39.47,108.92,UNDERVALUED
TEX,Industrials (S&P 400),2025-02-27,0.1661385242191035,0.097278016432898,1.365077653232443,0.1661385242191036,0.1268997302126717,4.677439234784701,5.112571202099396,2.1132529044939696,1.0,-0.0943550105168213,-39.39,-24.71,-24.71,39.02,58.89,UNDERVALUED
STRL,Industrials (S&P 400),2025-02-27,0.1146088358098287,0.1445800409693534,2.52774051037506,0.1146088358098286,0.0319523653218481,0.4670121985494408,0.4837274121559948,0.1114528571391865,0.0015007503751875,0.0190844938641438,155.31,4.89,15.94,57.99,322.68,UNDERVALUED
THO,Consumer Discretionary (S&P 400),2025-02-27,-0.215342811693008,0.081537212641764,1.0200477271929302,-0.096946169190508,0.0836243139207603,0.4490278885054923,0.8534102271391462,0.2034028065613663,0.2474293059125964,-0.126206274868472,56.58,-8.2,-21.19,35.55,-16.85,OVERVALUED
TKR,Industrials (S&P 400),2025-02-27,0.060555518491338,0.07,0.8810620336623004,0.060555518491338,0.1401523782403357,5.057884067832648,3.594596956298099,0.903019286926272,1.0,-0.3830453100159667,10.11,-3.86,-3.5,28.78,60.69,UNDERVALUED
TNL,Consumer Discretionary (S&P 400),2025-02-27,0.0513036164844407,0.07,1.1198274579760403,0.0513036164844407,0.1787351081785054,5.136664066143607,3.4237908691857437,1.0108436768673748,0.99901185770751,-1.458469798900265,13.1,29.52,28.83,27.68,35.2,UNDERVALUED
TOL,Consumer Discretionary (S&P 400),2025-02-27,0.0274173788390912,0.0788420863593907,1.289777226762732,0.0852234486320424,0.0930754018333378,2.1755426748645665,1.9160950886743813,0.4658985872529759,0.9920116194626,-0.1520235429618883,29.64,-22.75,0.13,36.34,32.74,UNDERVALUED
TTC,Industrials (S&P 400),2025-02-27,0.0076237181613867,0.07,0.57331825410633,0.0067205481858912,0.0432431222930932,1.1109112677928676,0.7966656380424613,0.1880461624853195,0.1525423728813559,-0.1068696791848259,-21.79,-10.99,-11.63,30.27,25.99,UNDERVALUED
TTEK,Industrials (S&P 400),2025-02-27,0.218039795552148,0.07,0.4686511987051586,0.1495017191628616,0.0498468370570593,4.320301687550396,3.210781856367744,1.1750846880832757,0.9959514170040484,-0.0996721302519174,-14.94,-37.02,-15.01,29.38,24.55,UNDERVALUED
TXRH,Consumer Discretionary (S&P 400),2025-02-27,0.1536153033224332,0.0758082367895433,0.8536392969999413,0.1536153033224331,0.0242802403184146,1.350822768241695,1.1592751476396124,0.4353564232656934,0.5880503144654088,-0.0574727996376175,75.5,5.98,20.6,23.2,15.85,UNDERVALUED
UGI,Utilities (S&P 400),2025-02-27,-0.1553476680642805,0.07,0.1597386261816055,-0.1924283154121863,0.162615335638685,1.0180716475885778,1.0964222076231844,0.4018491677247084,0.5843373493975904,-1.0350097637100184,53.56,39.73,45.89,29.1,21.49,UNDERVALUED
UFPI,Industrials (S&P 400),2025-02-27,-0.2501735011201612,0.0918788458982128,1.189884356321541,-0.2501735011201612,0.0304221376998761,0.2391998446743138,0.4044772798829128,0.066624792696389,0.0,0.114192153321567,66.03,-11.73,-5.01,31.5,-15.53,OVERVALUED
USFD,Consumer Staples (S&P 400),2025-02-27,0.0452183104794903,0.0736731689669493,0.9156399923041174,0.0452183104794902,0.0527679226592497,1.3851247206174544,1.062502314825983,0.2924532541590628,0.5633561643835616,-0.2864218594990116,21.25,19.86,36.02,22.51,54.41,UNDERVALUED
UTHR,Health Care (S&P 400),2025-02-27,0.2020348086556835,0.07,0.3859964073123469,0.2020348086556835,0.0772112364128242,6.349041456623731,4.881261232647407,1.7009052373275686,1.0,0.0333502790166947,-13.16,-7.33,42.72,30.97,60.99,UNDERVALUED
VAL,Energy (S&P 400),2025-02-27,0.1133853354134164,0.080263245910743,1.0081127571002109,0.1133853354134165,0.0395226773967695,1.3933639831229223,1.2597752971914076,0.4619088931249129,0.6777851901267512,-0.2016959140465969,-8.03,-41.85,-43.9,40.4,142.97,UNDERVALUED
VC,Consumer Discretionary (S&P 400),2025-02-27,0.0527156549520766,0.0723051385184956,0.842875120243871,0.0527156549520766,0.1025137647326536,3.605213431457096,2.822942560796167,0.6389930302963448,1.0,0.0295471272488292,-50.26,-14.23,-24.83,29.98,23.17,UNDERVALUED
VIAV,Information Technology (S&P 400),2025-02-27,-0.1201910677023871,0.0735200638556768,1.0459231478301143,-0.0955609800198897,0.0079271868870491,0.0214118844663914,0.0157448902561986,0.0221136900148037,0.0,-0.087772791445763,38.75,29.89,15.06,40.7,248.01,UNDERVALUED
VFC,Consumer Discretionary (S&P 400),2025-02-27,-0.1058384889514353,0.07,0.726110519529902,-0.1058384889514353,0.0905137702111992,0.7674652417940699,0.4937630539142289,0.2605352883797324,0.034587995930824,-0.7235223539365809,464.61,39.52,56.36,53.44,-41.36,OVERVALUED
VNOM,Energy (S&P 400),2025-02-27,-0.0447776364772508,0.07,0.7002498016204574,-0.0447776364772508,0.0542897772528671,0.8665901036213769,0.5751763001650372,0.178765957493195,0.0039138943248532,-0.2977785981806989,100.22,-3.83,34.72,31.14,9.26,UNDERVALUED
VNT,Information Technology (S&P 400),2025-02-27,-0.0280115563371435,0.07,1.0189422480831096,-0.0280115563371435,0.0900634747860342,1.6575056006964823,1.1521641530026303,0.2943971524958033,0.6726190476190477,-0.352533404382331,45.89,6.07,-13.07,26.63,-11.02,OVERVALUED
VVV,Consumer Discretionary (S&P 400),2025-02-27,0.1444494668413924,0.0741148043441372,1.0021832189688908,0.1215794942847246,0.1255649013003636,6.403340815357248,5.142935763058314,1.6983557328829064,1.0,-0.2772917867158117,-29.2,-12.76,-13.87,28.0,-7.7,OVERVALUED
WFRD,Energy (S&P 400),2025-02-27,0.1856384206880628,0.0919052577590226,1.4317959054179918,0.1856384206880628,0.1588860765670267,7.177394183116672,7.589094623868515,3.3507654263672624,1.0,-0.2527513470992993,-31.13,-42.1,-40.02,41.65,50.67,UNDERVALUED
WH,Consumer Discretionary (S&P 400),2025-02-27,-0.0674232309746328,0.07,0.7208096800402389,-0.0674232309746328,0.0708621843507324,0.9669997764532544,0.6894432126555816,0.2057933634246989,0.0772357723577235,-0.250644902701533,52.11,41.52,42.11,25.91,-28.17,OVERVALUED
WEX,Financials (S&P 400),2025-02-27,0.0839785586658725,0.07,0.7992033693527331,0.0839785586658725,0.0721155220408502,2.655964669879825,1.8497908135966303,0.5468767958646914,0.9571286141575274,-0.437741391440594,-35.44,-15.85,-28.45,35.05,25.44,UNDERVALUED
WCC,Industrials (S&P 400),2025-02-27,0.0450558120643693,0.087233720704195,1.6385167960478506,0.0450558120643694,0.0730179165261945,1.0495142633102348,1.0180139660427268,0.4137502713270656,0.4591661907481439,-0.6018049156744378,19.87,10.49,25.79,37.84,90.39,UNDERVALUED
WMG,Communication Services (S&P 400),2025-02-27,0.0419483484663569,0.07,0.4938713110298547,0.0644359781348351,0.0245959150403695,0.6498861461748102,0.4222304789585566,0.1380184845482927,0.0,-0.21340932070828,25.7,17.31,0.04,28.08,-16.63,OVERVALUED
WHR,Consumer Discretionary (S&P 400),2025-02-27,-0.0136382072601906,0.07,0.8657516166795872,-0.0136382072601906,0.354118666348627,7.883223595114032,5.535781623286039,1.376222649551453,1.0,-1.1990700971783084,-6.83,3.18,1.91,43.6,-57.57,OVERVALUED
WLK,Materials (S&P 400),2025-02-27,-0.2055210839559326,0.07,0.8372808283441868,-0.2055210839559326,0.0469988474645394,0.2877999220098618,0.4449167146184391,0.1139627909907279,0.0010152284263959,-0.1622845996276955,119.42,-23.75,-18.4,24.66,-25.86,OVERVALUED
WING,Consumer Discretionary (S&P 400),2025-02-27,0.2867915451120353,0.0953943411193248,1.366491819497164,0.2867915451120353,0.0229254233873315,1.3562878984098623,1.2655350779763106,0.5011859153353907,0.6693079767564712,-0.0968255754977084,28.2,-43.85,-32.38,44.42,-49.75,OVERVALUED
WMS,Industrials (S&P 400),2025-02-27,-0.0640313423013941,0.0926268760395357,1.2888056039623983,-0.0640313423013941,0.0393930687088845,0.3128676633069474,0.325632895574141,0.1108769978866141,0.0,-0.1019709756744419,18.39,-29.49,-31.81,34.13,28.49,UNDERVALUED
WSO,Industrials (S&P 400),2025-02-27,0.0012953745382402,0.0900746797732195,1.1011287896464867,0.0012953745382401,0.0171995482545335,0.2806339457635236,0.2804234988365398,0.0717792747427197,0.0,-0.0103170672120834,122.36,7.07,31.44,28.31,-34.19,OVERVALUED
WTS,Industrials (S&P 400),2025-02-27,0.0387976761808537,0.0782792009492216,0.843075134004234,0.0387976761808537,0.0265518060093318,0.7241041104535157,0.63297604824471,0.1417497607273571,0.0014265335235378,0.007410299794237,33.95,11.0,7.42,23.85,76.27,UNDERVALUED
WWD,Industrials (S&P 400),2025-02-27,0.1811468307422032,0.0785817063643665,0.8647512552189051,0.1405639810524105,0.0350036788950177,1.917483941145864,1.732326428621332,0.6205591892024633,0.8940766550522649,-0.0564567492623824,7.62,11.43,34.87,30.26,86.53,UNDERVALUED
AAMI,Financials (S&P 600),2025-02-27,0.0225311601150526,0.0755158781810249,1.0081155933854906,0.0225311601150527,0.040625933507175,0.8828099539695897,0.7114643224136417,0.1994340173764536,0.0901116427432216,-0.1981766170094082,52.9,3.81,8.18,28.53,273.37,UNDERVALUED
ABG,Consumer Discretionary (S&P 600),2025-02-27,-0.0408969865037353,0.07,1.345072367082273,-0.0408969865037352,0.251822420080655,4.52248651664213,3.1577065467238925,0.802205555925328,1.0,-1.0010098596801251,122.1,11.06,25.92,35.52,-19.32,OVERVALUED
ACIW,Information Technology (S&P 600),2025-02-27,0.0215753417432016,0.078172407962204,0.9290346312450728,0.0215753417432015,0.0116816813480892,0.1362144048987162,0.1024504765426597,0.0573630378177683,0.0,-0.1549495242060223,118.74,10.85,74.47,29.82,-5.32,OVERVALUED
ACA,Industrials (S&P 600),2025-02-27,0.0290262172284643,0.1080189671010167,1.654684126395221,0.0290262172284644,0.0399360858792481,0.4765725311328608,0.5055820376034766,0.1508286234286467,0.0105846774193548,-0.104619631697418,113.63,0.46,11.82,32.09,59.24,UNDERVALUED
ACHC,Health Care (S&P 600),2025-02-27,0.1219503225368996,0.07,0.553914583273198,0.1219503225368995,0.0535574070819508,2.3695216738466547,1.679097320958742,0.5740366625172674,0.8820116054158608,-0.3809608782039736,70.6,-48.48,-53.93,45.19,-33.01,OVERVALUED
ACLS,Information Technology (S&P 600),2025-02-27,0.2289200628697019,0.1502168875937851,2.4377307176850764,0.2289200628697019,0.0455127406881683,1.196066483184669,1.2198516871445575,0.3902540569028805,0.679,0.0679277399974967,-49.11,-50.4,-49.88,50.26,127.22,UNDERVALUED
ADEA,Information Technology (S&P 600),2025-02-27,-0.114242948240392,0.0970466633580754,1.3820682347054258,-0.114242948240392,0.0608953761700226,0.1636887047621667,0.2407017782217621,0.1376152693682024,0.0,-0.3265626885473771,68.15,29.68,38.39,46.39,74.67,UNDERVALUED
ADT,Consumer Discretionary (S&P 600),2025-02-27,0.061827004881896,0.07,0.8114755973836528,0.061827004881896,0.1256045794086396,3.753111797255893,2.4988061439802016,0.7802145574959966,0.986247544204322,-1.0899735003107316,-19.38,10.69,28.29,36.62,-5.16,OVERVALUED
ADUS,Health Care (S&P 600),2025-02-27,0.1130572377828245,0.0731287771997626,0.7547506495307457,0.1130572377828244,0.0717259862618863,3.120963566771773,2.4678912737468712,0.6799214888368815,0.9966386554621848,-0.0703144295348502,-23.0,-26.94,5.05,28.69,24.6,UNDERVALUED
AEO,Consumer Discretionary (S&P 600),2025-02-27,0.0544982166737844,0.07,1.2745576982372,0.0544982166737844,0.0235780749209596,0.537808832661688,0.3030263429942849,0.1416159498065407,0.0,-0.33953985179234,-34.67,-41.54,-43.89,40.34,28.66,UNDERVALUED
ADNT,Consumer Discretionary (S&P 600),2025-02-27,0.0198788965711214,0.07,0.8325908398579352,-0.045924001299123,0.3020472689209179,8.402831578069373,5.939861122715269,1.4262378828951707,1.0,-1.0792620656973348,-33.97,-28.07,-53.39,37.71,22.27,UNDERVALUED
AIN,Industrials (S&P 600),2025-02-27,0.1092119236206465,0.0840700449675642,1.2220120891893584,0.1092119236206465,0.0438426751594741,1.2764419831644682,1.2243137125717745,0.4011994580857241,0.6788990825688074,-0.1524388795520839,-30.04,-19.04,-20.99,31.67,-17.98,OVERVALUED
ALG,Industrials (S&P 600),2025-02-27,0.1163009640490058,0.0783797503001972,0.8448385315970774,0.1163009640490058,0.0454904893069055,1.6798970584952828,1.5004910658471284,0.4639588833955693,0.85625,-0.0864840277373869,-4.3,1.64,-8.29,27.64,-10.9,OVERVALUED
ALGT,Industrials (S&P 600),2025-02-27,0.0903750886794805,0.07,1.2829541170464511,0.0903750886794805,0.3831617627980969,15.319368177214814,10.914369821957408,2.996275326047205,1.0,-1.628237683207986,-29.62,73.21,0.25,55.15,2.4,FAIRLY VALUED
ALKS,Health Care (S&P 600),2025-02-27,0.4961436235996743,0.07,0.5278303539894542,0.4961436235996744,0.023595120028027,10.587284361254156,2.6898759717078304,0.662258161977898,0.99317738791423,0.0150042390928786,-85.3,20.75,14.61,31.32,41.07,UNDERVALUED
ALRM,Financials (S&P 600),2025-02-27,0.0464335435263287,0.0738296614465531,0.974377731706122,0.0464335435263287,0.0059608917149256,0.2480438307207543,0.2109551021121017,0.0333025026673477,0.0,0.0589844882197799,-27.84,-2.07,-22.9,27.53,-1.82,FAIRLY VALUED
AMN,Health Care (S&P 600),2025-02-27,-0.2773070554439409,0.07,0.46418622632058,-0.2773070554439409,0.3781972039533964,0.2448861929650901,2.6839845018607704,0.7133240208624101,1.0,-1.311301685149309,-28.53,-49.32,-51.59,56.61,30.94,UNDERVALUED
AMPH,Health Care (S&P 600),2025-02-27,0.2914063893448126,0.07,0.5572172022256657,0.2914063893448126,0.1157754856226349,14.4108687131177,9.090893460164336,2.9135714032791653,1.0,-0.3166740219634171,-1.72,-35.05,-43.2,38.45,-31.15,OVERVALUED
AMR,Materials (S&P 600),2025-02-27,-0.1536415616180254,0.0970117185084417,1.085202175654952,-0.1536415616180254,0.3360509251553008,2.059409660408116,2.911537142500395,0.6303312449994414,1.0,0.1341364103155551,44.91,-36.29,-66.13,53.26,30.79,UNDERVALUED
APAM,Financials (S&P 600),2025-02-27,-0.0182767282300648,0.0903790375983537,1.256819704207983,-0.0182767282300648,0.1069471516687651,1.4968195727967637,1.5051387197033976,0.3772059754540636,0.9406544647809209,-0.053897641058354,29.47,3.51,6.06,27.66,15.78,UNDERVALUED
ASO,Consumer Discretionary (S&P 600),2025-02-27,-0.0368693211164282,0.07,0.8257773009054222,-0.0368693211164282,0.1075229353570634,1.89415617683171,1.3523802671234832,0.3441549578703835,0.8309859154929577,-0.3694369670685399,2.49,-10.35,-31.24,36.08,-7.03,OVERVALUED
APLE,Real Estate (S&P 600),2025-02-27,0.0850949236000475,0.07,0.8182016672962861,0.0850949236000474,0.1166310961116151,4.5611255530168,3.296317769242423,0.8839012751249,1.0,-0.469071240654709,-2.99,5.42,-2.74,21.38,26.89,UNDERVALUED
APOG,Industrials (S&P 600),2025-02-27,-0.0164878641989705,0.1040179589463843,1.5248139522514743,-0.0164878641989704,0.1289396312938625,1.4989400515986857,1.590725221859631,0.4180168263873655,0.9776536312849162,-0.0688632502746774,-11.43,-27.94,-15.37,43.74,-9.01,OVERVALUED
ASTH,Health Care (S&P 600),2025-02-27,0.2119435779692229,0.0804038945201976,1.0907532207092174,0.2119435779692229,0.0581591957732938,3.2763037275342275,2.989225092623944,1.0595585903269369,0.9946055293324344,-0.0167474995333038,13.43,-28.8,-20.35,46.2,11.71,UNDERVALUED
AROC,Energy (S&P 600),2025-02-27,0.1712091753708748,0.10860204935528,1.2516487607727502,0.1712091753708749,0.0225317781791966,0.6037097431958497,0.6558301913913865,0.2310220094655318,0.0844221105527638,-0.0027541438200318,11.61,33.69,54.2,37.44,26.83,UNDERVALUED
ASTE,Industrials (S&P 600),2025-02-27,0.0499803844644959,0.0982382050074145,1.3723151195916998,0.0499803844644958,0.0304107599742207,0.5435570157105681,0.568080250903581,0.1587356294185224,0.0155601659751037,-0.024913912702364,-13.56,6.81,0.1,42.11,19.2,UNDERVALUED
ATEN,Information Technology (S&P 600),2025-02-27,-0.1021552554416453,0.0789573321536308,0.8138104166019082,-0.1021552554416454,0.0082393831642407,0.1532415385479958,0.1507648167592156,0.0221476915677921,0.0,0.0538270341624602,63.16,51.78,56.07,33.75,27.06,UNDERVALUED
AWI,Industrials (S&P 600),2025-02-27,0.0503608790852323,0.0820457349078377,0.9817997732306356,0.0503608790852323,0.047884738955917,1.1752135901384828,1.0966419645939334,0.2962088264834564,0.5888030888030888,-0.0869742168268336,72.55,21.54,23.83,21.73,19.4,UNDERVALUED
AZZ,Industrials (S&P 600),2025-02-27,0.1616289514818505,0.0974310400023177,1.4524407236511645,0.1616289514818505,0.0921603475037333,2.4663604993131285,2.701527801233568,1.1067586120887094,0.9890795631825272,-0.41236220692155,26.76,16.17,30.27,36.78,48.35,UNDERVALUED
BFAM,Consumer Discretionary (S&P 600),2025-02-27,0.1968683787621499,0.07,0.4863597626859098,0.1968683787621499,0.0058756501524094,0.1822333918845314,0.070070484068748,0.1043721712109403,0.0,-0.2435605619287661,50.17,-8.66,15.7,32.01,-42.03,OVERVALUED
BCPC,Materials (S&P 600),2025-02-27,-0.0211374021337963,0.0804611084960886,0.90530259954565,-0.0211374021337962,0.030464738864207,0.5337627235611914,0.4824115222257076,0.1204893288476172,0.0,-0.0482213098482723,23.86,0.28,11.81,22.32,5.08,UNDERVALUED
BCC,Industrials (S&P 600),2025-02-27,-0.1846912244895769,0.0998020580781815,1.4690917934504482,-0.1846912244895769,0.1348779396024486,0.8190015405080808,1.2866007403487574,0.2736334115196077,0.8889457523029682,0.1049536855312594,205.84,-20.09,-19.41,37.51,-19.16,OVERVALUED
BGC,Financials (S&P 600),2025-02-27,0.1159243530529026,0.0736501688131501,0.9444511021301298,0.1159243530529027,0.0287085945898303,1.1308565598345062,0.8913460342219661,0.2801286028457471,0.3175150992234685,-0.1431224712182208,133.82,-2.23,39.76,35.39,14.02,UNDERVALUED
BL,Information Technology (S&P 600),2025-02-27,0.1282331748696785,0.07,1.1032018413488778,0.1282331748696786,0.0677178745257807,3.39873462444846,2.4422344633656534,0.8522990868300794,0.9785495403472932,-0.3837062263064507,-99.15,-3.36,-15.4,39.69,-33.87,OVERVALUED
BHE,Information Technology (S&P 600),2025-02-27,-0.0164066422042378,0.1031630707571513,1.8069546464963209,-0.0164066422042378,0.0356926817100578,0.3255732459582988,0.3519620001151879,0.1205773704892474,0.0,-0.1280897183282688,27.43,-5.96,32.9,41.48,89.39,UNDERVALUED
BNL,Real Estate (S&P 600),2025-02-27,0.0868070466463646,0.07,0.437490503215942,0.0868070466463646,0.1195371971142429,4.536345258051918,3.11651819333,0.8811671209883928,1.0,-0.6615740919094186,-1.67,-5.9,21.09,19.83,39.2,UNDERVALUED
BOX,Information Technology (S&P 600),2025-02-27,0.0472986474566896,0.07,0.4561728407309844,0.0472986474566897,0.0055844396056298,0.1841915876673868,0.1325660409763545,0.0312814257733467,0.0,-0.0173710319012383,-9.87,12.42,28.47,27.67,1.54,FAIRLY VALUED
BRC,Industrials (S&P 600),2025-02-27,0.0149909866134874,0.07,0.600032328427134,0.0071553906069918,0.0371023613459445,1.1542655980912486,0.8739040438379083,0.1718489369203522,0.2613636363636363,0.0354424399138418,20.92,0.28,28.52,23.47,27.02,UNDERVALUED
CAKE,Consumer Discretionary (S&P 600),2025-02-27,0.0412777961440513,0.07,1.0648466584642349,0.0412777961440513,0.0453999022919435,0.8853787098328234,0.4678919379171747,0.2554521586314435,0.0196280991735537,-0.7013361629255946,-10.85,30.03,52.06,35.29,109.82,UNDERVALUED
BTU,Energy (S&P 600),2025-02-27,-0.0070655773901523,0.1011642192439769,0.7602115990868822,-0.0070655773901523,0.7534829871961471,10.378683658336271,10.81601416188525,2.604353945495252,1.0,0.3289603030698733,-50.34,-40.31,-44.45,39.53,99.47,UNDERVALUED
AOS,Industrials (S&P 500),2024-08-31,0.0263459335624283,0.077770105977971,0.8783345883559754,0.0263459335624284,0.0604385529496694,1.543759556755438,1.3516633388876114,0.3044168498543327,0.8797653958944281,0.0155879557372562,-45.36,-0.87,17.37,24.16,-22.27,OVERVALUED
ACN,Information Technology (S&P 500),2024-08-31,0.0408713110733207,0.0716968780431722,0.7530056438546807,0.0408713110733208,0.0303016778837532,1.0282497494474012,0.8042061964574435,0.1720108720492841,0.1432532347504621,0.0285253425766616,15.44,-10.15,7.32,22.53,-44.88,OVERVALUED
ABT,Health Care (S&P 500),2024-08-31,-0.0811857146129704,0.07,0.2343863297407278,-0.0811857146129704,0.0346975766560456,0.6044856135160392,0.4551181966638216,0.1026231263934893,0.0,-0.0463576871252892,25.98,-4.67,12.37,18.67,5.08,UNDERVALUED
ABBV,Health Care (S&P 500),2024-08-31,-0.0643538774244668,0.07,0.2906151985526853,-0.0643538774244668,0.0320652675503415,0.4189456921461783,0.2883748795957075,0.0967234574105166,0.0,-0.1434583831375602,117.95,12.94,38.74,18.86,42.43,UNDERVALUED
A,Health Care (S&P 500),2024-08-31,-0.0021904205607476,0.0764847201252389,0.9114421766816212,-0.0021904205607476,0.0155418069020318,0.3233944172653384,0.2753639500950132,0.0642291991075215,0.0,-0.0278577231477975,13.99,0.39,18.9,27.42,11.09,UNDERVALUED
ADBE,Information Technology (S&P 500),2024-08-31,0.102408269907986,0.0958546690535626,1.301554543761403,0.1024082699079859,0.0153108151083854,0.4226609015683192,0.4405035110022572,0.1426600067691604,0.0021152829190904,0.0117119702686286,44.9,1.14,2.69,33.74,-52.61,OVERVALUED
AKAM,Information Technology (S&P 500),2024-08-31,0.0539907881705024,0.07,0.6734312748423104,0.0539907881705023,0.0459100340431671,1.4413827224432836,1.0112342570100663,0.2743574524442948,0.502,-0.2627338604724532,24.96,-8.05,-3.09,24.31,8.1,UNDERVALUED
APD,Materials (S&P 500),2024-08-31,-0.0077646354716267,0.07,0.4817457928525648,-0.0077646354716267,0.026284446593842,0.5371695769211918,0.3601402254285307,0.1036597323495086,0.0,-0.1598698940553258,24.01,18.63,-3.08,29.72,13.32,UNDERVALUED
ALLE,Industrials (S&P 500),2024-08-31,0.1158042727467221,0.0727034837958182,0.8932522644343222,0.115804272746722,0.0745649442764669,3.662455207160548,2.8603574449934013,0.8963358533366521,1.0,-0.1302239346730551,5.71,8.63,23.92,22.66,19.13,UNDERVALUED
ABNB,Consumer Discretionary (S&P 500),2024-08-31,0.1807358018811764,0.1049870871507584,1.5373915416238966,0.1807358018811763,0.0248047552326897,0.9410588595680852,1.0310849075962685,0.4082964327119485,0.4411167512690355,0.0610605195930632,81.38,-25.8,-10.82,35.32,57.7,UNDERVALUED
LNT,Utilities (S&P 500),2024-08-31,-0.0423305588585017,0.07,0.3613016552236675,-0.0423305588585017,0.0806669522753853,1.176048997001863,0.7122864082283801,0.2865554414659748,0.1831275720164609,-0.6745144867689555,9.08,22.26,20.57,18.7,27.01,UNDERVALUED
MO,Consumer Staples (S&P 500),2024-08-31,-0.0089907192575405,0.07,0.3449330246655376,-0.0089907192575406,0.1608460310647354,3.962526525380898,2.884140080242838,0.6434488105603914,1.0,-0.2733498161248847,-12.27,41.38,32.94,18.04,43.11,UNDERVALUED
GOOGL,Communication Services (S&P 500),2024-08-31,0.0868277022726951,0.0948008990043724,1.27708014866925,0.0868277022726951,0.0289832977614857,0.7232510925897649,0.7416138593544829,0.2307366212322249,0.137730870712401,-0.0015211828072247,55.43,22.66,20.12,27.71,110.12,UNDERVALUED
GOOG,Communication Services (S&P 500),2024-08-31,0.0868277022726951,0.0946820812038764,1.2741053733701693,0.0868277022726951,0.0286784630204032,0.7172629301655566,0.7492524905215383,0.2322624268736449,0.1377497371188223,-0.0015051836144829,56.19,23.17,20.35,27.52,106.4,UNDERVALUED
AMT,Real Estate (S&P 500),2024-08-31,0.0380284902647893,0.07,0.4362637948304066,0.0380284902647894,0.0288362982373101,0.5298134191474186,0.2753305671299902,0.1528140855228026,0.0,-0.4573695597122029,17.42,10.57,27.99,25.83,-15.89,OVERVALUED
AME,Industrials (S&P 500),2024-08-31,0.0725823628207651,0.0704848352479261,0.7958257026970026,0.072582362820765,0.0610773504138876,2.4151503423422467,1.7915338814501385,0.4293666150124268,0.989310009718173,-0.0760272910850596,12.43,-5.25,7.92,20.06,41.59,UNDERVALUED
AMGN,Health Care (S&P 500),2024-08-31,0.0709265661208828,0.07,0.7308765911502236,0.0709265661208828,0.0398681864505647,1.320854824929904,0.9044273586494256,0.2828603890912551,0.3735691987513007,-0.3170708818352835,16.81,21.17,34.15,24.63,37.19,UNDERVALUED
APH,Information Technology (S&P 500),2024-08-31,-0.0054107581399033,0.0925394856526171,1.285139746542739,-0.0054107581399033,0.0277388100446659,0.3961397399896965,0.4063938079274128,0.11050788276553,0.0,-0.0359978854053995,73.92,20.97,53.91,22.88,130.65,UNDERVALUED
AON,Financials (S&P 500),2024-08-31,0.071880759676256,0.07,0.4000269010567467,0.0718807596762561,0.0493992228159442,1.873081376372582,1.3590982454037952,0.3507205342405467,0.8297029702970297,-0.166982252380322,7.67,9.26,3.98,21.0,3.7,FAIRLY VALUED
APA,Energy (S&P 500),2024-08-31,-0.2524604966139955,0.07,0.5300512932455191,-0.2524604966139955,0.3031738623634027,1.1918729306569014,2.9218912106277357,0.6520303702434342,1.0,-0.6565075340496319,11.42,-3.64,-33.06,31.9,69.58,UNDERVALUED
ADI,Information Technology (S&P 500),2024-08-31,0.0242706126784415,0.1033235271989048,1.5441917192031849,0.0242706126784414,0.0372896143338716,0.5165502139525656,0.5511458889755462,0.1601492655197313,0.0208970438328236,-0.053561199863099,38.22,21.12,31.55,29.68,62.52,UNDERVALUED
AMAT,Information Technology (S&P 500),2024-08-31,0.0283885980221059,0.1285761499236364,2.088962405998251,0.0283885980221058,0.0207245593890512,0.2292786872611278,0.2385020310576624,0.0487339980705254,0.0,0.0008223534919199,107.91,-5.49,30.11,38.55,155.57,UNDERVALUED
AAPL,Information Technology (S&P 500),2024-08-31,-0.0280046053031993,0.0821796071760089,1.0087595322670422,-0.0280046053031993,0.0230720799363116,0.3697803064594363,0.3386939327811694,0.0840459821248874,0.0,-0.0229717596619514,65.11,31.11,22.52,22.4,37.08,UNDERVALUED
ADM,Consumer Staples (S&P 500),2024-08-31,-0.0750423411713734,0.07,0.4672875828204896,-0.0750423411713734,0.1221471438857278,2.0844475677822065,1.513783371531762,0.394972339325995,0.9134419551934828,-0.2815018514264121,-23.34,16.52,-20.57,32.91,43.39,UNDERVALUED
APTV,Consumer Discretionary (S&P 500),2024-08-31,0.1464920807364629,0.0760644636806157,1.1481850924878088,0.1464920807364629,0.0422951802924976,2.0763436673682927,1.7814959365525609,0.7368191830217793,0.8766485647788984,-0.2578753403188576,-35.17,-8.87,-29.49,37.13,-34.25,OVERVALUED
ARES,Financials (S&P 500),2024-08-31,0.1886603677437281,0.0732779992110537,1.2270398780878888,0.1886603677437281,0.0718756616257311,4.992408413152586,3.935317895479192,1.7993653498984674,0.9915682967959528,-0.5438833358316636,-3.62,9.25,45.55,27.28,1.93,FAIRLY VALUED
AJG,Financials (S&P 500),2024-08-31,0.1779290342198207,0.07,0.3604442677585673,0.1779290342198208,0.0171013381711411,1.01934950347901,0.7254806068957962,0.2695127033453285,0.1523046092184369,-0.1180975887931482,33.33,20.93,27.84,17.81,-9.55,OVERVALUED
T,Communication Services (S&P 500),2024-08-31,0.0139720558882234,0.07,0.0686763169355203,0.0139720558882235,0.0941569729678714,1.7287168400363362,0.9808655480686528,0.4401048246104203,0.4721941354903943,-1.141695990275143,-57.29,22.2,43.77,21.08,38.55,UNDERVALUED
AZO,Consumer Discretionary (S&P 500),2024-08-31,0.0741423792304194,0.07,0.3973602369722167,0.0741423792304194,0.0403569238814715,1.4997577721760718,1.0523536065608832,0.2975470641987695,0.539714867617108,-0.1875091794120636,27.07,3.3,25.68,21.28,-6.9,OVERVALUED
AVB,Real Estate (S&P 500),2024-08-31,0.0672707278269915,0.07,0.6712260202216651,0.0672707278269915,0.0668493320780231,2.3872520827204866,1.699605881412806,0.4433363638636504,0.9487179487179488,-0.2591264939365878,51.5,24.08,27.31,20.03,-12.45,OVERVALUED
ADSK,Information Technology (S&P 500),2024-08-31,0.0983016983016982,0.0986000436851042,1.4184134231891117,0.0983016983016983,0.0198253194265053,0.4808117609463838,0.5060563988763036,0.1648867962477725,0.011340206185567,-0.013278886599812,9.81,-0.88,16.43,27.69,-2.86,FAIRLY VALUED
AVY,Materials (S&P 500),2024-08-31,-0.074673923865786,0.07,0.8654290395758091,-0.074673923865786,0.0222587248980588,0.2243081532397154,0.1314000247672755,0.0674268573406333,0.0,-0.1766955922437146,52.79,3.43,19.68,17.59,-14.23,OVERVALUED
BKR,Energy (S&P 500),2024-08-31,0.2056154282473057,0.07,0.6135645617819641,0.2056154282473057,0.0579179403444787,4.265638371680824,3.1289345926614507,1.0551285329180515,0.9980449657869012,-0.0998282069230266,-64.56,21.03,-0.3,24.72,85.32,UNDERVALUED
BDX,Health Care (S&P 500),2024-08-31,0.0266030736618971,0.07,0.4197446485429253,0.0266030736618971,0.0300621986989064,0.702667846232932,0.4516542392421201,0.1491857533695928,0.0,-0.2729960807932253,10.17,3.69,-11.9,19.6,2.84,FAIRLY VALUED
BAX,Health Care (S&P 500),2024-08-31,0.0301282688674555,0.07,0.4882614823673293,0.0301282688674555,0.0307887605017086,0.4152549450841824,0.1553379053631998,0.1523568274764303,0.0,-0.5869113128448449,-26.3,-9.26,-3.58,28.7,-28.7,OVERVALUED
BBY,Consumer Discretionary (S&P 500),2024-08-31,-0.0614713378547669,0.07,0.9367983648942272,-0.0614713378547669,0.0584580866585497,0.9155686895694356,0.6626094210564771,0.1654528316550025,0.0282375851996105,-0.1296667825182088,25.76,32.39,37.71,33.0,-5.55,OVERVALUED
TECH,Health Care (S&P 500),2024-08-31,0.0281322613352581,0.0862022780571122,1.1120307352236547,0.028132261335258,0.0256725822193706,0.5225691223890313,0.5026566550725489,0.1265876980521439,0.0,-0.0237593267479298,-20.53,-0.98,-5.19,36.55,-1.34,FAIRLY VALUED
BIIB,Health Care (S&P 500),2024-08-31,-0.0332042385043348,0.07,0.6884906943602908,-0.0332042385043348,0.1502197241008605,3.398893208299374,2.5146263439270986,0.5326360663700132,1.0,-0.2119433321556447,90.88,-7.36,-23.41,26.01,4.68,FAIRLY VALUED
BLK,Financials (S&P 500),2024-08-31,-0.0007833044256699,0.0800523267006487,1.018896707592063,-0.00078330442567,0.0364982571510095,0.7705853836747353,0.7009766673174724,0.1628542348031314,0.0374331550802139,-0.007525012561716,15.17,9.46,32.21,19.54,31.85,UNDERVALUED
BMY,Health Care (S&P 500),2024-08-31,-0.0249788773586949,0.07,0.3892070633605643,-0.0249788773586949,0.148226760969733,3.048649898496042,2.199562968409381,0.5266506849308088,0.9978858350951374,-0.3261027268886444,-23.39,0.75,-14.97,26.26,43.83,UNDERVALUED
BF-B,Consumer Staples (S&P 500),2024-08-31,-0.0118259224219489,0.07,0.5050928660662174,-0.0118259224219489,0.0613078206185085,1.390923517917196,1.006886290901258,0.2264620077987852,0.4959183673469388,-0.1305056640570295,-42.58,-23.67,-29.97,26.22,-33.98,OVERVALUED
BRO,Financials (S&P 500),2024-08-31,0.1785012629806344,0.07,0.5311788943576177,0.1785012629806343,0.0412598959848907,2.8807928337407174,2.115618404237558,0.7606805753892528,0.9641393442622952,-0.1126813613800967,31.67,25.59,42.79,18.61,-30.38,OVERVALUED
BSX,Health Care (S&P 500),2024-08-31,0.1228512852862324,0.07,0.5344952658465066,0.1228512852862324,0.0150478369631817,0.7041014663962056,0.5102080468473404,0.1524233541219061,0.0019398642095053,-0.0719633583663909,27.83,21.3,51.63,19.05,-39.64,OVERVALUED
BG,Consumer Staples (S&P 500),2024-08-31,-0.1144098048548309,0.07,0.324326056294153,-0.114409804854831,0.0608838424681464,0.6462575140060762,0.5385467432011503,0.1635646244647969,0.0100806451612903,-0.2203431537139992,-30.38,14.07,-8.87,23.56,22.08,UNDERVALUED
BKNG,Consumer Discretionary (S&P 500),2024-08-31,0.2501462843768285,0.0868844546545173,1.2028300620193064,0.2501462843768285,0.0653862356263463,4.175346533171789,3.978422575762981,1.54120398544364,0.9994040524433848,-0.0202248967146192,23.06,13.49,26.51,26.26,36.4,UNDERVALUED
AVGO,Information Technology (S&P 500),2024-08-31,0.0787880613197602,0.132699384236621,2.227165950153947,0.0787880613197602,0.0206342106856426,0.2472330126789431,0.2577215867485805,0.0674903798610655,0.0,-0.037845831793811,175.52,16.98,79.53,43.21,127.78,UNDERVALUED
CDNS,Information Technology (S&P 500),2024-08-31,0.1483183115563893,0.1156736692463005,1.740739378925773,0.1483183115563893,0.0146082841381979,0.369569651010423,0.3960758869870473,0.1407616841697541,0.0030015007503751,0.0033356830201974,36.7,-15.25,11.85,30.3,16.61,UNDERVALUED
CAH,Health Care (S&P 500),2024-08-31,0.130444613568931,0.07,0.1091434268399933,0.130444613568931,0.108613547122041,6.115181195281009,4.513857972582475,1.3492355949068429,1.0,-0.0226712076988678,-92.23,1.04,31.74,21.19,108.01,UNDERVALUED
CPT,Real Estate (S&P 500),2024-08-31,0.0838309590681747,0.07,0.7812176764144256,0.0838309590681747,0.0319521585280706,1.091209853875029,0.745809380014723,0.2414959323210025,0.1546286876907426,-0.2785474131647829,35.99,32.06,21.21,23.87,-7.1,OVERVALUED
CAT,Industrials (S&P 500),2024-08-31,0.1284433001834182,0.0772017428493952,1.1863195107836766,0.1284433001834183,0.056691362618919,2.541558842604136,2.2275367953575618,0.8058068251961734,0.9768656716417912,-0.1781026787514779,1.19,5.97,28.9,25.53,134.7,UNDERVALUED
CDW,Information Technology (S&P 500),2024-08-31,-0.0999086265774548,0.07,0.8659514684536858,-0.0999086265774547,0.0527930308950066,0.5514721717967674,0.431983449867476,0.1273643454536223,0.0,-0.177669924630972,23.74,-8.04,8.01,22.77,-39.05,OVERVALUED
CBOE,Financials (S&P 500),2024-08-31,-0.0467348743210812,0.07,-0.2425992063016464,-0.0467348743210812,0.0126999970673333,0.2193984634620803,0.1522954441984112,0.0407637466620534,0.0,-0.049911722295554,-27.19,9.15,38.86,20.05,45.1,UNDERVALUED
CNC,Health Care (S&P 500),2024-08-31,0.0653904958248874,0.07,0.332198749028617,0.0653904958248874,0.0290867923653764,1.1010795185215638,0.8158446131229521,0.1867438968040193,0.1768172888015717,-0.0399683151905983,-41.84,0.65,27.87,25.23,-18.64,OVERVALUED
CHTR,Communication Services (S&P 500),2024-08-31,0.0108289215504795,0.07,0.909662297465571,0.0108289215504794,0.1719171626772138,3.0111512067373267,1.765027172380053,0.7734584380163965,0.8247524752475247,-1.9316385727993168,0.37,24.54,-20.67,39.1,-57.48,OVERVALUED
CF,Materials (S&P 500),2024-08-31,-0.4072054353656356,0.07,0.5436041530451946,-0.4072054353656356,0.150650830095089,0.1883220401201349,1.5189675562758806,0.2988828091167892,0.971258671952428,-0.0802116013174424,91.91,5.4,10.49,28.5,58.12,UNDERVALUED
COR,Health Care (S&P 500),2024-08-31,0.0988587157173177,0.07,-0.0367222347354894,0.0988587157173178,0.0839964546978933,3.9667158119856367,2.9073758980440223,0.7817704115882594,1.0,-0.0463650662141639,68.13,2.05,37.39,16.43,33.46,UNDERVALUED
CRL,Health Care (S&P 500),2024-08-31,0.0385680799585519,0.0854345948881784,1.44602223568219,0.0385680799585519,0.0367850136991506,0.5615471009513955,0.529491433778273,0.2021895191230827,0.0149700598802395,-0.2747818564838302,-11.45,-23.63,-4.39,35.4,47.38,UNDERVALUED
CVX,Energy (S&P 500),2024-08-31,-0.164621134665722,0.07,0.3718962680548879,-0.164621134665722,0.1325845683130631,1.5411734341526728,1.663601032582857,0.3216410790673957,0.9880715705765408,-0.0502088082610645,21.77,1.5,-4.18,20.61,51.12,UNDERVALUED
CHD,Consumer Staples (S&P 500),2024-08-31,0.0915804747377035,0.07,0.049565141550421,0.0915804747377037,0.0335158788400203,1.4545803316555368,1.0542386266555508,0.2835372815089121,0.5444214876033058,-0.0852912879180188,-26.91,1.49,6.49,17.63,-2.0,FAIRLY VALUED
CI,Health Care (S&P 500),2024-08-31,0.0821574126213322,0.07,0.2825699635832238,0.0821574126213321,0.0572451664905233,2.2072715073008378,1.557362478702555,0.4206875129357027,0.9134241245136188,-0.22717879608941,44.99,8.32,33.27,26.89,-21.09,OVERVALUED
CSCO,Information Technology (S&P 500),2024-08-31,0.1055336811684155,0.07,0.6768845624108903,0.1055336811684155,0.066548691753434,3.4851320225025564,2.631693013537926,0.7589858092465602,0.9989868287740628,0.008838846997416,10.31,4.6,-9.04,20.15,127.4,UNDERVALUED
CTAS,Industrials (S&P 500),2024-08-31,0.0885737818220961,0.0722047362861796,0.7740748394064252,0.0885737818220963,0.0237128623819988,1.0082628362297426,0.8013108215963219,0.2186993725037451,0.1844919786096256,-0.0290390161494703,47.36,28.46,61.1,18.93,2.9,FAIRLY VALUED
CME,Financials (S&P 500),2024-08-31,0.1114675060764234,0.07,0.0340973208931121,0.1114675060764234,0.0463071337263127,2.256544478569574,1.6687387002808425,0.437303942678102,0.959203036053131,-0.0071923663175884,15.41,-1.46,11.49,16.9,36.32,UNDERVALUED
CTSH,Information Technology (S&P 500),2024-08-31,-0.0038604076590488,0.07,0.7051315628322707,-0.0038604076590487,0.0570492545864263,1.5818090466177674,1.1902248071407662,0.2304684695701011,0.7797131147540983,0.0350236657226147,44.34,-0.84,10.38,19.5,-18.64,OVERVALUED
CL,Consumer Staples (S&P 500),2024-08-31,0.0829298157733622,0.07,0.1756270646862228,0.0829298157733622,0.0367947376720984,1.5163985263576467,1.10411818166357,0.2913814905400656,0.6167664670658682,-0.0970136291379084,6.44,23.99,48.39,14.58,-11.73,OVERVALUED
KO,Consumer Staples (S&P 500),2024-08-31,0.063947539763743,0.07,0.2042407543560468,0.0639475397637429,0.0375739162736732,1.4047990178677554,1.017941045166824,0.2682582445720288,0.5105740181268882,-0.1108497224170714,4.48,23.08,25.01,13.4,32.17,UNDERVALUED
CMCSA,Communication Services (S&P 500),2024-08-31,0.001194133100546,0.07,0.6377200910512725,0.001194133100546,0.1651389644860471,3.939372220275605,2.783975708694811,0.681031682658974,1.0,-0.6680368174525058,4.73,-3.97,-12.91,22.53,-22.73,OVERVALUED
ED,Utilities (S&P 500),2024-08-31,-0.0642629227823867,0.07,0.1017499361556286,-0.0642629227823867,0.0843604219486276,1.002312081737541,0.5796015528289632,0.2790840830845028,0.0680894308943089,-0.7259873682680201,-9.76,15.87,18.26,17.43,14.02,UNDERVALUED
FIX,Industrials (S&P 500),2024-08-31,0.2575609294255288,0.1144662588124496,1.7322191293968323,0.2575609294255288,0.0189826780099151,0.8675022353606826,0.8842004599835305,0.3533418089868378,0.3203007518796992,-0.0041157757522096,85.45,10.7,92.28,42.77,375.95,UNDERVALUED
COP,Energy (S&P 500),2024-08-31,-0.2847733584732591,0.07,0.337476434612303,-0.2847733584732591,0.0973959526004619,0.379014431378654,1.0456820883428062,0.2201969285771889,0.5741293532338309,-0.1056557988310616,44.49,3.32,-1.42,21.73,26.22,UNDERVALUED
STZ,Consumer Staples (S&P 500),2024-08-31,0.0538687768444661,0.07,0.5666739862291057,0.053868776844466,0.0311774723059656,0.8704811566306836,0.5729922457702098,0.1890689113401201,0.0101626016260162,-0.2962795134615552,-58.99,-2.15,-6.17,19.0,-41.4,OVERVALUED
CEG,Utilities (S&P 500),2024-08-31,0.019558101472995,0.0962028613171371,1.5091485317559403,0.019558101472995,0.0194153787229276,0.1825363284441625,0.1901624958845062,0.0845503859674984,0.0,-0.1442828323895799,-30.32,12.37,90.3,42.92,40.37,UNDERVALUED
CPAY,Financials (S&P 500),2024-08-31,0.096462665980767,0.07,0.974402957495106,0.096462665980767,0.043944622518352,1.9350958051975613,1.3681944707752616,0.4427289611298019,0.780835881753313,-0.2356728060124055,25.94,12.03,16.13,25.58,30.57,UNDERVALUED
CTVA,Materials (S&P 500),2024-08-31,-0.0131194500143225,0.0740295498485653,0.7961169059210034,-0.0131194500143225,0.0323501014063317,0.7650759755832004,0.6236791822408895,0.1292065593786898,0.0,0.0039371853794819,3.25,7.19,14.51,30.68,41.54,UNDERVALUED
COST,Consumer Staples (S&P 500),2024-08-31,0.0675731646060435,0.0747823651386038,0.8330455980049694,0.0675731646060435,0.0067831934159014,0.2532031022486456,0.2115660252149363,0.049056022571267,0.0,0.0123221213645319,62.48,17.9,67.21,19.39,5.76,UNDERVALUED
CSX,Industrials (S&P 500),2024-08-31,-0.0131959873426243,0.07,0.6395018331096183,-0.0131959873426243,0.0729619664245508,1.524405365095721,1.077977112291081,0.2661032599801934,0.603,-0.270101009459143,8.71,-10.07,15.05,17.69,52.58,UNDERVALUED
CMI,Industrials (S&P 500),2024-08-31,0.2134002992092327,0.07,0.7292037693449939,0.2134002992092327,0.0379208417380539,2.8425836662272017,2.0445303586964707,0.7092280130103797,0.957957957957958,-0.116961134295853,59.16,16.68,39.55,22.98,95.64,UNDERVALUED
CRH,Materials (S&P 500),2024-08-31,0.068025547779849,0.0855803184936625,1.3403116515602156,0.068025547779849,0.0522495871768639,1.273824201175741,1.242132015782868,0.3610846908252921,0.7157956547269524,-0.1087626910885032,88.0,10.03,62.99,29.06,4.88,FAIRLY VALUED
DRI,Consumer Discretionary (S&P 500),2024-08-31,0.0860237609412841,0.07,0.5532890918830315,0.0860237609412841,0.0783390050026964,3.3313374796334863,2.4165641309226187,0.6972905350113272,0.9940652818991098,-0.2961465673980359,-5.07,-7.45,5.39,20.52,46.61,UNDERVALUED
CVS,Health Care (S&P 500),2024-08-31,0.1094964756083567,0.07,0.3912036811851836,0.1094964756083568,0.2815847479907064,12.595996511523502,9.148676457114249,2.61917515209242,1.0,-1.0419103543225068,-42.05,-20.9,-8.73,30.08,76.54,UNDERVALUED
DHR,Health Care (S&P 500),2024-08-31,-0.1033292046691438,0.07,0.7633414989594098,-0.1033292046691438,0.029370233476612,0.4207291428395189,0.329495543804904,0.0845177562420705,0.0,-0.0695493461509897,54.22,5.35,15.14,23.21,-18.81,OVERVALUED
DVA,Health Care (S&P 500),2024-08-31,0.045672510016026,0.07,0.5122405107616652,0.0456725100160259,0.1094199413414744,3.1316063382032207,2.1207108823495995,0.6161209197505331,0.9780658025922232,-0.8009029003405885,16.66,20.03,47.35,34.99,16.11,UNDERVALUED
DE,Industrials (S&P 500),2024-08-31,0.1748371748371748,0.07,0.7647655159781782,0.1748371748371748,0.0437582266238151,2.938943400189591,2.0606584316237773,1.0091729545393495,0.8869475847893115,-0.5315934669809735,-29.93,6.66,-4.73,23.27,65.29,UNDERVALUED
DECK,Consumer Discretionary (S&P 500),2024-08-31,0.1820857246988518,0.0985123205373267,1.3567141020099387,0.1820857246988519,0.0169422352161634,0.7307961779524661,0.7756141374341621,0.3002133717987266,0.1886304909560723,0.0503102320350153,45.35,3.53,81.31,39.95,-44.42,OVERVALUED
DVN,Energy (S&P 500),2024-08-31,-0.2040273358025979,0.07,0.6258450990493157,-0.2040273358025979,0.1191428461076716,0.6005630598897308,1.0582858838557776,0.2252012811619936,0.5836653386454184,-0.2073946508546976,10.45,2.65,-8.38,25.98,16.59,UNDERVALUED
FANG,Energy (S&P 500),2024-08-31,-0.1282667781726949,0.07,0.4530654758113642,-0.1282667781726949,0.0437282973871389,0.3852787751984586,0.3399001750106253,0.1040356818492129,0.0,-0.1874659876465227,67.5,11.48,36.5,24.57,13.69,UNDERVALUED
DAL,Industrials (S&P 500),2024-08-31,0.1476019137242497,0.07,1.2514632868686306,0.1476019137242497,0.1699131353135741,10.540835411143762,7.665484603835692,2.8782765078250137,1.0,-0.9182035014192076,-38.18,2.76,0.14,31.16,95.16,UNDERVALUED
DELL,Information Technology (S&P 500),2024-08-31,-0.1356389478108718,0.1009982743966119,1.842349938675547,-0.1356389478108718,0.1049295267829617,0.4760337511012443,0.6782194520246342,0.2202431920280257,0.0891946992864424,-0.2353676757831308,74.55,-4.42,109.05,60.1,288.03,UNDERVALUED
DG,Consumer Staples (S&P 500),2024-08-31,0.0223741330494444,0.07,0.504945445878706,0.0223741330494445,0.0877424154655436,1.7486646311970817,1.0345959384335963,0.4198060512613981,0.5196770938446014,-1.008928702984505,-33.82,-43.64,-39.0,46.34,52.24,UNDERVALUED
DLTR,Consumer Staples (S&P 500),2024-08-31,0.088868701943354,0.07,0.647712396267355,0.0888687019433539,0.0820181339379382,3.224628711951468,2.293268956069416,0.6550061471436486,0.992992992992993,-0.3771227950819866,-32.74,-42.3,-30.95,31.26,52.03,UNDERVALUED
DPZ,Consumer Discretionary (S&P 500),2024-08-31,-0.0127392521926721,0.07,0.7148287965964303,-0.0127392521926721,0.0463510950088595,0.8284136809545141,0.5266834651221651,0.1811594878794359,0.0009606147934678,-0.3664837973739648,3.49,-7.38,8.24,28.11,-16.48,OVERVALUED
DOW,Materials (S&P 500),2024-08-31,-0.2158096376225792,0.07,0.7763270908614601,-0.2158096376225791,0.1025189881699592,0.527691897245649,0.9388719068182698,0.240744244295691,0.4251256281407035,-0.3992126103159008,166.86,-3.62,3.39,19.46,-31.47,OVERVALUED
DOV,Industrials (S&P 500),2024-08-31,-0.0203588038715102,0.0707504325603723,0.8511326245032628,-0.0203588038715102,0.0267754102584551,0.5168382122337051,0.3588230441804507,0.1016612096967163,0.0,-0.1283840720018709,37.38,11.45,27.01,20.6,9.44,UNDERVALUED
EBAY,Consumer Discretionary (S&P 500),2024-08-31,0.0323634507401735,0.07,0.7302208593147562,0.0323634507401735,0.0482816459931515,1.3845854787038114,0.9751868430575796,0.2413559928485239,0.4695912263210369,-0.2095958657628976,23.59,22.66,34.81,24.48,81.57,UNDERVALUED
ETN,Industrials (S&P 500),2024-08-31,0.1177717810331533,0.0993725107169632,1.5128415961453774,0.1177717810331534,0.0168893310723934,0.3609207353807334,0.3836136118103716,0.1503405607324631,0.0005175983436853,-0.0778188321341981,54.8,4.47,35.04,28.03,38.58,UNDERVALUED
ECL,Materials (S&P 500),2024-08-31,0.0798150523689367,0.07,0.5757376097052875,0.0798150523689367,0.0211828353420592,0.8029527307182732,0.5679705899988365,0.1618679960681803,0.0069582504970178,-0.11036114942806,32.4,12.62,39.23,20.1,13.48,UNDERVALUED
EOG,Energy (S&P 500),2024-08-31,-0.2139563271395632,0.07,0.3112265141076126,-0.2139563271395632,0.0748673460359412,0.4907534556094599,0.8106799016243604,0.1435014717920054,0.0928571428571428,0.016471020125162,6.89,12.75,4.29,23.17,26.17,UNDERVALUED
EW,Health Care (S&P 500),2024-08-31,0.1223118279569892,0.0821235770173506,0.9880490234522822,0.1223118279569892,0.0077497882103963,0.3057393438380676,0.2872743367590101,0.0882360302035474,0.0,0.0106342109661032,0.46,-19.6,-8.51,41.91,28.4,UNDERVALUED
EFX,Industrials (S&P 500),2024-08-31,0.0279176916168832,0.0851672785339626,1.231658408895458,0.0279176916168833,0.0202326804347102,0.2923670548040326,0.2752435144281074,0.1036302827397801,0.0,-0.1475536912373745,58.71,14.29,49.61,29.81,-36.29,OVERVALUED
EQR,Real Estate (S&P 500),2024-08-31,0.0507403534685102,0.07,0.6820466004460785,0.0507403534685103,0.0778796961771504,2.552925389613735,1.8004773322289456,0.4507827034188721,0.9792899408284024,-0.2924575622307012,21.99,21.59,20.48,20.29,-7.71,OVERVALUED
EQIX,Real Estate (S&P 500),2024-08-31,0.127357841112488,0.0715088340863158,1.0000829621835894,0.1273578411124879,0.0204636431320163,0.8215490781338516,0.5876137987489155,0.2222520623708734,0.0446343779677113,-0.2032915046136792,3.66,-7.71,9.04,25.82,35.39,UNDERVALUED
ESS,Real Estate (S&P 500),2024-08-31,0.0389472583634447,0.07,0.8002606596873195,0.0389472583634446,0.0338247009656601,0.8399736658054625,0.5321456667072515,0.1763852181081387,0.0,-0.3265770786204462,33.42,26.32,31.7,22.14,2.61,FAIRLY VALUED
EXE,Energy (S&P 500),2024-08-31,-0.3205453115441754,0.07,0.6217287416649797,-0.3205453115441755,0.1291910196745418,0.4010763086582626,1.3997614852152356,0.2793917237001061,0.921,-0.1119688462992293,-15.96,-7.53,-12.99,24.13,36.19,UNDERVALUED
EXPD,Industrials (S&P 500),2024-08-31,-0.455219068466086,0.07,0.6444322868627509,-0.455219068466086,0.0838106018351426,0.1695970302266036,0.9434688600448732,0.154833728581327,0.3840725806451613,0.0567935942538746,120.2,3.5,7.0,20.14,54.6,UNDERVALUED
EXPE,Consumer Discretionary (S&P 500),2024-08-31,0.1004542727350648,0.0756569321118896,1.2094565645156328,0.1004542727350647,0.0733121571937103,2.9811042170352557,2.498747782140041,0.7682814677498748,0.9984459984459984,-0.1243884949414464,1.73,2.63,28.32,43.26,135.96,UNDERVALUED
EXR,Real Estate (S&P 500),2024-08-31,0.3305705836802362,0.0708715111921133,0.9920396468397484,0.3305705836802362,0.0445267317876534,5.2727509446828655,2.9707878234790623,0.9418022000199542,0.9874274661508704,-0.3254250754197989,48.7,22.6,42.79,29.99,-9.23,OVERVALUED
XOM,Energy (S&P 500),2024-08-31,-0.1604765786668338,0.07,0.1671721761272865,-0.1604765786668338,0.0846931027580257,0.8897564882267724,0.9889318676385256,0.1907798410691508,0.4792719919110212,-0.0228426668037651,51.49,14.85,9.79,20.29,50.2,UNDERVALUED
FDS,Financials (S&P 500),2024-08-31,0.1310358741184407,0.07,0.6362444103724162,0.1310358741184407,0.0475049101760537,2.809176257740466,2.076944788146889,0.7071995495428505,0.963917525773196,-0.090082341695769,-24.52,-8.6,-2.2,20.37,-27.33,OVERVALUED
FAST,Industrials (S&P 500),2024-08-31,0.052445348537375,0.07,0.6366578639016456,0.052445348537375,0.0301185657513914,1.121534312656341,0.8267881580075396,0.1927971804197727,0.2089249492900608,-0.0083809750140349,42.67,-7.65,22.13,21.31,54.83,UNDERVALUED
FDX,Industrials (S&P 500),2024-08-31,-0.0273085242083078,0.07,0.8071191232223321,-0.0273085242083079,0.0664652676798379,1.023513640687553,0.6191087270347493,0.2366855471842286,0.0559511698880976,-0.552988701465702,13.47,22.35,16.79,28.81,41.09,UNDERVALUED
FICO,Information Technology (S&P 500),2024-08-31,0.0989544533751551,0.0860321140498502,1.1064822465598465,0.0989544533751552,0.0111337831750302,0.3015089117777472,0.2939512346819909,0.0994591130032896,0.0,-0.0411845286944145,210.44,32.97,91.28,30.6,-33.55,OVERVALUED
FE,Utilities (S&P 500),2024-08-31,0.0329882013002649,0.07,0.286273414535856,0.0329882013002648,0.0609435917488193,0.9762595828543552,0.4428177156486271,0.3058216038259009,0.016267942583732,-1.0649153533039009,13.19,20.35,27.19,17.62,16.48,UNDERVALUED
FIS,Financials (S&P 500),2024-08-31,0.0114197530864197,0.07,0.8588212204795889,0.0114197530864197,0.0671258481464768,1.6067476312836235,1.0887214535642238,0.3057538909860868,0.6159921026653504,-0.4137819750249757,12.95,19.89,51.81,23.36,-48.21,OVERVALUED
FISV,Financials (S&P 500),2024-08-31,0.0764503580086823,0.07,0.7351369099080138,0.0764503580086824,0.0363481952866996,1.2915712974265128,0.9015215496720064,0.2638406963813376,0.3648915187376725,-0.2124336070694,16.37,16.41,43.83,17.17,-70.57,OVERVALUED
FTNT,Information Technology (S&P 500),2024-08-31,0.200887399827953,0.0705749666472928,0.7270494520486853,0.2008873998279531,0.0180713891788867,1.4474248011780224,1.1159990008773777,0.3918010943084814,0.5672514619883041,0.0069480240330504,12.44,7.45,27.4,39.32,96.57,UNDERVALUED
F,Consumer Discretionary (S&P 500),2024-08-31,0.1147307616872395,0.07,1.2673406480844331,0.1147307616872394,0.1188145236680233,2.7001356883065646,1.1805838988987924,1.140331790148677,0.5283926852743022,-3.198150540551608,-49.94,-9.71,-1.1,38.0,40.83,UNDERVALUED
FLEX,Information Technology (S&P 500),2024-08-31,-0.0732229317240895,0.0850702809539845,1.2509205083015826,-0.0732229317240895,0.1099421747993374,1.2719572443948957,1.2203775941776978,0.3159373007230794,0.720048163756773,-0.0963102883164084,82.99,8.41,56.27,36.2,239.55,UNDERVALUED
BEN,Financials (S&P 500),2024-08-31,-0.0514664120938214,0.07,1.0108240889088398,-0.0514664120938213,0.1295117075631452,2.0149725887835226,1.299711065402897,0.4352416973630801,0.7304609218436874,-0.819834746490987,49.3,-25.13,-20.56,30.73,87.92,UNDERVALUED
GD,Industrials (S&P 500),2024-08-31,0.0727028192960641,0.07,0.3972635034099442,0.0727028192960641,0.0221294485016558,0.8016637780209561,0.5640592735774131,0.1649930139941895,0.0039100684261974,-0.1163236477200559,19.56,10.06,34.92,17.7,33.99,UNDERVALUED
GEHC,Health Care (S&P 500),2024-08-31,0.0660269341911563,0.0767978944213498,1.1526665119213633,0.0660269341911564,0.0669575689287514,1.9867763071163609,1.690884322871687,0.4522793833189726,0.9530791788856304,-0.1914892430115811,22.6,-8.46,20.59,30.17,-12.37,OVERVALUED
GE,Industrials (S&P 500),2024-08-31,0.2130821236144,0.0870179167921441,1.1786351388676188,0.2130821236143999,0.0470627440153127,2.835778648416244,2.901633676640829,1.2759971627510556,0.9807355516637478,-0.0283201190195439,-11.78,36.36,92.08,27.71,99.65,UNDERVALUED
FCX,Materials (S&P 500),2024-08-31,0.0032923617208078,0.0905565484498271,1.3610792596878765,0.0032923617208077,0.0482645683649934,0.7530065019812061,0.7561773599100466,0.2160220409376903,0.1535063500828271,-0.0822395540596759,33.08,16.24,12.47,34.43,64.96,UNDERVALUED
GEN,Information Technology (S&P 500),2024-08-31,0.1456135061802834,0.0700845663441485,0.8309113956500772,0.1456135061802833,0.0552305223928629,3.1782634997266976,2.2723407893153778,0.9328553424388788,0.9392378990731204,-0.4914690694407834,30.03,23.15,33.56,30.78,10.49,UNDERVALUED
GPC,Consumer Discretionary (S&P 500),2024-08-31,0.0450144014929778,0.07,0.7374940243622371,0.0450144014929779,0.0338978245883854,1.010822094306028,0.6883267098913084,0.1987554628373056,0.0656716417910447,-0.2023726153980072,-18.52,-3.81,-4.26,25.47,-0.79,FAIRLY VALUED
GIS,Consumer Staples (S&P 500),2024-08-31,-0.0117944481492171,0.07,-0.1390641804853918,-0.0117944481492171,0.0753219003124766,1.5165854500845215,1.040953452128751,0.2808311832174414,0.5419103313840156,-0.3530046848136753,-8.64,14.35,10.84,19.33,-39.38,OVERVALUED
GNRC,Industrials (S&P 500),2024-08-31,-0.1187516389224614,0.096375960902571,1.5402683602201015,-0.1187516389224614,0.0343576756212081,0.1350568180543075,0.1804616057790191,0.0822713875284852,0.0,-0.1628081266119637,95.77,38.25,31.75,38.09,32.08,UNDERVALUED
GILD,Health Care (S&P 500),2024-08-31,-0.0060481653898317,0.07,0.2022875159486031,-0.0060481653898317,0.04824669156062,1.0886110563160831,0.7628035506251595,0.1934926000855575,0.112950340798442,-0.2033771555474128,-15.67,11.82,7.64,24.21,92.31,UNDERVALUED
HAL,Energy (S&P 500),2024-08-31,0.134059220574469,0.07,0.582184908289791,0.1340592205744691,0.0905414517374929,5.379055062637932,3.980521420983457,1.3839528936258247,1.0,-0.248790654712577,-37.99,-10.75,-18.01,26.74,20.61,UNDERVALUED
GDDY,Information Technology (S&P 500),2024-08-31,0.0397917532324689,0.0724954619191885,0.8677108584206258,0.0397917532324689,0.0518971781929268,1.5128332448364163,1.1714827990875067,0.278212480959151,0.7004444444444444,-0.1462064387140674,71.29,50.47,130.88,24.41,-41.35,OVERVALUED
HCA,Health Care (S&P 500),2024-08-31,0.0786113924260787,0.07,0.6537342306029315,0.0786113924260787,0.0717505829927639,2.6780831072640354,1.868052449770319,0.5352715078987326,0.961577350859454,-0.3953793507475997,45.05,26.46,43.88,24.01,4.23,FAIRLY VALUED
HSIC,Health Care (S&P 500),2024-08-31,-0.0243536016446588,0.07,0.5379776577153481,-0.0243536016446588,0.0397871814910913,0.7185884198113728,0.4703293509414938,0.1454439147302608,0.0,-0.2818467586362349,15.73,-8.13,-7.83,24.46,25.39,UNDERVALUED
HLT,Consumer Discretionary (S&P 500),2024-08-31,0.1666476689843838,0.0731801087946358,0.9379526424339846,0.1666476689843839,0.0367200024500093,2.087337505096993,1.642732260858784,0.6145609152139968,0.8697552447552448,-0.1680366430967247,54.81,8.67,48.21,19.83,50.64,UNDERVALUED
HSY,Consumer Staples (S&P 500),2024-08-31,0.0715689565914927,0.07,0.260183256263761,0.0715689565914926,0.0327895047050048,1.2600258973094371,0.8938839611864643,0.2459115520513561,0.3244019138755981,-0.1274095927138582,-22.09,6.37,-7.69,20.48,3.81,FAIRLY VALUED
HD,Consumer Discretionary (S&P 500),2024-08-31,-0.0300756656480498,0.075553795073435,0.9840902289816374,-0.0300756656480499,0.0519026732880734,0.8902254365902504,0.7295103560551627,0.1889174104218138,0.0921155347384855,-0.1385974627184711,23.29,-1.27,14.46,20.68,-5.14,OVERVALUED
HON,Industrials (S&P 500),2024-08-31,-0.0692776180003383,0.07,0.6346194191132848,-0.0692776180003383,0.0834340303445507,1.2044977561592505,0.8778323983576475,0.2493631120830043,0.3140578265204387,-0.2115004145120463,2.44,5.48,13.1,16.05,10.56,UNDERVALUED
HPE,Information Technology (S&P 500),2024-08-31,0.0224241998877035,0.07,1.3324288096517711,0.0224241998877035,0.0883550872466399,2.417978199756097,1.6929910003873598,0.4268074771794024,0.944558521560575,-0.3909260739568436,18.43,14.46,17.27,34.34,186.86,UNDERVALUED
HRL,Consumer Staples (S&P 500),2024-08-31,-0.0279959411840909,0.07,0.2850785163062188,-0.0279959411840909,0.1219908685830302,2.8530754261471523,2.099646702957231,0.4501692886835763,0.9960435212660732,-0.1580774981736107,-8.29,-1.93,-12.67,28.11,-19.13,OVERVALUED
HST,Real Estate (S&P 500),2024-08-31,0.0823313633584674,0.0712536043462014,1.081408571776511,0.0823313633584675,0.0804814976709048,2.953004377920683,2.1593640414562234,0.5957715126217267,0.9915254237288136,-0.3331180945893222,-4.0,-14.2,18.43,23.8,49.17,UNDERVALUED
HWM,Industrials (S&P 500),2024-08-31,0.1725233974924951,0.0847211685732403,1.116134516524476,0.1725233974924951,0.0282628268793961,1.2224933670158584,1.2099778139143629,0.4981439185755242,0.6076876143990237,-0.081790927156197,63.8,42.8,96.05,31.57,184.48,UNDERVALUED
HPQ,Information Technology (S&P 500),2024-08-31,-0.1461134954697186,0.07,0.7991707560339222,-0.1461134954697186,0.1193044148845032,1.1697735873873665,1.1952116608009158,0.2660442786668346,0.7643504531722054,-0.2331175902509442,45.7,26.59,26.07,29.03,-11.04,OVERVALUED
HUBB,Industrials (S&P 500),2024-08-31,0.0858950261727198,0.0904286382695731,1.328703575785012,0.0858950261727197,0.0414723658563371,1.0313798290894476,1.062634319629431,0.3557423296101523,0.5013683634373289,-0.0929333569357195,29.1,3.78,24.35,29.47,20.05,UNDERVALUED
IBM,Information Technology (S&P 500),2024-08-31,0.0219725755823558,0.07,0.6988479367485402,0.0219725755823558,0.0452156679072963,1.1294351479041151,0.7738948183932333,0.2174060487982529,0.1789802289281997,-0.267334342328736,-45.92,6.66,43.13,21.4,21.97,UNDERVALUED
HII,Industrials (S&P 500),2024-08-31,0.0728737354814537,0.07,0.5532246168710685,0.0728737354814537,0.0630550459956594,2.4102839373428027,1.739547675121244,0.4661717660340045,0.9622641509433962,-0.2078373219526299,3.37,-3.67,30.91,23.91,10.65,UNDERVALUED
IEX,Industrials (S&P 500),2024-08-31,0.0289135422232,0.0705264414837939,0.7966157751070141,0.0289135422231999,0.0344297925903748,1.0494879058952953,0.7834676018761874,0.1780740791160288,0.119140625,-0.0535403121844006,-11.93,-12.54,-7.64,19.32,16.52,UNDERVALUED
ITW,Industrials (S&P 500),2024-08-31,0.0109841827768013,0.07,0.5910779537980064,0.0109841827768014,0.0451495760731146,1.1981954284111305,0.8611691233508076,0.2012268454112477,0.2613412228796844,-0.1012026630139045,13.65,-1.17,4.69,15.64,17.25,UNDERVALUED
INCY,Health Care (S&P 500),2024-08-31,0.0886734509012014,0.07,0.2993368622940093,0.0886734509012014,0.0099632852982327,0.6527220637097143,0.5388357193933022,0.0728858319322204,0.0,0.2156011961647533,-49.71,9.95,1.75,26.57,93.76,UNDERVALUED
IDXX,Health Care (S&P 500),2024-08-31,0.0871995091651411,0.092075368382011,1.229769938009964,0.0871995091651412,0.0040501945837152,0.0916743851263122,0.0953508677893856,0.0346057025919706,0.0,-0.0153486513795961,-4.15,-15.75,-5.88,28.52,13.41,UNDERVALUED
IR,Industrials (S&P 500),2024-08-31,0.1622297719858696,0.088433244050417,1.1957936299001743,0.1622297719858695,0.0262241128676707,0.9520084289344252,0.96435885685673,0.3509712771751925,0.3917995444191344,-0.0317719756193629,24.09,-0.03,31.5,25.79,-13.09,OVERVALUED
IBKR,Financials (S&P 500),2024-08-31,0.8575858778625953,0.2130333495181876,0.5943269467902837,0.8575858778625954,0.1956164201947876,25.874239335075654,3.6398112815670056,0.4120016911106932,1.0,0.2731353585060841,20.05,16.51,42.39,23.84,181.27,UNDERVALUED
ICE,Financials (S&P 500),2024-08-31,0.0277085927770859,0.07,0.6297775818842527,0.0277085927770859,0.1164097743630999,3.5551891936470765,2.5725545160009458,0.5593210962767816,1.0,-0.2435514391383283,7.52,17.78,38.82,16.15,0.55,FAIRLY VALUED
INTU,Information Technology (S&P 500),2024-08-31,0.1290271884331291,0.0943949416255855,1.307402830583818,0.129027188433129,0.0122803533286284,0.329692082771342,0.3494513231272119,0.1183300435994941,0.0005285412262156,-0.0221187318966523,13.45,-5.45,17.03,26.59,-41.56,OVERVALUED
IQV,Health Care (S&P 500),2024-08-31,0.0398334489937544,0.081505216831943,1.271154218735462,0.0398334489937543,0.0384953579255318,0.689495801617741,0.6093696093412015,0.2121538297982907,0.042847725774555,-0.2742226810438574,-0.82,-0.0,12.99,29.9,1.79,FAIRLY VALUED
JKHY,Financials (S&P 500),2024-08-31,0.0693906584232513,0.07,0.6028448414070658,0.0693906584232512,0.0152176223011122,0.5985648383991797,0.4372034649297025,0.103770622617209,0.0,-0.0214197441821119,-2.25,0.34,11.83,18.83,-1.9,FAIRLY VALUED
J,Industrials (S&P 500),2024-08-31,0.109203508018032,0.07,0.8222447679682753,0.1092035080180319,0.0467415539647173,2.086179012923473,1.502727382431878,0.4339192317544766,0.8732809430255403,-0.1745107152596648,10.49,2.96,12.82,21.33,20.62,UNDERVALUED
JCI,Industrials (S&P 500),2024-08-31,0.0820855744536512,0.0778687740592989,1.0795187656775682,0.0820855744536512,0.0500353682526204,1.5138312664698776,1.296462425605953,0.3761100411227059,0.7503607503607503,-0.1651520313174265,41.29,22.05,26.44,25.23,101.18,UNDERVALUED
JNJ,Health Care (S&P 500),2024-08-31,0.0646205775721964,0.07,0.1053714709770271,0.0646205775721965,0.0240305383943257,0.9537864458857384,0.7027873632269885,0.1694568777361915,0.0475708502024291,-0.0196617305537571,-0.32,5.4,5.83,15.34,69.33,UNDERVALUED
KDP,Consumer Staples (S&P 500),2024-08-31,0.0538521732944441,0.07,0.2059882725543854,0.053852173294444,0.0793725813944085,2.6404867431284336,1.8439886571198507,0.4576551383935114,0.979633401221996,-0.303726402847808,-17.54,27.5,11.75,18.23,-8.15,OVERVALUED
KMB,Consumer Staples (S&P 500),2024-08-31,-0.1501363073110284,0.07,0.2106376500296507,-0.1501363073110285,0.0245254515847435,0.1249236529381901,0.1357549093277442,0.0599420645983343,0.0,-0.1565133028442558,37.72,19.36,16.62,18.07,-18.35,OVERVALUED
KEYS,Information Technology (S&P 500),2024-08-31,0.0081180811808116,0.0956382789098405,1.377799239807408,0.0081180811808118,0.04136127812889,0.6711938959960339,0.6970121375694356,0.1752382042886651,0.0726698262243285,0.016574164035244,-18.86,-2.15,15.62,29.19,105.37,UNDERVALUED
KR,Consumer Staples (S&P 500),2024-08-31,0.0120128424773031,0.07,0.1766804235876368,0.012012842477303,0.0351054391589142,0.5680668738143692,0.2927171823061384,0.1534894378905139,0.0,-0.4729779880820067,10.69,9.01,17.53,20.86,10.46,UNDERVALUED
KHC,Consumer Staples (S&P 500),2024-08-31,0.005852369265622,0.07,0.1570501231302759,0.005852369265622,0.0587093816509698,1.2390767448817694,0.8042223132850344,0.2610136883707709,0.2616161616161616,-0.4797148170308853,-17.6,4.65,12.1,20.37,-19.81,OVERVALUED
LH,Health Care (S&P 500),2024-08-31,0.0250929289693946,0.07,0.43659805277473,0.0250929289693945,0.0756266511233442,2.14986670591424,1.5225180387177863,0.3590728308709076,0.9250493096646942,-0.2863375545466959,65.26,5.64,11.97,21.3,47.59,UNDERVALUED
LHX,Industrials (S&P 500),2024-08-31,0.1381432422928143,0.07,0.3333465595948792,0.1381432422928144,0.061786102059596,3.1322719810084165,2.218319776396519,0.6874336982673169,0.9809428284854564,-0.2900191985026606,13.58,10.75,35.99,21.16,18.48,UNDERVALUED
LVS,Consumer Discretionary (S&P 500),2024-08-31,1.5236009732360096,0.07,0.9193290132776551,1.5236009732360096,0.1148184383311186,2769.3008236114383,13.175175156310488,2.9975821348058407,1.0,-0.3171508203908807,-91.16,-22.36,-27.66,28.18,23.02,UNDERVALUED
LLY,Health Care (S&P 500),2024-08-31,0.195596571997169,0.0801596145206782,0.9644873750419524,0.195596571997169,0.0079434671728602,0.4938830675399349,0.4562419714966127,0.1978797733061256,0.0167336010709504,-0.0263144280712528,81.42,21.55,74.39,30.23,31.44,UNDERVALUED
LYV,Communication Services (S&P 500),2024-08-31,0.3623866047480604,0.0743188132947861,1.1616931427902326,0.3623866047480603,0.0469266610572813,7.110273082800309,3.932115766664653,1.1513698952905689,0.998326359832636,-0.096813326013033,-10.82,-1.04,15.54,27.63,86.36,UNDERVALUED
LIN,Materials (S&P 500),2024-08-31,-0.015285936938017,0.07,0.4845629508975293,-0.015285936938017,0.0265452205171774,0.604847563334383,0.436008148926695,0.1032687045714982,0.0,-0.0696090880949269,16.05,5.62,25.13,15.88,3.27,FAIRLY VALUED
LOW,Consumer Discretionary (S&P 500),2024-08-31,-0.1100567695937522,0.0704587501054298,1.004712483468256,-0.1100567695937522,0.0540218228273126,0.4922556646290274,0.3861370181646615,0.1455719833328999,0.0019193857965451,-0.2860662693716682,3.08,3.63,10.05,23.02,-9.02,OVERVALUED
LMT,Industrials (S&P 500),2024-08-31,0.0240512851600387,0.07,0.0272024493747148,0.0240512851600387,0.0652652404197858,1.9466625120361047,1.4116429869930065,0.3176021534223518,0.8895582329317269,-0.1238252184950004,-4.35,32.41,29.42,17.5,6.03,UNDERVALUED
MPC,Energy (S&P 500),2024-08-31,-0.1638405662344395,0.07,0.6052263391966092,-0.1638405662344395,0.2676425728474076,2.0232742784230062,2.511723079912708,0.550667311559247,1.0,-0.3679195425940497,68.47,2.92,26.55,28.04,110.35,UNDERVALUED
MAR,Consumer Discretionary (S&P 500),2024-08-31,0.1415298705049823,0.0746007964959059,0.9728850171038428,0.1415298705049824,0.0603811427956632,2.93246300561101,2.390728128801697,0.8276823300273295,0.989549839228296,-0.1854658770391087,28.67,-4.62,16.5,21.64,54.69,UNDERVALUED
MRSH,Financials (S&P 500),2024-08-31,0.0972972972972971,0.07,0.3474543658829221,0.0972972972972973,0.0307032958019006,1.4127267171018487,1.0195030162573306,0.3124077255318546,0.4732510288065844,-0.1117855725761046,11.3,13.52,18.39,14.82,-13.38,OVERVALUED
MA,Financials (S&P 500),2024-08-31,0.1286594414714215,0.0700985243355872,0.7286138992332487,0.1286594414714215,0.0247511165807833,1.3650183024811284,1.0105694172397994,0.2913727669416324,0.4811031664964249,-0.0159008551176987,17.75,3.47,17.83,16.41,20.15,UNDERVALUED
MKC,Consumer Staples (S&P 500),2024-08-31,0.0490827493898118,0.07,0.3309617673492533,0.0490827493898118,0.037830989444394,1.1532162337105984,0.7866532830993664,0.2127118296709824,0.1794354838709677,-0.2178340366695079,-7.62,18.21,-0.17,24.96,-27.12,OVERVALUED
MAS,Industrials (S&P 500),2024-08-31,-0.0821428571428571,0.0727487575811948,0.9630077511744274,-0.0821428571428571,0.0487240533560453,0.6203018430036767,0.4885670891723084,0.1480809224500025,0.0,-0.1538319398758946,47.88,2.98,37.14,26.95,-4.91,FAIRLY VALUED
MCD,Consumer Discretionary (S&P 500),2024-08-31,0.0997756880338194,0.07,0.390778287410701,0.0997756880338193,0.0493207936538281,2.124221226894849,1.5094904226301524,0.4675744935023253,0.8720812182741117,-0.2437795517819219,-12.97,-0.14,4.55,17.51,-2.26,FAIRLY VALUED
MCK,Health Care (S&P 500),2024-08-31,0.1165114505747875,0.07,-0.1406516454617107,0.1165114505747874,0.0508019894472704,2.628251286295044,1.946246587177216,0.5658741237174372,0.9829145728643216,-0.0386436362544036,79.0,5.28,36.75,20.38,50.58,UNDERVALUED
MDT,Health Care (S&P 500),2024-08-31,0.0364107983475838,0.07,0.4331054659204253,0.0364107983475838,0.0471774016329431,1.3889013514761392,0.975929696540482,0.2430834272524417,0.4754262788365095,-0.2180234756055497,8.32,5.94,12.44,18.62,11.16,UNDERVALUED
MRK,Health Care (S&P 500),2024-08-31,0.0140343774775231,0.07,0.2264063380709201,0.014034377477523,0.0149565348836336,0.3555820869389269,0.2344618346376002,0.0694414227626336,0.0,-0.1005151763154092,350.32,-3.33,11.59,20.01,34.38,UNDERVALUED
MTD,Health Care (S&P 500),2024-08-31,-0.0335228967252415,0.08750782445874,1.1800207144997117,-0.0335228967252415,0.0312283211616636,0.3955632156880462,0.3928117182874767,0.1118886319048687,0.0,-0.0649183167986597,3.69,11.86,18.59,32.55,-3.19,FAIRLY VALUED
MGM,Consumer Discretionary (S&P 500),2024-08-31,0.2313286970047956,0.07,1.4362346007188056,0.2313286970047956,0.2816580772213976,28.685836105964743,20.295001039513444,8.700344790326827,1.0,-2.3321831939814714,81.79,-10.52,-14.53,33.99,14.84,UNDERVALUED
MAA,Real Estate (S&P 500),2024-08-31,0.0636685799949106,0.07,0.7352902719818543,0.0636685799949105,0.0840134239800541,3.0081588901796037,2.1771690252524336,0.5167582602513355,0.9980544747081712,-0.2602667495294956,15.19,28.33,16.76,22.74,-11.39,OVERVALUED
MCHP,Information Technology (S&P 500),2024-08-31,-0.0953108891179921,0.1120223664449465,1.9216835800943723,-0.0953108891179921,0.0320508234683549,0.0781133431903675,0.0995556950405352,0.0540736392951116,0.0,-0.1360439284958053,20.05,-4.51,2.5,35.23,-3.11,FAIRLY VALUED
MDLZ,Consumer Staples (S&P 500),2024-08-31,0.143510287020574,0.07,0.2975534043369269,0.143510287020574,0.0611137725809583,3.499483446288568,2.569232083911431,0.8280332974974368,0.9970501474926252,-0.1993262318809674,-34.69,1.68,3.27,17.76,-4.93,FAIRLY VALUED
TAP,Consumer Staples (S&P 500),2024-08-31,0.093552004485562,0.07,0.526010873091632,0.0935520044855621,0.1317408457977257,5.414731426617066,3.877860605140291,1.0324798533098114,1.0,-0.5012003295249334,-65.56,-11.98,-12.37,22.7,-15.67,OVERVALUED
MOS,Materials (S&P 500),2024-08-31,-0.2838715412126409,0.07,0.9400255610840034,-0.2838715412126409,0.1471955106437833,0.4832788218540853,1.455412725317101,0.3469133334763834,0.8905180840664711,-0.4202766574458028,73.68,-7.41,-24.62,32.41,-12.77,OVERVALUED
MCO,Financials (S&P 500),2024-08-31,0.0819312362838331,0.080035894391965,1.0146817095533809,0.0819312362838332,0.018724915403407,0.5686012432925124,0.5085559622528336,0.1514640628166841,0.0033178500331785,-0.0603425044760264,46.92,28.01,46.02,20.41,3.91,FAIRLY VALUED
NDAQ,Financials (S&P 500),2024-08-31,-0.0260199164792804,0.07,0.6697311858758552,-0.0260199164792804,0.0279591175964087,0.4393718185942786,0.2590934320535846,0.1012943436751593,0.0,-0.2577246717413371,38.6,27.51,39.56,20.54,38.8,UNDERVALUED
NFLX,Communication Services (S&P 500),2024-08-31,0.0666680478435453,0.0817919457658386,1.000470175773004,0.0666680478435453,0.0207686847303638,0.5839970305667737,0.5347633545973517,0.1498303906069193,0.0019193857965451,-0.0244677360759879,90.87,13.89,61.72,32.39,14.27,UNDERVALUED
MSI,Information Technology (S&P 500),2024-08-31,0.0950395083406496,0.07,0.7168843675299,0.0950395083406497,0.035186640687944,1.579641243582815,1.158048058517361,0.3083264190892685,0.6663336663336663,-0.0673508994238115,23.7,32.37,57.7,17.45,9.43,UNDERVALUED
MSCI,Financials (S&P 500),2024-08-31,0.1246652358491824,0.0728260344652774,0.851840515543335,0.1246652358491824,0.0415855738970574,1.9836743149136131,1.5722263004951271,0.4824383577578657,0.9,-0.0932381820878249,-1.21,4.62,8.06,28.21,0.58,FAIRLY VALUED
NTAP,Information Technology (S&P 500),2024-08-31,-0.0147752279157498,0.0836686559914412,1.1548023000640084,-0.0147752279157497,0.0608613170260733,1.0017960050027974,0.953185051879663,0.2262043972470313,0.3930564166150031,-0.0312071025037899,65.82,17.85,60.76,32.32,65.79,UNDERVALUED
NEE,Utilities (S&P 500),2024-08-31,0.3415728192403131,0.07,0.5202667600542613,0.341572819240313,0.0215808657168922,3.0355221303467035,1.4462662437515277,0.5366185537744312,0.7866400797607178,-0.4494205341409483,-41.48,48.37,24.21,30.65,11.19,UNDERVALUED
NCLH,Consumer Discretionary (S&P 500),2024-08-31,0.7651419558359622,0.0763074954958115,1.7078852574614358,0.7651419558359621,0.0483319631770159,57.63156076776364,3.423103486560322,1.3332890348484256,0.9851961509992598,-1.793834229904912,-32.43,-7.88,7.97,51.66,-6.37,OVERVALUED
NDSN,Industrials (S&P 500),2024-08-31,0.0148069048959222,0.0733418803719349,0.9170446610039736,0.0148069048959223,0.0136571826469028,0.2482534967688224,0.1772245833249446,0.0627124523056861,0.0,-0.1223863427650782,22.53,-2.76,6.23,21.74,33.65,UNDERVALUED
NOC,Industrials (S&P 500),2024-08-31,0.0734386099120267,0.07,0.0064627346892656,0.0734386099120266,0.0177774130490216,0.5596079777907785,0.3731075448645332,0.1201802901279977,0.0,-0.165399401538029,78.94,14.23,22.33,21.56,11.38,UNDERVALUED
NUE,Materials (S&P 500),2024-08-31,-0.1637598766621699,0.07,0.7884027632782502,-0.1637598766621699,0.074428110025765,0.7733633386458927,0.8679854738171713,0.1744394885510367,0.2569169960474308,-0.0127182125582809,62.53,-18.32,-10.61,26.98,63.19,UNDERVALUED
NRG,Utilities (S&P 500),2024-08-31,-0.0862314935167866,0.07,1.064447189660476,-0.0862314935167866,0.2408748661218885,3.794199886639225,2.7932510233144034,0.7175731802228158,1.0,-0.6060898253183777,222.7,48.98,132.71,31.31,39.52,UNDERVALUED
ORLY,Consumer Discretionary (S&P 500),2024-08-31,0.0973215562122047,0.07,0.3484912651862196,0.0973215562122047,0.0319334996674594,1.3998655895804133,1.0198921518515345,0.3000630035183702,0.5009881422924901,-0.1132856735378703,14.66,4.82,20.25,20.17,18.25,UNDERVALUED
NVR,Consumer Discretionary (S&P 500),2024-08-31,-0.0952145258522566,0.0837948092402892,1.0502706470265954,-0.0952145258522566,0.0314018992654099,0.3960532361648163,0.4005017254102341,0.0787327270715863,0.0,0.0758518662679763,129.89,19.87,43.83,25.34,-31.32,OVERVALUED
NVDA,Information Technology (S&P 500),2024-08-31,1.2585452658115224,0.1524581426180767,2.5582582450399523,1.2585452658115222,0.0037704551697893,6.514188248311759,0.130759889621714,0.0237378723653392,0.0,-0.0012859120966509,-9.16,40.06,141.93,50.22,81.96,UNDERVALUED
NXPI,Information Technology (S&P 500),2024-08-31,0.0053767512305944,0.1054624632701679,1.7785780821275892,0.0053767512305944,0.0415583369178731,0.4220019223020834,0.4478427211913681,0.1431561597516787,0.0010136847440446,-0.1183601784885959,53.05,1.61,26.81,33.9,-9.83,OVERVALUED
OMC,Communication Services (S&P 500),2024-08-31,0.0282103141555452,0.07,0.7903520840283099,0.0282103141555451,0.113523753121069,3.538102172113002,2.5885672776926865,0.5729454146022447,1.0,-0.1119718142037445,19.07,14.32,28.09,20.18,-6.81,OVERVALUED
ORCL,Information Technology (S&P 500),2024-08-31,0.0601953797493695,0.0859437717263332,1.333132752505468,0.0601953797493694,0.0409326384155964,0.8140240832875533,0.783680107901685,0.2591857439128139,0.2106807511737089,-0.2170489051383088,7.0,24.62,18.96,34.14,2.76,FAIRLY VALUED
ODFL,Industrials (S&P 500),2024-08-31,-0.0629265422773553,0.0861870892718109,1.0612963537297535,-0.0629265422773553,0.0151257236167547,0.1888561479813263,0.1862137002244259,0.044506543326844,0.0,0.0085256317378807,44.48,-13.36,-9.36,31.07,7.4,UNDERVALUED
ON,Information Technology (S&P 500),2024-08-31,-0.0087915255458672,0.1189318427732067,2.015233702203552,-0.0087915255458672,0.0456551243519608,0.4317798032877223,0.4497050836914155,0.102096716527068,0.0005002501250625,-0.0264074812827466,16.85,-2.52,-20.91,50.4,-4.06,FAIRLY VALUED
PKG,Materials (S&P 500),2024-08-31,-0.0796886058032554,0.07,0.55564115085577,-0.0796886058032554,0.0197442587112926,0.2041673525701817,0.1235467185917215,0.0578584558219362,0.0,-0.1411982624652358,89.12,14.55,44.74,19.21,25.07,UNDERVALUED
PANW,Information Technology (S&P 500),2024-08-31,0.2528764882304826,0.0946434811885379,1.2886250887383095,0.2528764882304826,0.0030582157750857,0.1857772499638287,0.1889208935957358,0.0820006444274182,0.0,-0.0101532215041521,-75.89,21.13,49.08,44.13,92.74,UNDERVALUED
PAYX,Industrials (S&P 500),2024-08-31,0.0541630884144515,0.07,0.568979274275159,0.0541630884144514,0.0334156105595506,1.280987386156925,0.9580937984947228,0.2099986971813194,0.4130879345603272,0.0136929600205629,20.16,8.98,10.73,19.27,0.57,FAIRLY VALUED
PH,Industrials (S&P 500),2024-08-31,0.2019588430126377,0.0906051704337728,1.3936681400779651,0.2019588430126378,0.1266626226879209,5.760196615598916,5.992196676517825,2.458047322524357,1.0,-0.1593229868651809,27.67,12.72,45.73,27.33,69.35,UNDERVALUED
PEP,Consumer Staples (S&P 500),2024-08-31,0.0587901657560885,0.07,0.1957199979236157,0.0587901657560885,0.032954652691815,1.128319171352177,0.8130551906237227,0.2261050759608813,0.2147716229348882,-0.1585323301696024,-5.34,5.37,-0.57,16.88,-11.45,OVERVALUED
PYPL,Financials (S&P 500),2024-08-31,0.0818736826804273,0.0875761345609388,1.2674471522702278,0.0818736826804273,0.0387627313629457,1.0477661140630687,1.0384835953613205,0.2929005892406371,0.4982896237172178,-0.0077294521253506,-35.97,20.76,15.87,34.5,-13.24,OVERVALUED
PNR,Industrials (S&P 500),2024-08-31,-0.0041971954000679,0.0821719468340699,1.110588921724192,-0.0041971954000679,0.0413035211736185,0.6674882304647086,0.6101561432513626,0.1769125629200758,0.0152963671128107,-0.1341244397113887,45.47,13.68,27.83,27.48,-26.46,OVERVALUED
PM,Consumer Staples (S&P 500),2024-08-31,0.10742396574523,0.07,0.3864541891121342,0.1074239657452301,0.0469665706807064,2.096780627101915,1.4851403366624898,0.4745665582253596,0.8320158102766798,-0.2523367180808241,28.73,40.21,35.52,16.43,67.28,UNDERVALUED
PSX,Energy (S&P 500),2024-08-31,-0.1328960527089828,0.07,0.5154097946347321,-0.1328960527089829,0.1765040205509926,1.9644945260061843,1.8537909386901872,0.4137710710299213,0.9958890030832476,-0.2837263105450814,84.8,-1.15,26.97,24.99,82.79,UNDERVALUED
PNW,Utilities (S&P 500),2024-08-31,0.0859326817570591,0.07,0.2984300513595989,0.085932681757059,0.0830065855228586,2.4725040034754446,1.5044511001791208,0.6322614182935722,0.7646454265159301,-1.121871889401147,11.17,29.89,18.67,20.28,22.8,UNDERVALUED
PPG,Materials (S&P 500),2024-08-31,0.0402203151018316,0.07,0.8147541093413613,0.0402203151018316,0.0472191450310472,1.4630288130477596,1.0300242413292409,0.2581720244338509,0.5262096774193549,-0.1758997381939432,-2.67,-5.82,-6.61,19.13,-8.89,OVERVALUED
PSA,Real Estate (S&P 500),2024-08-31,0.0802281020610626,0.07,0.7673055694843195,0.0802281020610626,0.0598450629174888,2.4296111998635634,1.7787880134970466,0.4600271749703407,0.967741935483871,-0.156434574083449,114.47,23.17,29.85,23.04,1.56,FAIRLY VALUED
PEG,Utilities (S&P 500),2024-08-31,0.1466326530612245,0.07,0.4400240191039322,0.1466326530612245,0.0118648645156449,0.7267650540070819,0.5461133561700059,0.1703769321599726,0.0121212121212121,-0.0031509652036955,-54.97,29.68,37.07,18.23,-1.6,FAIRLY VALUED
PHM,Consumer Discretionary (S&P 500),2024-08-31,0.0036617557268556,0.090981684238092,1.354905190090281,0.0036617557268556,0.0462295669251532,0.7303165543940872,0.7360390383663595,0.1848663726626386,0.097669256381798,-0.0271054452564186,141.19,18.99,61.64,31.8,-1.51,FAIRLY VALUED
PTC,Information Technology (S&P 500),2024-08-31,0.084674918677299,0.0818807325576803,1.0454677502154357,0.084674918677299,0.0527384532374929,1.5414734790534514,1.4214153630206825,0.3966465517857521,0.8458574181117534,-0.0752144448565827,61.57,-4.34,21.69,20.74,-14.28,OVERVALUED
DGX,Health Care (S&P 500),2024-08-31,-0.0638470100172012,0.07,0.2327789773889579,-0.0638470100172012,0.0437133339653986,0.6121292608694385,0.3895398640131273,0.1483834592651999,0.0,-0.2853640153250509,10.48,26.66,22.04,19.84,59.46,UNDERVALUED
QCOM,Information Technology (S&P 500),2024-08-31,-0.1895927601809954,0.1156176875391437,1.867375915187609,-0.1895927601809954,0.0225110736112557,0.0487329040715459,0.1098907880308383,0.029025569521922,0.0,-0.0371271968627098,160.75,5.68,55.45,36.49,-4.32,FAIRLY VALUED
PWR,Industrials (S&P 500),2024-08-31,0.2230481806063908,0.102270893001768,1.6072151138538124,0.2230481806063909,0.0101959759956693,0.3003972512450958,0.324639527879684,0.1550792070037933,0.0010214504596527,-0.0794369038419242,36.7,13.14,31.3,33.7,141.29,UNDERVALUED
RTX,Industrials (S&P 500),2024-08-31,0.0275218415481408,0.07,0.2112672291298467,0.0275218415481408,0.0487783492771221,1.3458126670727737,0.937487530770072,0.2429706728950712,0.4106090373280943,-0.2444795102143389,42.46,38.75,47.02,20.76,78.17,UNDERVALUED
RSG,Industrials (S&P 500),2024-08-31,0.1076160165790838,0.07,0.2821231557744014,0.1076160165790837,0.0456264918618313,2.082685675441213,1.493331954015009,0.4730146497092006,0.8497983870967742,-0.2017452688476435,28.73,13.21,46.28,13.87,7.77,UNDERVALUED
RMD,Health Care (S&P 500),2024-08-31,0.1802244582151499,0.0823933736396796,1.0332384895825184,0.1802244582151499,0.0172543839636108,0.8378842613155716,0.7942487892842021,0.3106044340266533,0.2145150931278099,-0.0382474405074347,6.19,36.21,55.13,38.36,-4.96,FAIRLY VALUED
RVTY,Health Care (S&P 500),2024-08-31,-0.1694689509279182,0.07,0.8736656062799744,-0.1694689509279182,0.0306019424577189,0.1481491668949653,0.1878462178835974,0.076955138987882,0.0,-0.2095421629056274,95.6,13.08,4.99,33.2,1.85,FAIRLY VALUED
ROL,Industrials (S&P 500),2024-08-31,0.140014756161662,0.07,0.545516085117725,0.1400147561616619,0.0228316630366984,1.440986478952853,1.0819280752089304,0.3642874048864811,0.535183349851338,-0.030123816379484,18.11,12.02,28.6,23.1,-25.55,OVERVALUED
ROST,Consumer Discretionary (S&P 500),2024-08-31,0.0899190937187113,0.07,0.80974378400557,0.0899190937187112,0.0337152588365658,1.5816909175721867,1.171422876825491,0.309727409137813,0.688412852969815,-0.0176874406932267,4.03,0.94,24.93,21.11,55.1,UNDERVALUED
ROP,Information Technology (S&P 500),2024-08-31,0.1500428161882423,0.0710494315319205,0.8400309202460053,0.1500428161882423,0.0335651352539311,1.7904535394230294,1.3397437640371987,0.4466954314178986,0.7471264367816092,-0.1054550095149563,-0.81,1.59,11.71,17.1,-24.87,OVERVALUED
SPGI,Financials (S&P 500),2024-08-31,0.1176996690814775,0.0740193548113929,0.8796244895669649,0.1176996690814775,0.0251116457119077,1.0400665946112266,0.8405132348996275,0.244619432328356,0.2431077694235588,-0.0710373319207645,80.41,21.11,32.39,17.84,-9.76,OVERVALUED
RCL,Consumer Discretionary (S&P 500),2024-08-31,0.5723981900452488,0.0875137912622477,1.4223764998563635,0.5723981900452488,0.0662099875791413,24.50783788386357,5.617242253723136,1.7652932970457849,0.9982758620689656,-0.5269796146538951,-75.41,31.38,66.38,34.55,79.66,UNDERVALUED
SLB,Energy (S&P 500),2024-08-31,0.1795592894521376,0.07,0.6514168520216824,0.1795592894521377,0.0459815023691647,3.201595463526884,2.4085065340684904,0.8631111829688202,0.9858490566037736,-0.1525909363029514,-27.64,-10.42,-23.81,26.32,28.63,UNDERVALUED
SBAC,Real Estate (S&P 500),2024-08-31,0.0296682607708356,0.07,0.7225607773233934,0.0296682607708355,0.0873346630249495,2.2501725736654,1.4947685417743897,0.433740119255626,0.8642487046632125,-0.6086152704848882,-16.18,8.38,2.73,28.65,-16.71,OVERVALUED
SHW,Materials (S&P 500),2024-08-31,0.040769519028033,0.0743487188618698,0.9308878401632084,0.040769519028033,0.0354658505995582,0.9544500861372068,0.756165099004367,0.199737431605777,0.1206611570247934,-0.1245807288779012,22.5,10.04,37.14,21.6,-4.61,FAIRLY VALUED
SPG,Real Estate (S&P 500),2024-08-31,0.0694307247148087,0.07,0.9516359845737558,0.0694307247148086,0.0568411515553197,1.8616149169151488,1.2259748921598046,0.4135459134098173,0.6880733944954128,-0.511525535331039,23.88,12.69,56.12,23.17,44.62,UNDERVALUED
SW,Materials (S&P 500),2024-08-31,-0.1048190095491894,0.07,0.6881860575625264,-0.1048190095491894,0.0640379998450207,0.8237585259372616,0.6351212742630631,0.1780644159490194,0.0233739837398373,-0.2368247332528257,38.64,14.13,21.93,43.22,8.17,UNDERVALUED
NOW,Information Technology (S&P 500),2024-08-31,0.2382332643202207,0.0980395109454736,1.3499995184746725,0.2382332643202208,0.0049816655298455,0.2362683618359021,0.2460083870574563,0.0996404527767044,0.0,-0.0022109355959602,31.27,10.17,45.2,33.33,-24.12,OVERVALUED
SJM,Consumer Staples (S&P 500),2024-08-31,-0.041094123716175,0.07,0.0387759086357133,-0.041094123716175,0.2957812580123412,6.0773353345491525,4.366884676688091,1.0146440900743838,1.0,-0.7512598068771079,-73.13,-4.22,-17.95,23.23,16.24,UNDERVALUED
SNA,Industrials (S&P 500),2024-08-31,0.0548890036138358,0.0708320871185746,0.7962261669793902,0.0548890036138358,0.0521945095472529,1.8913924984230623,1.42274502888416,0.3273846359041936,0.9027645376549094,-0.0195271908423854,14.78,1.08,8.54,21.6,45.29,UNDERVALUED
SWKS,Information Technology (S&P 500),2024-08-31,-0.1299972655181843,0.1052691515748657,1.6480421184825949,-0.1299972655181843,0.0532879472357834,0.3033595397587084,0.3898082305579068,0.1006427811940217,0.0,-0.048491045484414,53.69,5.92,3.59,34.72,-33.53,OVERVALUED
LUV,Industrials (S&P 500),2024-08-31,0.0956160241874528,0.07,1.023501924317473,0.0956160241874527,0.0586008696056487,2.662818769381229,1.9860241868307356,0.4839907615125098,0.9919028340080972,0.0053179327061352,-10.89,-14.23,-6.31,37.44,43.8,UNDERVALUED
SBUX,Consumer Discretionary (S&P 500),2024-08-31,0.1155121037633759,0.07,0.9320795952804288,0.1155121037633758,0.036108239567018,1.680644801678023,1.190027713451392,0.386133849968209,0.6510468594217348,-0.2048541023629195,-4.03,3.68,-0.48,37.78,15.64,UNDERVALUED
SYK,Health Care (S&P 500),2024-08-31,0.1110629302401213,0.07,0.6907009509913514,0.1110629302401214,0.0195804686957833,0.9239553176353932,0.6621220856518198,0.2004349565295096,0.0611439842209073,-0.0745825617780632,12.8,1.76,28.4,21.24,-7.32,OVERVALUED
STLD,Materials (S&P 500),2024-08-31,-0.1556755394039758,0.0701509829102809,0.8796600887087141,-0.1556755394039758,0.1559349787413877,1.3773636806913874,1.59315054036672,0.3243208933372996,0.9760956175298804,-0.0897659895611109,70.41,-7.61,13.75,28.18,88.35,UNDERVALUED
SYY,Consumer Staples (S&P 500),2024-08-31,0.1120257590768691,0.07,0.4471966148781923,0.1120257590768692,0.0532344719021147,2.614143325607769,1.8573062853112827,0.6584889213956913,0.9183070866141732,-0.2796247149335519,-14.75,-0.6,15.12,19.09,12.58,UNDERVALUED
SMCI,Information Technology (S&P 500),2024-08-31,0.370928844889214,0.2012253128412668,3.694132004825076,0.370928844889214,0.0073261594051723,0.2240508592164848,0.1565430733149155,0.0293011856059991,0.0,0.0064848839865634,342.94,-59.26,59.12,97.19,-16.61,OVERVALUED
TMUS,Communication Services (S&P 500),2024-08-31,-0.0127307687474079,0.07,0.2562826993891871,-0.0127307687474079,0.0257783618257999,0.2196850674696965,0.0459833714937339,0.1031331051829024,0.0,-0.4677823807525912,-7.7,22.52,48.11,14.02,-6.1,OVERVALUED
SNPS,Information Technology (S&P 500),2024-08-31,0.1521541412661182,0.1181855382351791,1.7991852142056264,0.1521541412661183,0.0136940713952469,0.3228999158602159,0.3459419633652507,0.1110131761649991,0.001000500250125,0.0095738553606812,53.12,-12.58,13.23,32.01,-23.42,OVERVALUED
TPR,Consumer Discretionary (S&P 500),2024-08-31,-0.003530555763333,0.07,1.102459820984148,-0.003530555763333,0.1145484206172366,2.7152241948697244,1.973728452907188,0.4579540429338807,0.9950932286555446,-0.2853824738247862,22.01,-11.99,27.61,30.41,228.34,UNDERVALUED
TGT,Consumer Staples (S&P 500),2024-08-31,-0.0156524926686216,0.07,0.7828091423332068,-0.0156524926686217,0.0359500424483576,0.6287391556878594,0.4112194033652018,0.1274705054673815,0.0,-0.2413659187355446,-27.62,3.59,25.38,35.11,11.32,UNDERVALUED
TDY,Information Technology (S&P 500),2024-08-31,0.0324075770344043,0.07,0.7291151815537726,0.0324075770344044,0.0609425271739018,1.908558629624597,1.3845434551370168,0.304604400138221,0.8772112382934444,-0.126754789761667,2.93,1.02,3.47,21.46,46.48,UNDERVALUED
TEL,Information Technology (S&P 500),2024-08-31,-0.0151710582888029,0.0789108200471537,1.0281187862091716,-0.0151710582888029,0.0222362989172895,0.3822266799825715,0.3359890558355519,0.087145991060732,0.0,-0.0569906177806866,38.24,8.3,18.04,21.2,33.64,UNDERVALUED
TMO,Health Care (S&P 500),2024-08-31,-0.045819881999332,0.07,0.737983535376413,-0.045819881999332,0.0178989670579501,0.2896865673703327,0.1842832099898645,0.060257504052882,0.0,-0.1136419989843436,20.36,5.89,10.7,21.24,2.74,FAIRLY VALUED
TXT,Industrials (S&P 500),2024-08-31,0.063252777993628,0.07,0.8093643266595028,0.063252777993628,0.0758668584219567,2.8491397482504386,2.0905123937868404,0.4705403645078622,1.0,-0.0964199658113644,16.8,2.07,17.47,22.13,-7.31,OVERVALUED
TXN,Information Technology (S&P 500),2024-08-31,-0.1252746155382464,0.0936557542977366,1.3203791602842356,-0.1252746155382464,0.0188205099854408,0.0893731159792934,0.1200015995520217,0.0394895152109499,0.0,-0.0447951433691303,71.69,26.01,31.51,24.78,30.95,UNDERVALUED
TER,Information Technology (S&P 500),2024-08-31,-0.1517401495065838,0.1386920469999395,2.2473927731367804,-0.1517401495065839,0.0195202218618078,0.1155748681820678,0.1431982864186263,0.0166674643931755,0.0,0.0325615460824743,137.52,29.31,27.16,41.08,182.25,UNDERVALUED
TJX,Consumer Discretionary (S&P 500),2024-08-31,0.0857297340595963,0.07,0.6616673553123293,0.0857297340595962,0.0291701073079889,1.2947308648532827,0.938039383788893,0.2561205605806712,0.3647859922178988,-0.0535246982225463,12.48,20.61,28.63,17.13,22.97,UNDERVALUED
TKO,Communication Services (S&P 500),2024-08-31,1.8284037058379317,0.07,0.6774727333327769,1.8284037058379317,0.0519490730134172,712.494336905398,4.027553239412413,0.9277031560405284,1.0,-0.2927901400449203,38.7,44.77,27.14,35.04,68.73,UNDERVALUED
TT,Industrials (S&P 500),2024-08-31,0.1054234384086745,0.0850581087240645,1.0938947580497438,0.1054234384086745,0.0268522649839336,0.8732358980289624,0.8508937999591507,0.2844426183837777,0.2728915662650602,-0.0455859328615189,79.43,25.85,77.79,26.46,26.79,UNDERVALUED
TSCO,Consumer Discretionary (S&P 500),2024-08-31,0.0247117911606404,0.07,0.8539514908909132,0.0247117911606405,0.0163796750644218,0.3489720666236437,0.2161660468023547,0.0763696955706085,0.0,-0.1659951869002553,13.34,6.49,24.65,24.68,-32.29,OVERVALUED
TYL,Information Technology (S&P 500),2024-08-31,0.0548842181726987,0.0733925159378996,0.8001658130646644,0.0548842181726987,0.0161542633628906,0.5193613788201921,0.4130350237466942,0.0970633322862106,0.0,-0.0213749204999796,74.95,34.17,47.55,25.04,-40.78,OVERVALUED
TSN,Consumer Staples (S&P 500),2024-08-31,-0.0075259937690026,0.07,0.1624598915309001,-0.0075259937690026,0.0453650470217386,0.8279870935885363,0.5079956278428741,0.1839693291328106,0.0,-0.4139740239094431,661.07,22.45,25.13,21.96,-3.65,FAIRLY VALUED
TDG,Industrials (S&P 500),2024-08-31,0.2129305581138332,0.074095613950013,0.9902993096588733,0.2129305581138331,0.0182965908293552,1.138311553320418,0.9098699155516412,0.4364261723939825,0.3908794788273615,-0.2420883431041685,56.39,17.03,57.51,22.57,-3.0,FAIRLY VALUED
TRMB,Information Technology (S&P 500),2024-08-31,0.0332943448576013,0.0783804022326205,1.0835660492077763,0.0332943448576013,0.0358643195865891,0.7292241639081075,0.6136830913634992,0.1815275403618233,0.0099150141643059,-0.2117276423947074,49.67,-9.37,3.47,29.34,5.27,UNDERVALUED
UBER,Industrials (S&P 500),2024-08-31,0.1695266179376979,0.1061288639522486,1.6017680444835165,0.169526617937698,0.0118844315005056,0.3114040220520616,0.3430367367408817,0.1421489191742296,0.0015082956259426,-0.043205341132491,139.01,-10.05,54.84,37.11,7.41,UNDERVALUED
UDR,Real Estate (S&P 500),2024-08-31,0.0725688783210072,0.07,0.7748733895543796,0.0725688783210073,0.0729845828755777,2.5194770288810147,1.7565289718624535,0.4994088759698618,0.9383838383838384,-0.4445756545659249,-18.53,22.03,16.64,21.75,-7.83,OVERVALUED
UNP,Industrials (S&P 500),2024-08-31,-0.030391959798995,0.07,0.6298057086989702,-0.0303919597989949,0.0371008379464024,0.5944017524289819,0.3947005669135665,0.124603466111228,0.0,-0.2207422823931672,28.47,2.15,18.65,17.72,23.51,UNDERVALUED
UAL,Industrials (S&P 500),2024-08-31,0.1949060171282393,0.07,1.4182297094476932,0.1949060171282393,0.2753434757678819,22.44547029230394,16.940158723770317,7.358263039992221,1.0,-2.123848512380296,-29.09,-0.23,-11.58,41.53,153.66,UNDERVALUED
UPS,Industrials (S&P 500),2024-08-31,-0.0934840239988837,0.07,0.8290450080289133,-0.0934840239988837,0.0856059472506894,0.9914486465696986,0.7415158875712032,0.2192442410801104,0.1040164778578784,-0.2433135486089755,26.23,-12.6,-20.5,26.81,-9.57,OVERVALUED
UHS,Health Care (S&P 500),2024-08-31,0.0658692162392708,0.07,0.6765819649431382,0.0658692162392709,0.0320177103121266,0.927988977098498,0.606296806029759,0.2102927038488895,0.029382957884427,-0.3309468061742198,29.56,36.44,77.33,25.51,-26.75,OVERVALUED
UNH,Health Care (S&P 500),2024-08-31,0.1464082773428101,0.07,0.052517878155648,0.1464082773428101,0.0515012535584296,3.377288741105396,2.524341771698529,0.8719500664808271,0.9969262295081968,-0.0711904812158775,-1.51,23.49,25.77,22.16,-31.78,OVERVALUED
URI,Industrials (S&P 500),2024-08-31,0.231059955334135,0.0983933889467075,1.7140644606023216,0.231059955334135,0.0481329121802734,2.2884178912608544,2.4792205353223884,1.157479866739345,0.9389549922400414,-0.2508355385491958,41.06,4.56,57.2,37.13,50.26,UNDERVALUED
VLO,Energy (S&P 500),2024-08-31,-0.1792519687271448,0.07,0.5873529607523242,-0.1792519687271449,0.1815436301554577,1.3037361897165478,1.7892549680942231,0.3613111101133752,0.9989909182643796,-0.1555581124416366,29.78,2.78,16.3,28.43,145.48,UNDERVALUED
WELL,Real Estate (S&P 500),2024-08-31,0.1215641851861855,0.07,0.6516942370819574,0.1215641851861854,0.005248997730357,0.0546684198088279,-0.0111019540657448,0.0543197837654668,0.0,-0.214410203312419,55.29,30.75,49.37,19.04,103.82,UNDERVALUED
WST,Health Care (S&P 500),2024-08-31,0.0217880771762097,0.077868092603278,0.8877967689521223,0.0217880771762097,0.0229743093066665,0.5951320930989502,0.5250848462811504,0.1135671880239066,0.0,0.0237852233697541,28.3,-12.48,-22.74,34.4,13.13,UNDERVALUED
WMB,Energy (S&P 500),2024-08-31,-0.0052895576835385,0.07,0.5608399745482563,-0.0052895576835385,0.0812980289632019,1.638110542858369,1.1139236960033208,0.3179630710657904,0.6272727272727273,-0.4672569097167718,-1.65,28.98,39.4,17.92,66.51,UNDERVALUED
WYNN,Consumer Discretionary (S&P 500),2024-08-31,0.7386748118424467,0.07,1.10215127351699,0.7386748118424468,0.1665420932180501,143.89899553148842,14.594096845703485,3.548767265956481,1.0,-1.2454278836626438,-63.07,-22.46,-23.32,27.54,33.7,UNDERVALUED
YUM,Consumer Discretionary (S&P 500),2024-08-31,0.0342005261619409,0.07,0.5049342840337292,0.0342005261619409,0.0416177011626671,1.082900333444094,0.7297154748402526,0.2126873230570556,0.1137965760322255,-0.3141781678702331,-1.18,-1.65,6.35,16.25,14.66,UNDERVALUED
XYL,Industrials (S&P 500),2024-08-31,0.3335747917421223,0.0804851571672206,1.029095651161478,0.3335747917421224,0.0097769803094846,0.8855280475117562,0.6236349828758858,0.196592588262724,0.038280725319006,-0.042177970168106,15.56,8.14,34.36,20.96,-15.69,OVERVALUED
ZBH,Health Care (S&P 500),2024-08-31,0.0654620383579014,0.07,0.6249108430983843,0.0654620383579014,0.093394061011641,3.435092692156596,2.489314113025997,0.6061178014642179,1.0,-0.229937293400552,-38.11,-7.63,-2.27,20.89,-12.17,OVERVALUED
AAL,Industrials (S&P 400),2024-08-31,0.0779440893590084,0.07,1.5013529803332666,0.0779440893590083,0.6104514811047507,20.285482843346053,13.544465283866709,4.568491047887931,1.0,-5.768969592600426,-26.48,-28.29,-27.9,40.22,28.86,UNDERVALUED
ACI,Consumer Staples (S&P 400),2024-08-31,0.0204508195137906,0.07,0.2235642527428882,0.0204508195137907,0.0985868389121574,1.682584930587622,0.9128305037862556,0.463006211530596,0.4362549800796813,-1.3332435640403946,6.68,-1.32,-10.38,14.79,-33.31,OVERVALUED
AA,Materials (S&P 400),2024-08-31,-0.1525981848847482,0.0982798106153965,1.885942886724963,-0.1525981848847482,0.0992412862255315,0.524977016378757,0.7814384107775056,0.2296260833001312,0.1612403100775193,-0.1829411058360919,642.47,17.48,8.18,51.64,66.62,UNDERVALUED
WTW,Financials (S&P 500),2024-08-31,0.0695916986239566,0.07,0.2195507925667754,0.0695916986239566,0.0520237396590998,1.9282151094969,1.3870232236197704,0.3460454880258758,0.8526740665993946,-0.1544668512574352,13.62,8.06,43.28,19.72,20.58,UNDERVALUED
ACM,Industrials (S&P 400),2024-08-31,0.093570274582448,0.0766520742759055,1.0310567555918777,0.0935702745824479,0.0316721541452771,1.0478616150126083,0.8775213144179113,0.2534957282657992,0.298937784522003,-0.1118710364334804,109.21,12.06,15.22,22.98,-33.65,OVERVALUED
AGCO,Industrials (S&P 400),2024-08-31,0.1391940812874463,0.07,0.8105647315126598,0.1391940812874464,0.0850297399248286,5.3113002272425485,3.9518515477553056,1.3119410241514913,1.0,-0.1403780720007341,-37.61,-14.15,-27.31,26.98,17.12,UNDERVALUED
ALGM,Information Technology (S&P 400),2024-08-31,0.0777628169378619,0.1360203996763556,2.303999717991357,0.0777628169378618,0.0335464669130871,0.4126496960108782,0.4275352890778941,0.0918327607071092,0.0005,-0.0133093361443922,-49.91,-21.07,-35.87,46.13,51.53,UNDERVALUED
AM,Energy (S&P 400),2024-08-31,0.1229345777600117,0.07,0.5757742582347932,0.1229345777600117,0.0435496345095144,1.8656736477989504,1.2526278653321283,0.5124016223831354,0.6522988505747126,-0.4996775602605598,15.92,13.4,31.31,19.69,66.94,UNDERVALUED
AIT,Industrials (S&P 400),2024-08-31,0.1580081854243185,0.0846973385729533,1.1212405307020583,0.1580081854243184,0.0150612270736948,0.6109635358424292,0.6003457897645073,0.2221840719337148,0.0622381807301017,-0.0355446201390894,51.09,10.52,33.94,24.02,68.08,UNDERVALUED
AMG,Financials (S&P 400),2024-08-31,-0.11667239010989,0.07,0.939875139650056,-0.1166723901098901,0.1178588488380868,1.3561813361146111,1.1576732971006594,0.3032890459833117,0.6775793650793651,-0.2988132303072436,47.28,9.06,29.75,22.65,106.08,UNDERVALUED
ALV,Consumer Discretionary (S&P 400),2024-08-31,0.1846867224609816,0.0710989090426109,0.958526840799574,0.1846867224609816,0.0547846664374398,3.759432968450493,2.9630370012056564,1.0766288631077106,0.9950932286555446,-0.1909384011147319,23.38,-11.72,7.61,27.19,28.01,UNDERVALUED
ALSN,Industrials (S&P 400),2024-08-31,0.0960635608522932,0.0735126411726849,1.03303245702819,0.0960635608522932,0.0441253617789903,1.6954397134294192,1.335104230720647,0.4520552639252506,0.7504317789291882,-0.2446578899246416,40.13,22.46,55.59,28.52,43.0,UNDERVALUED
AN,Consumer Discretionary (S&P 400),2024-08-31,-0.0013377802482861,0.07,1.2879495442435671,-0.001337780248286,0.2888986109362174,6.600632460616381,4.691022721184555,1.1478572645182958,1.0,-1.0757714353684378,55.61,20.38,13.3,32.86,13.54,UNDERVALUED
ANF,Consumer Discretionary (S&P 400),2024-08-31,0.1576433891843989,0.094174018600158,1.4845385313689812,0.1576433891843988,0.0105683206812586,0.3826946493686882,0.4033917392904211,0.1697904314468092,0.0069555912252541,-0.019790439131092,25.12,7.48,174.55,53.41,-27.42,OVERVALUED
AMKR,Information Technology (S&P 400),2024-08-31,-0.0829884997500558,0.1230309160989908,2.224789912216164,-0.0829884997500558,0.0100243039634054,0.043076012185196,0.0469791132745909,0.0159714670172313,0.0,-0.0297668132850919,78.74,-1.47,18.87,48.64,57.45,UNDERVALUED
ARMK,Consumer Discretionary (S&P 400),2024-08-31,0.1750490181788639,0.07,0.735024994471408,0.1750490181788638,0.0713234683737912,4.549154085266717,3.317537317437289,1.3363024876329093,0.9899396378269618,-0.5345548825973845,-36.38,18.75,38.11,24.44,66.27,UNDERVALUED
APG,Industrials (S&P 400),2024-08-31,0.0564196401341872,0.087463911946215,1.4472439066656189,0.0564196401341872,0.0237496696983161,0.3118595451222632,0.3018743860212397,0.1461590927597896,0.0,-0.2501581323767968,-0.59,-7.42,26.29,28.74,75.15,UNDERVALUED
ARW,Information Technology (S&P 400),2024-08-31,-0.1082118396348366,0.0707368385396393,0.9280289732998808,-0.1082118396348366,0.2863696925610609,3.64312221699908,3.0515804945829137,0.7524043405490703,1.0,-0.4938172667805536,49.51,12.0,1.24,22.98,52.92,UNDERVALUED
ASH,Materials (S&P 400),2024-08-31,-0.083647009619406,0.07,0.7064039600201016,-0.0836470096194061,0.0902611664121072,1.4318323897873533,1.0698847128767657,0.2783823432634073,0.5761396702230844,-0.2395605105454382,12.44,-5.75,5.15,28.29,-14.61,OVERVALUED
AVAV,Industrials (S&P 400),2024-08-31,0.3259431379223585,0.073447190777434,0.7742519068510291,0.3259431379223586,0.0111728394822893,1.2662231171407108,0.8146721524307424,0.2324304998507333,0.2407566638005159,0.0023763783772077,61.56,55.96,110.0,50.44,-20.74,OVERVALUED
ATR,Materials (S&P 400),2024-08-31,0.0497256527129663,0.07,0.6555169862918978,0.0497256527129664,0.0415946281863199,1.4144451251049543,1.0184226809502626,0.2434197455649971,0.5375375375375375,-0.0977400208668485,24.73,8.57,17.02,16.35,-10.12,OVERVALUED
AVTR,Health Care (S&P 400),2024-08-31,-0.0725733454022682,0.07,0.832024967907244,-0.0725733454022682,0.0341991775569486,0.3693691562571907,0.2092541674481506,0.1089072145762572,0.0,-0.3016413775796125,72.28,3.24,19.35,32.24,-44.41,OVERVALUED
AXTA,Materials (S&P 400),2024-08-31,0.0614250614250613,0.07,0.9085546801020824,0.0614250614250614,0.0587900647165245,1.9402933289336008,1.341938903950744,0.3752341493745553,0.7932790224032586,-0.3529178496881457,3.53,11.62,28.98,24.45,-0.71,FAIRLY VALUED
ATI,Industrials (S&P 400),2024-08-31,0.0880344108446298,0.0787782340966834,1.0683006337449736,0.0880344108446298,0.0121823192242345,0.2616726931909877,0.2160891119579788,0.1088108829592618,0.0,-0.1771367612024768,107.14,28.25,40.92,37.64,225.58,UNDERVALUED
BAH,Industrials (S&P 400),2024-08-31,0.1515282427907982,0.07,0.5744049418579439,0.1515282427907981,0.00374996180514,0.1018472271921863,0.037509912834666,0.068466722272347,0.0,-0.1570740500796053,-18.93,7.26,42.12,25.79,-48.95,OVERVALUED
AVNT,Materials (S&P 400),2024-08-31,-0.0748034973063676,0.0836069102033312,1.3780477380155831,-0.0748034973063675,0.0576382746288798,0.4086397918596655,0.3733361463522531,0.18140556360744,0.0,-0.3767426535888976,47.82,22.89,25.69,30.91,-4.12,FAIRLY VALUED
AYI,Industrials (S&P 400),2024-08-31,-0.0134544819150794,0.087412512893364,1.1723435631615056,-0.0134544819150795,0.0368566825380247,0.5827205298184217,0.5727649610093968,0.1434782454245739,0.0005733944954128,-0.0245083946058171,56.19,-0.9,58.32,29.02,34.46,UNDERVALUED
BBWI,Consumer Discretionary (S&P 400),2024-08-31,-0.0173280423280423,0.0772320650750128,1.408293718687026,-0.0173280423280423,0.1821606670735286,3.0255341960007534,2.55302141376291,0.7100218077298428,0.9992313604919292,-0.6845579737023572,-24.31,-31.93,-14.83,41.82,-32.93,OVERVALUED
BCO,Industrials (S&P 400),2024-08-31,0.0747657369639509,0.07,1.1870804972999065,0.074765736963951,0.077364562761673,2.687748113943088,1.8407957214835269,0.5656603253720591,0.947261663286004,-0.5577329671865894,25.13,34.11,47.9,26.58,4.02,FAIRLY VALUED
BC,Consumer Discretionary (S&P 400),2024-08-31,-0.0603035730013798,0.07,1.1449323407182272,-0.0603035730013798,0.1760002572460359,3.035103833737814,2.181979751940976,0.5438463448958731,0.992827868852459,-0.4139421083891989,25.11,-9.53,1.97,34.13,9.36,UNDERVALUED
BDC,Information Technology (S&P 400),2024-08-31,-0.0362177415177912,0.0769056927973755,1.1880494351081243,-0.0362177415177912,0.0651114913451152,1.0434532340937213,0.8798098888165673,0.2275664793389975,0.3273942093541203,-0.1594472626834782,46.6,23.36,14.51,43.18,15.33,UNDERVALUED
BJ,Consumer Staples (S&P 400),2024-08-31,0.0338347614426282,0.07,0.5000884513252607,0.0338347614426281,0.0170114756318839,0.289268834180628,0.1387734073125902,0.0877723683325885,0.0,-0.2777274989777193,-3.71,12.48,18.65,27.16,18.58,UNDERVALUED
BMRN,Health Care (S&P 400),2024-08-31,0.1541894020101726,0.07,0.6044525159165615,0.1541894020101725,0.0314634489080499,1.85731076045562,1.3762533937749315,0.4235815683005578,0.8246887966804979,-0.0198013753264596,-23.63,3.98,-0.19,29.29,-25.97,OVERVALUED
BRKR,Health Care (S&P 400),2024-08-31,0.1714150235112814,0.0808923867681409,1.1686012939995505,0.1714150235112814,0.0635550436910324,3.4584155940594083,3.2908085948607138,1.3761239575867712,0.9961563100576554,-0.0921338397681911,-23.19,-25.27,2.72,36.38,-11.14,OVERVALUED
BWA,Consumer Discretionary (S&P 400),2024-08-31,0.1237039968341906,0.07,0.9778125964068124,0.1237039968341907,0.0569707260380114,2.6357105786144985,1.8803687768358943,0.6038783808372133,0.943762781186094,-0.3142157762082554,-16.48,10.85,-15.56,32.67,101.65,UNDERVALUED
BURL,Consumer Discretionary (S&P 400),2024-08-31,0.1177650965159393,0.0764525267780249,1.2494807132505568,0.1177650965159393,0.0155457083737951,0.4885014848198733,0.3896784890863675,0.2015481024177174,0.0099160945842868,-0.226105589919599,-15.17,28.71,65.31,43.06,23.03,UNDERVALUED
BWXT,Industrials (S&P 400),2024-08-31,0.1180002633424608,0.0709391872915691,0.8478273662366996,0.1180002633424607,0.0145682618722262,0.6735371194570513,0.4832236943075007,0.1838127519881034,0.0086538461538461,-0.1219657720310137,55.46,-0.59,41.1,27.22,55.89,UNDERVALUED
BYD,Consumer Discretionary (S&P 400),2024-08-31,0.05150368020044,0.07,1.0438671896851326,0.05150368020044,0.1137332089549189,3.641313620513717,2.5400402454809563,0.6972376362095439,0.9990069513406156,-0.6001081901854332,5.98,-5.11,-9.25,30.54,38.16,UNDERVALUED
BSY,Information Technology (S&P 400),2024-08-31,0.1176718388618864,0.0917993756708689,1.3486388158193248,0.1176718388618865,0.0267004499627635,0.7481386737569529,0.7866274653655854,0.3054309932575105,0.2084690553745928,-0.0997299542561736,39.14,0.67,3.48,30.22,-28.51,OVERVALUED
CBT,Materials (S&P 400),2024-08-31,-0.0902568849803285,0.0846968157062556,1.2492804653411371,-0.0902568849803286,0.0676866494479584,0.4987509033701267,0.5068251633871855,0.1737024081164892,0.0120264582080577,-0.2008994193892269,13.27,22.48,47.76,32.84,-15.97,OVERVALUED
CCK,Materials (S&P 400),2024-08-31,-0.0720852970717762,0.07,0.6140531507554908,-0.0720852970717762,0.0499616043305993,0.3148825059274392,0.1010993045397598,0.149712861048687,0.0,-0.5989888592031842,10.85,20.22,-1.24,27.4,33.64,UNDERVALUED
CHDN,Consumer Discretionary (S&P 400),2024-08-31,0.3602055475743175,0.07,1.0738134791506293,0.3602055475743176,0.0214759877585335,4.351442042357229,1.859811420269577,0.6561801033038721,0.895112016293279,-0.4570125365837871,5.99,19.34,11.3,24.58,-32.56,OVERVALUED
CHE,Health Care (S&P 400),2024-08-31,0.0606352428590097,0.07,0.3425461005196993,0.0606352428590097,0.0061295887767821,0.252329505272158,0.1900566009699071,0.0387804550563395,0.0,0.014265598394536,6.6,-7.11,14.95,20.55,-8.02,OVERVALUED
CELH,Consumer Staples (S&P 400),2024-08-31,1.0165329465547948,0.1101545011730178,1.5971197917259798,1.0165329465547943,0.0044809681313223,3.8545687652017793,0.3314955508467586,0.0696985567612212,0.0,0.0855138357317134,-45.49,-56.21,-41.8,58.48,-13.83,OVERVALUED
CHH,Consumer Discretionary (S&P 400),2024-08-31,0.1014416358940304,0.07,0.6550200982786599,0.1014416358940303,0.1304967772289119,6.0544595625126645,4.417425187391093,1.1908658889543826,1.0,-0.2671452407007315,2.92,16.96,1.51,24.74,-12.56,OVERVALUED
CHRD,Energy (S&P 400),2024-08-31,0.0685114102962767,0.07,0.4952392770672518,0.0685114102962766,0.1379112291473194,5.552844509639613,4.079642062085086,0.9728469591933144,1.0,-0.0389632022130949,18.9,-4.23,-1.55,24.29,9.44,UNDERVALUED
CLF,Materials (S&P 400),2024-08-31,-0.0431945713167166,0.0806150159469668,1.1581656959429507,-0.0431945713167166,0.2420433432474688,3.6846933391837777,3.2955281829449303,0.8332893345789615,1.0,-0.4457202874846214,28.74,-36.04,-14.58,37.39,-11.29,OVERVALUED
CLH,Industrials (S&P 400),2024-08-31,0.046945140958134,0.0791551487762759,1.0872290442889505,0.046945140958134,0.0293107286148967,0.6540447844895204,0.569717437448611,0.175340853274416,0.0069492703266157,-0.1542224289195897,86.71,32.72,45.21,25.44,29.83,UNDERVALUED
CMC,Materials (S&P 400),2024-08-31,-0.0127837822282899,0.0750060466813905,1.0119449952973338,-0.0127837822282899,0.0604850716006278,1.24900511396378,1.0177651223190691,0.235674828409559,0.5,-0.0924654974802074,56.73,1.66,-3.5,28.95,28.56,UNDERVALUED
CNH,Industrials (S&P 400),2024-08-31,0.0482357437051506,0.07,0.9861010508813562,0.0482357437051505,0.6612301623178423,22.358238494216835,16.02122183357062,3.9222659025941176,1.0,-1.795677282750474,-18.86,-7.88,-21.85,31.35,10.56,UNDERVALUED
CNM,Industrials (S&P 400),2024-08-31,0.0076680198466396,0.0889486927797428,1.4063465979175218,0.0076680198466396,0.1308085129904964,2.05952723610751,2.062956199572462,0.5755844172410578,0.998875140607424,-0.2248630569739509,120.9,-2.4,46.25,35.46,-6.33,OVERVALUED
COKE,Consumer Staples (S&P 400),2024-08-31,0.073037274730336,0.07,0.5171790669325017,0.0730372747303359,0.0140087850617651,0.5901805696785771,0.4354769831031297,0.112931964857149,0.0,-0.0080509490779437,83.66,60.81,96.13,32.07,40.22,UNDERVALUED
CRS,Industrials (S&P 400),2024-08-31,0.3888253553340957,0.0889260164513718,1.1837760006853968,0.3888253553340957,0.0077189471576362,0.6489294860160794,0.3888920470379501,0.148552419646171,0.0,-0.0939726463332496,75.61,123.37,133.57,41.63,239.34,UNDERVALUED
CROX,Consumer Discretionary (S&P 400),2024-08-31,0.1145889504456418,0.0988690332200743,1.564475313383347,0.1145889504456418,0.1186463996031564,3.022660463014631,3.224382644724016,1.1586196224898806,1.0,-0.2088671826293122,-3.76,17.32,50.16,44.18,-15.71,OVERVALUED
CRUS,Information Technology (S&P 400),2024-08-31,-0.0572965988394919,0.1111194871847036,1.6659384145737597,-0.0572965988394918,0.0216593565739234,0.2381488276743494,0.2462236059911233,0.0463818852390485,0.0,0.0445968645537505,2.94,58.08,77.58,36.76,-20.74,OVERVALUED
CVLT,Information Technology (S&P 400),2024-08-31,0.0696631361602875,0.0835255991278404,1.000026098288212,0.0696631361602875,0.0171494687981259,0.5353001442825605,0.5048883139027058,0.1274505748104874,0.0,0.0444285581603128,171.16,58.7,127.49,34.01,-14.36,OVERVALUED
DCI,Industrials (S&P 400),2024-08-31,0.0375612411540555,0.0715177502838763,0.8171123279879273,0.0375612411540555,0.0699015495621935,2.216391146757331,1.6968133608679383,0.3688186786564983,0.9814643188137164,-0.0547672451532992,29.67,0.82,15.64,18.81,31.86,UNDERVALUED
DAR,Consumer Staples (S&P 400),2024-08-31,0.0391714649450629,0.07,1.151933791496333,0.0391714649450629,0.0945885403898916,2.5882048552889616,1.741198820310758,0.4921141040933098,0.9311023622047244,-0.6775672643281555,-20.8,-2.52,-32.43,39.81,61.33,UNDERVALUED
DINO,Energy (S&P 400),2024-08-31,-0.1633555817301401,0.07,0.6968281544605915,-0.16335558173014,0.2606327397580109,2.5572135425924425,2.914901721625218,0.6353176671165373,1.0,-0.2022942778051333,54.39,-10.11,-7.51,29.67,109.93,UNDERVALUED
DLB,Information Technology (S&P 400),2024-08-31,0.0366495904826393,0.07,0.6582427622934747,0.0366495904826394,0.0349109677276891,1.2962988886777491,0.9891148027988026,0.1773876138958419,0.4741035856573705,0.1057893181885298,-0.12,-12.93,-14.24,20.57,-5.49,OVERVALUED
DOCN,Information Technology (S&P 400),2024-08-31,0.2022515191160496,0.0917508342584899,2.1513959262195854,0.2022515191160497,0.1337590365240819,5.713388526489264,5.99019853396163,2.606892080992174,1.0,-0.3961925576658777,-35.49,-3.31,38.37,52.18,200.31,UNDERVALUED
DKS,Consumer Discretionary (S&P 400),2024-08-31,0.0498214048643141,0.0736650752320595,1.0904011291977225,0.0498214048643141,0.0612137472718885,1.876171531472721,1.5001051811158428,0.3753199696054021,0.9178662150719727,-0.1352704676109582,62.17,33.18,109.09,38.72,-20.17,OVERVALUED
EEFT,Financials (S&P 400),2024-08-31,0.098011194474217,0.07,1.0632160843841454,0.0980111944742169,0.0520962776712086,2.430335360372792,1.776789651421906,0.4790585944136646,0.9693675889328064,-0.0473693794956602,-9.6,-1.6,23.52,27.33,-36.01,OVERVALUED
DY,Industrials (S&P 400),2024-08-31,0.0963937673528054,0.0811741916219192,1.1037041093433588,0.0963937673528054,0.0354454192859017,1.054626009238925,0.9443068940493404,0.305429885229049,0.3826834104428288,-0.1531488746674082,22.38,35.83,76.08,35.58,124.8,UNDERVALUED
ELS,Real Estate (S&P 400),2024-08-31,0.0213265471619756,0.07,0.4168873902567545,0.0213265471619757,0.0161344713043619,0.227622360967339,0.0975403103430375,0.0768579536287398,0.0,-0.2764945374721719,7.68,9.78,11.7,20.17,-4.16,FAIRLY VALUED
EHC,Health Care (S&P 400),2024-08-31,0.1040794738536541,0.07,0.5150835274765104,0.104079473853654,0.0185379760326832,0.599541313799252,0.3517473451189831,0.1810130279944354,0.0042105263157894,-0.311251131608438,16.53,24.76,32.05,20.04,32.72,UNDERVALUED
ELF,Consumer Staples (S&P 400),2024-08-31,0.768925651816379,0.1026316401160908,1.477361512222554,0.7689256518163788,0.0215827194037514,8.756344226436418,1.2837737696952596,0.3755965854772448,0.7687979539641944,-0.0219097664587416,-9.42,-28.32,7.99,60.32,-32.61,OVERVALUED
ENS,Industrials (S&P 400),2024-08-31,-0.0341661860243506,0.0781606970514467,1.0327516477660668,-0.0341661860243505,0.1026584080746435,1.71339791932028,1.4840427186578566,0.3588592794876569,0.9210526315789472,-0.144835115138802,-11.07,9.86,-2.58,28.85,89.89,UNDERVALUED
ENSG,Health Care (S&P 400),2024-08-31,0.2326539232938507,0.07,0.7133129886223992,0.2326539232938507,0.0079968862349688,0.5203883246437995,0.3374290468727769,0.1587846414705606,0.0,-0.1594721788395132,55.65,20.25,51.35,21.12,18.55,UNDERVALUED
ESAB,Industrials (S&P 400),2024-08-31,0.0699006739978715,0.082103307912258,1.1400025692949645,0.0699006739978715,0.0511975244226238,1.2951778395990037,1.1950594357920783,0.3406830883677054,0.6788931788931789,-0.1615610506856825,52.86,5.44,45.88,28.21,-24.71,OVERVALUED
EXLS,Industrials (S&P 400),2024-08-31,0.1548280365201084,0.0754469382753654,0.8638041386025335,0.1548280365201084,0.0321852846210655,1.7135608778060034,1.4583364323788786,0.4966766795463524,0.821993670886076,-0.0221885025067716,-8.97,14.65,25.01,26.27,2.91,FAIRLY VALUED
EXP,Materials (S&P 400),2024-08-31,0.051780459566243,0.1010681479054779,1.6048859694329956,0.0517804595662429,0.053104865231808,0.8442115100724866,0.8920561124096056,0.2742758763773117,0.2835897435897436,-0.1244299102470362,47.0,-0.15,36.8,31.69,-19.28,OVERVALUED
FCFS,Financials (S&P 400),2024-08-31,0.154951625941482,0.07,0.6227784282831521,0.1549516259414821,0.1175585341852383,6.699446556796643,4.873422662234446,1.5654248687673928,1.0,-0.3387832696798152,23.43,5.23,36.12,27.11,76.62,UNDERVALUED
FCN,Industrials (S&P 400),2024-08-31,0.1519801855982421,0.07,0.3975264652951766,0.151980185598242,0.0431502982831687,2.5538765051853285,1.9038062390168724,0.5499291610744107,0.9692307692307692,0.0056208541815662,22.23,11.0,22.87,31.75,-33.01,OVERVALUED
FHI,Financials (S&P 400),2024-08-31,0.1132649151273954,0.07,0.4781127283808515,0.1132649151273953,0.1071641269074497,5.842490473315771,4.359377209873302,1.2803767323002673,1.0,-0.0271832628296404,-25.84,-0.41,5.44,20.19,95.29,UNDERVALUED
FBIN,Industrials (S&P 400),2024-08-31,-0.0204954478085962,0.0861183733018229,1.3987460064451478,-0.0204954478085962,0.0438452096022012,0.4615991152675163,0.4465372934066217,0.1674006880237085,0.0,-0.2524227122323898,65.63,-2.64,16.55,31.97,-41.79,OVERVALUED
FLR,Industrials (S&P 400),2024-08-31,0.1258731082654249,0.0866889047291711,1.254264973068705,0.1258731082654249,0.0109561092497252,0.5224072361714802,0.522428585993525,0.1115180167339834,0.0005790387955993,0.159513299325002,75.76,36.88,43.1,32.89,5.21,UNDERVALUED
FLS,Industrials (S&P 400),2024-08-31,0.1951406868928278,0.075370633861729,1.0007278989953252,0.1951406868928279,0.0320523564862961,1.803857450072493,1.5312841698156874,0.5632878324676309,0.8324282389449186,-0.1353657479403063,14.76,19.04,28.47,23.67,61.25,UNDERVALUED
FOUR,Financials (S&P 400),2024-08-31,0.2866171749598716,0.0920303603932349,1.758174202634855,0.2866171749598716,0.0624353999176026,3.4444043060011302,3.108987413906475,1.170271344858512,0.9863760217983653,-0.2550732939893216,11.87,2.57,46.33,47.33,-40.91,OVERVALUED
FND,Consumer Discretionary (S&P 400),2024-08-31,0.035036216667335,0.0943272715774007,1.5083602870614723,0.0350362166673349,0.0197228615482675,0.2364174561371212,0.2461096483828593,0.1020867896571302,0.0,-0.1325528424666939,55.22,-9.22,12.78,38.51,-51.15,OVERVALUED
G,Industrials (S&P 400),2024-08-31,0.024184818167759,0.07,0.8061954674672009,0.0241848181677591,0.1150064929420158,3.469084542069696,2.5525648416919244,0.5667340778219104,1.0,-0.1344442730975278,-29.72,13.46,6.87,27.91,-1.35,FAIRLY VALUED
GEF,Materials (S&P 400),2024-08-31,-0.133120334230167,0.07,0.808859982813509,-0.3424206630443342,0.1097864208183843,0.6925650576357801,0.6297043809459975,0.2561533805228557,0.0607569721115537,-0.7039495332207271,28.46,0.49,-11.05,24.08,48.61,UNDERVALUED
GAP,Consumer Discretionary (S&P 400),2024-08-31,-0.0465548155737705,0.07,1.437233168032776,-0.0465548155737704,0.0791656876333544,1.2261658769313153,0.8052757810211411,0.252196497096336,0.222001982160555,-0.4543370570055448,-48.48,18.21,100.42,60.98,-5.45,OVERVALUED
GGG,Industrials (S&P 400),2024-08-31,0.0242988055633697,0.0761928779864357,0.8334338258447422,0.0242988055633698,0.016499327203796,0.470889066384186,0.4053516734218693,0.0834115962269073,0.0,0.0358035970908102,16.26,-8.37,6.87,20.37,0.1,FAIRLY VALUED
GHC,Consumer Discretionary (S&P 400),2024-08-31,0.1249547393765257,0.07,0.930920394471238,0.1249547393765258,0.0659860524091681,3.1282359777681847,2.2572738939131662,0.7041411947099586,0.9831683168316832,-0.3085755679514886,17.6,8.92,36.95,25.37,46.43,UNDERVALUED
GXO,Industrials (S&P 400),2024-08-31,0.087290114533526,0.07,1.2228621909303905,0.087290114533526,0.0336473970608283,0.8593261332147984,0.4720162319368817,0.2653417723663245,0.0197044334975369,-0.6071689475598523,-0.92,0.36,-21.76,30.91,-9.29,OVERVALUED
GLPI,Real Estate (S&P 400),2024-08-31,0.0981234061531541,0.07,0.6147415460681684,0.0981234061531541,0.0545482072725892,2.0953992862970967,1.4098761497979462,0.5064223285135898,0.7676560900716479,-0.5004816165787896,3.66,16.12,17.03,18.76,-4.19,FAIRLY VALUED
GPK,Materials (S&P 400),2024-08-31,-0.0012711864406779,0.07,0.8188626895838548,-0.0012711864406779,0.156893868144501,3.5654782939155774,2.5287405847633853,0.651079984784703,0.9990521327014218,-0.6051961789739744,-2.09,18.22,36.71,25.65,-58.44,OVERVALUED
H,Consumer Discretionary (S&P 400),2024-08-31,0.1317263622474962,0.0796541580433023,1.1190328184439515,0.1317263622474961,0.061767791645712,2.329234060842094,2.075626117851938,0.6558294241236832,0.974272173324306,-0.1601183934162119,64.42,-3.36,35.73,27.09,20.02,UNDERVALUED
HAE,Health Care (S&P 400),2024-08-31,0.1201333150788082,0.07,0.7048182060936021,0.1201333150788082,0.0385608984092102,1.799651357838794,1.2854852836290422,0.3716091482650356,0.7774674115456238,-0.1638622858671654,-8.72,1.07,-15.77,29.46,43.07,UNDERVALUED
HALO,Health Care (S&P 400),2024-08-31,0.2562231486587205,0.07,0.9258787228924844,0.2562231486587206,0.0335385940399434,3.424289974988766,2.310023511765461,0.8410421174402206,0.9541375872382852,-0.1705995687440213,-23.86,56.0,50.02,36.37,69.04,UNDERVALUED
HLNE,Financials (S&P 400),2024-08-31,0.0474493761737522,0.0944652941081416,1.312914691852514,0.0474493761737522,0.0349419255486224,0.6705611120489238,0.6880106244870796,0.1907257033533853,0.0741132874536791,-0.0268030903090329,83.62,36.75,67.59,28.39,-28.55,OVERVALUED
IDCC,Information Technology (S&P 400),2024-08-31,0.2005137682014182,0.0706616861108502,0.792819086893646,0.2005137682014181,0.3075250431026908,27.645784261568807,21.07769916157237,8.351522822127865,1.0,-0.054155684894077,74.08,30.91,62.41,26.92,148.2,UNDERVALUED
ITT,Industrials (S&P 400),2024-08-31,0.0988385714763864,0.0954682753835345,1.3009330063480795,0.0988385714763865,0.0232703500078377,0.6082442167942942,0.6314328007308493,0.1828276676928115,0.0430622009569378,0.0181579124400134,52.42,9.29,37.16,25.06,51.78,UNDERVALUED
JEF,Financials (S&P 400),2024-08-31,0.040862393788003,0.0913394262430027,1.0734079423989176,0.040862393788003,0.1202969602179159,1.8140483272218284,1.846149324546664,0.6375911021822375,0.936654033567948,-0.6326646110681008,29.14,43.03,72.89,24.13,-8.09,OVERVALUED
KEX,Industrials (S&P 400),2024-08-31,0.1102021938023969,0.0730195629014063,0.9264729111489636,0.1102021938023969,0.0408194412237511,1.63366051093379,1.2880779753051932,0.3677587269788315,0.7744493392070485,-0.1644436927109883,19.98,34.23,44.78,25.96,17.44,UNDERVALUED
KNX,Industrials (S&P 400),2024-08-31,-0.0386097912091433,0.07,0.7869897870718346,-0.0386097912091432,0.0944550956077598,1.8400974500460887,1.296854273735185,0.3269571223786874,0.8,-0.3684707937567062,77.35,-3.77,-3.36,30.37,37.89,UNDERVALUED
KTOS,Industrials (S&P 400),2024-08-31,0.154514082155182,0.0827271729874685,1.1035995443595346,0.154514082155182,0.0186768247347044,0.6884401259491677,0.6472169888224448,0.2347413050782686,0.0804084237396298,-0.0838210242601485,-28.54,27.44,42.57,38.58,151.53,UNDERVALUED
KRG,Real Estate (S&P 400),2024-08-31,0.0241223148245128,0.07,0.7069053023739145,0.0241223148245128,0.0860460177591822,2.2195587113446558,1.472831493777182,0.4300162486967238,0.8375634517766497,-0.5390196075911542,13.12,24.64,21.03,23.89,10.97,UNDERVALUED
LEA,Consumer Discretionary (S&P 400),2024-08-31,0.1232750161548954,0.07,0.966859330734712,0.1232750161548955,0.0605772674098568,2.8554375593120547,1.9920793710346352,0.6010493588649841,0.9783505154639176,-0.2749355727284969,-14.4,-14.64,-17.63,26.24,16.3,UNDERVALUED
LECO,Industrials (S&P 400),2024-08-31,0.1144378765243427,0.0767314834013063,0.9635614921598664,0.1144378765243428,0.0324383102684747,1.3836694705907089,1.1938878854995936,0.3822586775812852,0.6610169491525424,-0.0663172027984457,9.58,-23.66,1.95,26.43,47.38,UNDERVALUED
LAD,Consumer Discretionary (S&P 400),2024-08-31,0.1012672148943869,0.07,1.41747211399141,0.1012672148943869,0.102823050140294,3.698744266529925,2.3984246791775523,0.9552553565630864,0.9438314944834504,-1.2776229591602064,42.39,1.9,-1.52,37.71,25.68,UNDERVALUED
LAMR,Real Estate (S&P 400),2024-08-31,0.0387999842530535,0.0756411889389127,1.2147519143266068,0.0387999842530534,0.065835068716265,1.510784274072266,1.2217185470506626,0.3680319728363629,0.6964560862865947,-0.395875647002634,23.33,10.88,44.7,25.97,32.85,UNDERVALUED
LFUS,Information Technology (S&P 400),2024-08-31,-0.0601615738433197,0.092583896437669,1.4072026729391842,-0.0601615738433197,0.0266344353078775,0.2704522413512207,0.2732079369838578,0.0816529489412235,0.0,-0.0569229649276359,48.35,14.27,2.99,27.36,53.13,UNDERVALUED
LOPE,Consumer Discretionary (S&P 400),2024-08-31,0.0544197009566489,0.07,0.58170275707206,0.054419700956649,0.0257607419122535,0.9894328235115456,0.738057181660268,0.1538222216598153,0.0446700507614213,0.0108654702144798,27.83,6.35,23.68,24.38,0.17,FAIRLY VALUED
LSTR,Industrials (S&P 400),2024-08-31,-0.286858362775702,0.07,0.6947718526253823,-0.286858362775702,0.0278527889725882,0.1634087552720219,0.351203221703181,0.0526173984039252,0.0,0.0559343306286138,79.34,-1.17,-2.09,21.1,5.67,UNDERVALUED
LSCC,Information Technology (S&P 400),2024-08-31,0.1162978756912938,0.1412276753833297,2.301181370207156,0.1162978756912937,0.0318200302337718,0.5052825398666312,0.5264261279994775,0.1336995721607441,0.006,0.0172201298852471,-36.35,-40.27,-51.31,52.99,145.65,UNDERVALUED
MIDD,Industrials (S&P 400),2024-08-31,-0.1960802935291715,0.07,1.0299697202712887,-0.1960802935291715,0.0759888214355395,0.4034836156499716,0.6126492056089954,0.1839898084991924,0.0101936799184505,-0.3634678510654858,1.92,-8.69,-3.41,28.1,-0.72,FAIRLY VALUED
MORN,Financials (S&P 400),2024-08-31,0.0898107559071954,0.07,0.6470526769180199,0.0898107559071955,0.0181136179254771,0.7367025457858092,0.5302200460830749,0.1407874579075768,0.0010141987829614,-0.0623254320560304,10.25,3.75,35.64,24.99,-29.72,OVERVALUED
MMS,Industrials (S&P 400),2024-08-31,0.0591036355289484,0.07,0.7812036681906023,0.0591036355289485,0.0242237561189952,0.6707043300108251,0.4279891963895706,0.1446839528617995,0.0,-0.2510667977123473,49.36,8.91,15.83,21.8,-34.87,OVERVALUED
MLI,Industrials (S&P 400),2024-08-31,-0.1411466042930805,0.0875556240800833,1.0947918029329184,-0.1411466042930805,0.0099345091107512,0.2106925107409653,0.2327779423929285,0.0214116012547378,0.0,0.1399026254307603,161.09,41.22,90.57,28.21,77.67,UNDERVALUED
MSA,Industrials (S&P 400),2024-08-31,0.1699620341725169,0.07,0.7540737443448561,0.1699620341725171,0.0315687252246989,1.9534654832619345,1.428872303333305,0.4664421852701771,0.8253807106598985,-0.0713197881987077,29.24,-1.47,1.09,20.49,5.49,UNDERVALUED
MSM,Industrials (S&P 400),2024-08-31,0.0859691762464405,0.07,0.7804994901639556,0.0859691762464405,0.1197491712626337,5.226126100900758,3.824664889276927,1.009642786500835,1.0,-0.1117242854748126,-1.11,-18.64,-16.41,24.2,55.67,UNDERVALUED
MTDR,Energy (S&P 400),2024-08-31,-0.118584202015892,0.07,0.7693743725348875,-0.118584202015892,0.1467947705114544,1.6920345678635442,1.439444515141478,0.376068317591577,0.8768619662363456,-0.3458041352232744,41.35,-9.08,-9.45,32.89,8.63,UNDERVALUED
MTN,Consumer Discretionary (S&P 400),2024-08-31,0.1438894149914962,0.07,0.9763183577351248,0.1438894149914961,0.1619895699743546,10.285073681676892,7.623858550815879,2.6256052611296097,1.0,-0.3986835252034635,-4.0,-14.73,-16.31,28.69,-6.0,OVERVALUED
MTSI,Information Technology (S&P 400),2024-08-31,-0.0396389057570686,0.1092668093670237,1.7057398814676137,-0.0396389057570685,0.0214977400023141,0.1843851438604827,0.1948785678903788,0.054643203677132,0.0,-0.0404137714747957,237.78,16.14,29.17,33.53,145.58,UNDERVALUED
MTZ,Industrials (S&P 400),2024-08-31,0.2268242361095345,0.0953656365094166,1.7582984861183864,0.2268242361095344,0.0544906906942608,2.014291251822579,2.077791262253153,0.893925195784183,0.919202518363064,-0.3307387494384634,8.86,29.03,13.71,47.22,138.69,UNDERVALUED
MUR,Energy (S&P 400),2024-08-31,-0.1827631310809594,0.07,0.581922455811136,-0.1827631310809594,0.0918236959550834,0.6573479391011295,0.8519240614084714,0.2226951001033887,0.2893954410307235,-0.3402941769292472,8.0,-2.44,-15.46,27.07,11.11,UNDERVALUED
NBIX,Health Care (S&P 400),2024-08-31,0.2676160408410022,0.07,0.3777729975532181,0.2676160408410022,0.0202247645037315,1.9898389977533768,1.36894171719046,0.4299915100981051,0.7796780684104627,-0.0141378295144247,-29.37,-4.55,16.69,33.53,20.84,UNDERVALUED
MUSA,Consumer Discretionary (S&P 400),2024-08-31,-0.0817492034922652,0.07,0.4371575952979081,-0.0817492034922652,0.0439070910015217,0.4846023239392595,0.3330036484651033,0.1244892600883,0.0,-0.2007796400428818,76.31,23.8,64.25,23.57,10.79,UNDERVALUED
NEU,Materials (S&P 400),2024-08-31,-0.0240089785912104,0.07,0.5540170250657636,-0.0240089785912104,0.101195232256201,2.201726285381902,1.611729228341836,0.3398000135121771,0.9696048632218844,-0.116962021485819,18.69,-9.98,24.37,23.1,68.31,UNDERVALUED
NOV,Energy (S&P 400),2024-08-31,0.1859886693381236,0.07,0.8879856516382665,0.1859886693381235,0.0584552188351661,4.169493399316659,3.087299700145338,1.1191170897023028,0.994934143870314,-0.2372563272733439,-43.49,6.07,-14.87,33.56,21.58,UNDERVALUED
NXST,Communication Services (S&P 400),2024-08-31,-0.0533486854730378,0.07,1.1029909650752163,-0.0533486854730378,0.1518318581367662,1.835483545178966,1.0570401338946376,0.4757055721361301,0.5315227934044617,-1.2629328332271013,2.41,11.73,9.29,38.03,17.74,UNDERVALUED
NVT,Industrials (S&P 400),2024-08-31,0.1628687203171974,0.1031808841248315,1.712603852602825,0.1628687203171975,0.0380605346752174,1.0005811993179854,1.0980822478858472,0.4654798610812043,0.5073641442356526,-0.1548287332410894,47.89,-1.61,21.66,32.69,131.82,UNDERVALUED
NYT,Communication Services (S&P 400),2024-08-31,0.0510461933154011,0.07,0.6658228984435927,0.0510461933154011,0.0240674878422122,0.9085593740125903,0.6865123863547691,0.1362610498706647,0.0059055118110236,0.0279269763292971,42.45,29.63,25.38,21.46,21.97,UNDERVALUED
OC,Industrials (S&P 400),2024-08-31,-0.1423009937506403,0.0836501106713269,1.3257738644526245,-0.1423009937506403,0.0798739212547652,0.574966255327305,0.7349811954117943,0.1980800444744359,0.1150990099009901,-0.1175293257488095,79.35,10.79,19.09,31.35,-8.35,OVERVALUED
OGS,Utilities (S&P 400),2024-08-31,-0.0799125680516523,0.07,0.508363767376437,-0.0799125680516523,0.2021503877519525,2.984524277982068,2.108617923815133,0.6201641294794327,0.9744136460554372,-0.8326811551605405,-16.57,16.01,-0.79,23.0,25.38,UNDERVALUED
OLN,Materials (S&P 400),2024-08-31,-0.2712399479533286,0.07,1.051758925000952,-0.2712399479533286,0.2168722906388228,0.6010610985804055,1.9699201661009813,0.4953156194115765,0.992079207920792,-0.5741072186606423,61.37,-20.74,-23.46,32.16,-54.85,OVERVALUED
OPCH,Health Care (S&P 400),2024-08-31,0.0906496887623629,0.07,0.8586323367547014,0.090649688762363,0.0501390079119555,2.144944674056084,1.554005466715734,0.4206550964916784,0.9185475956820413,-0.1471514175203806,-30.34,-2.38,-8.07,31.17,-25.17,OVERVALUED
OVV,Energy (S&P 400),2024-08-31,-0.1268453145057766,0.07,0.7526481666395545,-0.1268453145057766,0.1893800172541778,1.8948887836433128,1.6902399546326188,0.47010913093888,0.9386745796241344,-0.60688318628428,18.9,-11.3,-6.42,29.52,64.25,UNDERVALUED
OSK,Industrials (S&P 400),2024-08-31,0.1661313692344843,0.087108919480936,1.1415267572603418,0.1661313692344844,0.1770264279419071,7.39061567080925,7.400973388419665,2.765513829547688,1.0,-0.0946747326674169,-38.93,-2.85,5.72,27.61,47.72,UNDERVALUED
PAG,Consumer Discretionary (S&P 400),2024-08-31,0.1115125760386557,0.07,1.1416011351039168,0.1115125760386556,0.0941207657613079,4.098892579493507,2.856059127686378,0.9641170052963598,0.9980487804878048,-0.7124561752176484,48.8,12.44,6.01,27.06,35.88,UNDERVALUED
PBF,Energy (S&P 400),2024-08-31,-0.1816238631825976,0.0723019066212652,0.811067185660768,-0.1816238631825976,0.3233929040136366,2.342571318379457,3.3411447021258387,0.6215244333572139,1.0,-0.0682688815060451,-5.09,-28.29,-25.68,39.16,126.77,UNDERVALUED
PFGC,Consumer Staples (S&P 400),2024-08-31,0.1249771584525514,0.07,0.8740537303637939,0.1249771584525514,0.0421965693346943,1.7876782696727398,1.2120451037496491,0.4272076605237439,0.6673076923076923,-0.4103147135326067,-21.13,-3.64,20.14,24.72,40.09,UNDERVALUED
PII,Consumer Discretionary (S&P 400),2024-08-31,0.040214227500291,0.0716302652482629,1.0906562745800477,0.040214227500291,0.0368403365725482,0.826189572892524,0.5722947081591093,0.2062936566409952,0.0149953139643861,-0.3867623687481138,-6.86,-7.52,-22.75,33.42,-16.13,OVERVALUED
PLNT,Consumer Discretionary (S&P 400),2024-08-31,0.1436358046568429,0.07,0.9555739838034992,0.1436358046568428,0.0389500207752658,2.062391442796807,1.4763602648905836,0.5502979013135997,0.8147389969293757,-0.2965422057134301,2.49,30.67,33.57,35.82,-33.36,OVERVALUED
POST,Consumer Staples (S&P 400),2024-08-31,0.1947976483456384,0.07,0.3934394781302759,0.1947976483456385,0.193691854954333,13.02800163397071,9.5237809304008,3.5158601900281345,1.0,-0.8779682737603995,84.49,11.57,29.05,19.13,-31.09,OVERVALUED
PR,Energy (S&P 400),2024-08-31,0.4643383155074567,0.07,0.7942436438953664,0.4643383155074568,0.1415673603498382,31.079237895580007,10.6866162342084,2.670383602945261,1.0,-0.5344369721549224,55.01,-5.2,5.07,31.05,79.21,UNDERVALUED
PSN,Industrials (S&P 400),2024-08-31,0.2973530679298029,0.0735704214763863,0.8787779277811141,0.2973530679298029,0.0195643137685828,1.888918252235836,1.3050056872128692,0.4073564241182018,0.7677966101694915,-0.0647509295482324,45.98,15.23,67.41,28.12,-50.18,OVERVALUED
PVH,Consumer Discretionary (S&P 400),2024-08-31,0.0214423439196826,0.0729922835820274,1.5487250019810606,0.0214423439196826,0.193170652736757,5.062070967461794,3.930160076065571,0.9181551155141904,1.0,-0.4987087943023977,-39.85,-28.26,18.22,39.29,-20.72,OVERVALUED
QLYS,Information Technology (S&P 400),2024-08-31,0.1321869710019745,0.0858350770319575,1.0620019492335149,0.1321869710019745,0.0125014290824904,0.5297645801972806,0.5255298411152726,0.1753085538853112,0.0154761904761904,0.0378629451621145,-4.89,-25.83,-19.58,32.11,43.83,UNDERVALUED
RBA,Industrials (S&P 400),2024-08-31,1.1222747721767217,0.07,0.804367404620639,1.1222747721767217,0.0174210565473109,36.48571816508211,1.178577109816476,0.3107169170079473,0.6837121212121212,-0.2610552956017366,88.91,13.83,41.69,29.18,3.06,FAIRLY VALUED
RBC,Industrials (S&P 400),2024-08-31,0.0619342544068604,0.0749512994541595,0.905072375724898,0.0619342544068604,0.0248017323490257,0.6796765732314511,0.5330650701778006,0.1584592670424369,0.000821692686935,-0.1405714899074387,3.63,12.1,29.2,26.03,68.69,UNDERVALUED
RH,Consumer Discretionary (S&P 400),2024-08-31,-0.1563444077207568,0.0993804618564237,2.281122349471011,-0.1563444077207569,0.3539574352981754,1.4221887976128138,2.346971018391241,0.7080993780796448,0.9994772608468374,-0.7731728864001618,20.75,-6.42,-30.53,61.63,-37.84,OVERVALUED
RMBS,Information Technology (S&P 400),2024-08-31,0.0139052272132595,0.1601557871878287,2.7365589690059613,0.0139052272132596,0.0122981350735877,0.1066501624756563,0.1079248900866583,0.0131106204350822,0.0,0.0132813733575113,-85.5,-29.12,-20.81,55.66,101.84,UNDERVALUED
RPM,Materials (S&P 400),2024-08-31,0.0108680403295622,0.0751732992923125,0.9684684337884166,0.0108680403295622,0.0609166622117939,1.3836355742272377,1.1369565263081138,0.2769125117596591,0.6602465331278891,-0.1507239372280117,14.26,0.64,18.59,22.23,-2.62,FAIRLY VALUED
RRX,Industrials (S&P 400),2024-08-31,0.1979340347649436,0.0791832678047056,1.3884329414048937,0.1979340347649437,0.0407628950979714,1.6944678552774597,1.4737786727574866,0.6752562960135097,0.7285522788203753,-0.5470028056103714,147.67,-1.97,4.43,39.27,0.18,FAIRLY VALUED
RS,Materials (S&P 400),2024-08-31,-0.1303436123348017,0.0759203855339095,0.8387854521832045,-0.1303436123348017,0.0560495492412358,0.5986337461944499,0.6323668909692599,0.1424124330317167,0.0082520630157539,-0.0186643008483008,80.67,-9.93,2.08,25.4,38.83,UNDERVALUED
SAIC,Industrials (S&P 400),2024-08-31,-0.033748701973001,0.07,0.6320368629157999,-0.033748701973001,0.1009751076427463,1.8445627547600767,1.3197986513231206,0.3192481008940963,0.8315054835493519,-0.3254215517481389,-22.71,-8.1,12.36,27.56,0.38,FAIRLY VALUED
SAIA,Industrials (S&P 400),2024-08-31,0.0320108078022762,0.0829180110942042,1.0062208011777072,0.0320108078022762,0.0056531715931514,0.1470676885755207,0.1391665779461035,0.0290180423673639,0.0,0.0158269827137038,72.14,-35.65,-11.82,48.52,-4.78,FAIRLY VALUED
SCI,Consumer Discretionary (S&P 400),2024-08-31,-0.0021620182341643,0.07,0.7203959879827398,-0.0021620182341643,0.041307755819956,0.6784268660843755,0.3992019971410386,0.163964294180984,0.0,-0.4133077304486352,5.84,7.11,26.17,25.24,10.27,UNDERVALUED
SFM,Consumer Staples (S&P 400),2024-08-31,0.0676367765457262,0.07,0.5676217240893413,0.0676367765457261,0.045010497710027,1.67780081864987,1.2089057702981914,0.3149174273655959,0.7296222664015904,-0.1385295929657218,141.86,63.65,155.09,31.9,-23.7,OVERVALUED
SEIC,Financials (S&P 400),2024-08-31,-0.0357823586402462,0.0788040192958412,0.8959345756281996,-0.0357823586402462,0.0418987172283666,0.8330716351891742,0.7490522408743081,0.14541513240951,0.0532585844428871,0.0934015136658427,20.54,-0.16,10.54,17.29,65.06,UNDERVALUED
SGI,Consumer Discretionary (S&P 400),2024-08-31,0.0008534503779566,0.0785733859942704,1.3076451650572034,0.0008534503779565,0.0417384736436253,0.5488139449121573,0.4385621018800239,0.1771197839784469,0.0006968641114982,-0.3597309088779375,46.48,-3.14,13.39,34.02,26.08,UNDERVALUED
SLGN,Materials (S&P 400),2024-08-31,-0.066021066212441,0.07,0.6540651769321707,-0.0660210662124411,0.2070390081462116,3.4063611735669284,2.4749477512202,0.6271767335389592,1.0,-0.5176598942624124,-0.09,21.53,17.3,23.51,-18.07,OVERVALUED
SIRI,Communication Services (S&P 400),2024-08-31,-0.0055537043207819,0.0701564866916592,1.376577494268358,-0.0055537043207819,0.1735257741949314,3.8344579508517023,2.625845080313907,0.7036488560302856,0.998998998998999,-0.939053853714627,-16.77,-19.72,-23.09,51.85,-4.32,FAIRLY VALUED
SLAB,Information Technology (S&P 400),2024-08-31,-0.2361552417425539,0.1268255790827982,2.0069220115500426,-0.236155241742554,0.1855767574331865,0.6918658397139111,1.2849705309104105,0.2228899564361866,0.9545,0.0430850547945074,518.74,-17.12,-12.23,44.13,84.45,UNDERVALUED
SNX,Information Technology (S&P 400),2024-08-31,-0.0768062458807057,0.07,0.8171839878140431,-0.0768062458807057,0.1781006816269625,3.1279880393293102,2.343797486220999,0.5524308927127356,1.0,-0.2901413427256211,7.14,16.28,21.08,23.18,111.19,UNDERVALUED
SON,Materials (S&P 400),2024-08-31,-0.0713223549393983,0.07,0.702896434473105,-0.0713223549393983,0.041461363074095,0.1532959841695688,-0.0298291740552486,0.1235465020921347,0.0,-0.6084954229691727,-11.81,1.73,2.27,20.47,13.62,UNDERVALUED
ST,Industrials (S&P 400),2024-08-31,0.0061644043003408,0.07,1.077188400783878,0.0061644043003408,0.0677839280485024,1.4734394829871456,0.9568781348903028,0.298425810675437,0.4417426545086119,-0.5141162554729329,107.98,10.26,3.87,28.91,12.94,UNDERVALUED
SPXC,Industrials (S&P 400),2024-08-31,0.1918680265589705,0.0947811669610121,1.3558028617385047,0.1918680265589705,0.0384495451235225,1.3790449478268187,1.4603424301342471,0.5599274336448866,0.7937007874015748,-0.061586158436506,-22.96,41.3,106.45,29.23,25.7,UNDERVALUED
SSD,Industrials (S&P 400),2024-08-31,0.0461776855110398,0.0842311970072579,1.1361117503148908,0.0461776855110399,0.0305261561124245,0.7258613545708622,0.695641401079436,0.1783931713781429,0.0564166150030998,-0.0159258050725679,87.42,-13.46,15.31,31.18,4.72,FAIRLY VALUED
STRL,Industrials (S&P 400),2024-08-31,0.1146088358098287,0.1177728933715995,1.951694065026648,0.1146088358098286,0.0329200525251121,0.6527033833117157,0.6965697070682781,0.197067555799043,0.065130260521042,0.0196624736258009,147.66,7.36,44.43,51.38,328.91,UNDERVALUED
THC,Health Care (S&P 400),2024-08-31,0.0724940022947742,0.07,0.9433337278322826,0.0724940022947741,0.0634286734613946,1.8684930680697704,1.1803928976603248,0.4703216623818016,0.6231884057971014,-0.83097508137571,42.75,76.99,113.82,36.68,67.64,UNDERVALUED
TEX,Industrials (S&P 400),2024-08-31,0.1661385242191035,0.0999207236160538,1.4803790275234996,0.1661385242191036,0.0927106710744681,3.248885365668962,3.480074417013609,1.4273577601939618,1.0,-0.0689340814956239,-18.97,0.24,-5.15,40.65,17.37,UNDERVALUED
THO,Consumer Discretionary (S&P 400),2024-08-31,-0.318216830319034,0.0869717008172837,1.2840380504690816,-0.3182168303190339,0.1146751395510528,0.2559273164081935,1.1066818762195965,0.2853865314496542,0.5820198482194979,-0.1577701669221592,158.15,-14.82,4.29,35.72,-22.07,OVERVALUED
TKR,Industrials (S&P 400),2024-08-31,0.060555518491338,0.07,1.0476128194278338,0.060555518491338,0.1326277765851805,4.786332751285362,3.4471113904253845,0.8801713087695167,1.0,-0.362480097995069,14.63,-0.11,12.45,25.89,51.8,UNDERVALUED
TNL,Consumer Discretionary (S&P 400),2024-08-31,0.0513036164844407,0.07,1.4372576421331642,0.0513036164844407,0.2283669426476082,6.563032188513909,4.4051650735178525,1.3107512936339385,0.9980487804878048,-1.863463156807935,3.1,0.87,15.23,34.08,73.79,UNDERVALUED
TOL,Consumer Discretionary (S&P 400),2024-08-31,-0.027309563140026,0.0952925450987448,1.696582698007234,-0.027309563140026,0.0716715177711758,0.8319754754749109,0.8580963634341539,0.243023420218561,0.2480127186009539,-0.114395143504207,116.04,23.32,77.41,36.92,2.69,FAIRLY VALUED
TTC,Industrials (S&P 400),2024-08-31,0.0085276984074247,0.07,0.5732006017285662,0.0085276984074246,0.0082125752374953,0.1340101669598618,0.0721967048058841,0.0353178991837634,0.0,-0.104802937699596,11.86,-1.2,-8.09,33.45,9.41,UNDERVALUED
TTEK,Industrials (S&P 400),2024-08-31,0.2906643972913614,0.0700609646730703,0.7787580087176004,0.2906643972913613,0.0356405752251375,4.433904803580383,2.826935622586442,0.9156037389115564,0.9815384615384616,-0.0738054676907828,46.66,30.08,51.95,25.1,-21.28,OVERVALUED
TXRH,Consumer Discretionary (S&P 400),2024-08-31,0.1536153033224332,0.0704850816124,0.8165692725219802,0.1536153033224331,0.0257724875160345,1.7107121086134731,1.310758350523715,0.4810163597785161,0.7178265014299333,-0.0610050391490017,65.89,13.65,65.02,23.31,23.15,UNDERVALUED
UFPI,Industrials (S&P 400),2024-08-31,-0.2501735011201612,0.0968572128422246,1.380982383376511,-0.2501735011201612,0.0267289719900717,0.2033378612466948,0.3410718720258683,0.0554495874403506,0.0,0.1003295329779068,91.92,5.79,17.9,33.18,-25.58,OVERVALUED
USFD,Consumer Staples (S&P 400),2024-08-31,0.0452183104794903,0.07,0.8640535304061417,0.0452183104794902,0.0625978522575798,1.8864409543829743,1.3042121897370065,0.3300737637844693,0.8061325420375866,-0.3397782656717406,6.45,14.06,46.45,23.56,83.19,UNDERVALUED
UTHR,Health Care (S&P 400),2024-08-31,0.2020348086556835,0.07,0.1659597742230454,0.2020348086556835,0.068730850749305,5.651703573598996,4.235950880062528,1.4503325738531383,1.0,0.0296872988445423,-2.08,58.94,62.04,27.34,43.69,UNDERVALUED
VIAV,Information Technology (S&P 400),2024-08-31,-0.1441504178272981,0.07,1.0798458256461196,-0.144150417827298,0.0295986517364991,0.2534890728073363,0.2452502145262295,0.077762589230321,0.0,-0.1436105151906206,-31.26,-11.51,-17.61,38.57,335.77,UNDERVALUED
VAL,Energy (S&P 400),2024-08-31,0.1133853354134164,0.083618030818635,1.1202868156085062,0.1133853354134165,0.0237097229397001,0.7589581304223728,0.720673726060199,0.2796716781618095,0.1661500309981401,-0.1209977297870329,43.01,-7.47,-18.93,36.28,44.82,UNDERVALUED
VC,Consumer Discretionary (S&P 400),2024-08-31,0.0527156549520766,0.0737899653173791,0.9394400743042886,0.0527156549520766,0.0876678448099295,2.947757719838061,2.382159089070929,0.5446217410805629,0.9991438356164384,0.0252681478724828,-41.58,-9.66,-27.31,31.16,6.12,UNDERVALUED
VFC,Consumer Discretionary (S&P 400),2024-08-31,-0.1058384889514353,0.07,1.0265681087590657,-0.1058384889514353,0.1233751899739907,1.0460968511624615,0.6934949550428205,0.3385467100986886,0.2024415055951169,-0.9862003058658356,377.35,17.19,-4.75,59.66,-17.75,OVERVALUED
VNOM,Energy (S&P 400),2024-08-31,-0.0447776364772508,0.07,0.5426550503313983,-0.0447776364772508,0.0525510934521622,0.8388366986294978,0.5566977031738366,0.1752521884567917,0.0041237113402061,-0.2882419441170452,105.32,31.75,82.43,26.94,5.34,UNDERVALUED
VNT,Information Technology (S&P 400),2024-08-31,-0.0280115563371435,0.0708534729161194,1.1579649246923511,-0.0280115563371435,0.0953406170637724,1.6983116274920098,1.223829066462167,0.320686499610087,0.739456419868791,-0.373189601991858,39.92,-19.49,11.83,26.75,-5.46,OVERVALUED
VVV,Consumer Discretionary (S&P 400),2024-08-31,0.1677857778496885,0.0707944875983126,1.0149638932513658,0.1677857778496885,0.0500745783552627,3.0949724351516528,2.258857463582588,0.8357132190106829,0.9742612011439468,-0.2503797049253044,-5.01,-4.4,22.53,26.65,-20.06,OVERVALUED
WEX,Financials (S&P 400),2024-08-31,0.0839785586658725,0.07,1.0249881444535622,0.0839785586658725,0.0595438172438274,2.1929574997710453,1.526124691462586,0.4277273519556327,0.8908908908908909,-0.3614311132245966,-25.96,-13.95,-2.63,25.13,4.4,FAIRLY VALUED
WFRD,Energy (S&P 400),2024-08-31,0.1856384206880628,0.0853064746237856,1.192131779143555,0.1856384206880628,0.0943439579339155,4.969410160887657,4.93613828500441,2.1721326707146105,0.9994022713687986,-0.1500796229203723,6.48,-0.31,18.83,39.41,-10.96,OVERVALUED
WCC,Industrials (S&P 400),2024-08-31,0.0450558120643693,0.0928892060092337,2.0005999351204458,0.0450558120643694,0.0797756196844737,0.9531266546018552,0.9876441588312808,0.4410013858476799,0.41504329004329,-0.657501095089009,13.53,10.21,3.16,46.91,111.34,UNDERVALUED
WH,Consumer Discretionary (S&P 400),2024-08-31,-0.0674232309746328,0.07,0.7611715770856203,-0.0674232309746328,0.0981709270397955,1.3396604320271683,0.960533541074632,0.2929423389959073,0.418377321603128,-0.3472379899301612,18.28,5.15,6.4,24.35,-0.35,FAIRLY VALUED
WHR,Consumer Discretionary (S&P 400),2024-08-31,-0.0136382072601906,0.07,1.360484529527204,-0.0136382072601906,0.3682443335032446,8.197682569440959,5.832802619786969,1.4171501359879066,1.0,-1.246900575199822,-8.46,-2.44,-23.34,41.49,-55.46,OVERVALUED
WMG,Communication Services (S&P 400),2024-08-31,0.0199357999662104,0.07,0.7274803635122071,0.0199357999662105,0.0177057255352601,0.2914715974553896,0.1496628615287213,0.0834781902830077,0.0,-0.2574502777976293,38.78,-18.29,-12.2,28.15,-0.76,FAIRLY VALUED
WING,Consumer Discretionary (S&P 400),2024-08-31,0.2867915451120353,0.0908256201974104,1.2654872096209833,0.2867915451120353,0.0135854909540192,0.8911557368940122,0.8196256830454122,0.3181642517559649,0.2534284147010422,-0.0573783505681611,108.56,5.54,141.04,35.25,-70.24,OVERVALUED
WLK,Materials (S&P 400),2024-08-31,-0.2055210839559326,0.0742530956790869,1.1384016917369153,-0.2055210839559326,0.0358279613699422,0.1821842074634957,0.3249933637637116,0.0878138966032744,0.0,-0.1237121052975716,178.28,4.52,12.63,27.73,-43.18,OVERVALUED
WMS,Industrials (S&P 400),2024-08-31,-0.0640313423013941,0.100992590174909,1.5334312034610058,-0.0640313423013941,0.0281129965859312,0.1869155732794298,0.1966443644115322,0.0676128272638756,0.0,-0.0727719313309836,61.49,-4.65,22.8,34.97,-8.36,OVERVALUED
WTS,Industrials (S&P 400),2024-08-31,0.0387976761808537,0.0817986683445979,1.0136761112703303,0.0387976761808537,0.0287122937116271,0.7178088502098652,0.6576116189620528,0.156508347021801,0.0174081237911025,0.0080132667476015,23.79,-4.3,5.04,25.33,90.51,UNDERVALUED
WWD,Industrials (S&P 400),2024-08-31,0.2231736745579762,0.0735821260247426,0.8214691948092073,0.2231736745579761,0.020735942947352,1.4396441963253073,1.13386709994012,0.412733466316075,0.5808885163453479,-0.0612027495170428,52.59,15.58,29.65,28.49,107.92,UNDERVALUED
WSO,Industrials (S&P 400),2024-08-31,0.0012953745382402,0.0917892365651033,1.2270961796380306,0.0012953745382401,0.0182834644121839,0.2883539071672673,0.2913834738488214,0.0778079526237343,0.0,-0.0109672491636817,109.31,21.07,33.63,28.4,-29.39,OVERVALUED
AAMI,Financials (S&P 600),2024-08-31,0.0225311601150526,0.0705474783059076,0.9427639054366768,0.0225311601150527,0.0407398172567227,1.0599869585281942,0.7515051501362967,0.1935370830215797,0.1016299137104506,-0.1987321512278093,52.55,7.97,17.99,28.76,281.43,UNDERVALUED
ABG,Consumer Discretionary (S&P 600),2024-08-31,-0.0408969865037353,0.07,1.4796995658519791,-0.0408969865037352,0.2736687765900063,4.914825898972164,3.427166714049035,0.9157009305864588,1.0,-1.0878504922852112,113.24,19.53,6.8,36.86,-11.97,OVERVALUED
ACHC,Health Care (S&P 600),2024-08-31,0.1219503225368996,0.07,0.5383859302621364,0.1219503225368995,0.0263178458585798,1.164371271287257,0.825170051896051,0.2671170072444641,0.2479919678714859,-0.1872022978143804,198.46,-4.31,6.26,32.69,-67.37,OVERVALUED
ACA,Industrials (S&P 600),2024-08-31,0.0290262172284643,0.0954590669844157,1.4205975994156643,0.0290262172284644,0.0400171566451319,0.6084181916608197,0.6341320071708952,0.1901048564599821,0.0523834468308014,-0.1048320108898566,113.24,7.95,17.26,31.93,59.55,UNDERVALUED
ACLS,Information Technology (S&P 600),2024-08-31,0.2289200628697019,0.1503728952696476,2.512906503075258,0.2289200628697019,0.0228958263598806,0.6007266537585164,0.6272072254961606,0.2026000100316406,0.0505,0.0341720080242523,4.82,-4.71,-43.1,49.6,13.23,UNDERVALUED
ACIW,Information Technology (S&P 600),2024-08-31,0.0215753417432016,0.0831969293112609,1.159360473303622,0.0215753417432015,0.0126350514213356,0.1109973727610707,0.0941131667661464,0.0614822258440832,0.0,-0.1675953270523696,104.45,57.67,107.41,31.89,3.54,FAIRLY VALUED
ADNT,Consumer Discretionary (S&P 600),2024-08-31,0.0902202393598186,0.0719247490637974,1.125194489177594,0.0902202393598187,0.2888779034718186,11.312982518240249,8.722980607931168,2.3104010715987244,1.0,-0.6723467326671863,-41.12,-32.21,-42.25,36.31,-11.63,OVERVALUED
ADT,Consumer Discretionary (S&P 600),2024-08-31,0.061827004881896,0.07,1.2527072616488206,0.061827004881896,0.1420821284305265,4.245467123113162,2.829099861369812,0.87920524279853,0.9931372549019608,-1.2329626482262444,-23.85,1.03,16.68,40.84,7.94,UNDERVALUED
ADUS,Health Care (S&P 600),2024-08-31,0.1130572377828245,0.0755856439187417,0.8782243715565806,0.1130572377828244,0.0521726897032602,2.1057996824952987,1.771857100183171,0.4797130610950146,0.9562841530054644,-0.0511459389403037,3.96,38.91,51.66,28.18,-9.75,OVERVALUED
ADEA,Information Technology (S&P 600),2024-08-31,-0.114242948240392,0.0968963368829838,1.5028363026262592,-0.114242948240392,0.0763351481527023,0.2065920833001119,0.3065909267768538,0.1745270027199547,0.0015673981191222,-0.4093613140972826,42.51,10.11,27.5,41.07,113.03,UNDERVALUED
AEO,Consumer Discretionary (S&P 600),2024-08-31,0.0544982166737844,0.0741388330321029,1.2556245944572832,0.0544982166737844,0.0152046746137953,0.2778788830707337,0.1859497693284487,0.0907259611837097,0.0,-0.2189573568760503,-7.82,-13.71,24.2,40.48,-16.23,OVERVALUED
AIN,Industrials (S&P 600),2024-08-31,0.1092119236206465,0.0819829325684355,1.1880361524301013,0.1092119236206465,0.0345585476005712,1.0638797458004183,0.9805186904917038,0.3197179950032849,0.4355152300712896,-0.1201584131446422,-13.73,1.08,2.7,27.96,-36.14,OVERVALUED
ALGT,Industrials (S&P 600),2024-08-31,0.0903750886794805,0.07,1.6214792739506727,0.0903750886794805,0.6794565244357686,27.16566648569035,19.140010365447143,5.255447160123369,1.0,-2.8873359103184013,-41.3,-42.33,-51.28,50.16,89.25,UNDERVALUED
ALKS,Health Care (S&P 600),2024-08-31,0.4961436235996743,0.07,0.426365560482999,0.4961436235996744,0.0282312086403273,12.667527581212063,3.2322359020059896,0.8094571760872975,0.9895397489539748,0.0179523479353892,-87.75,-4.91,-2.54,36.4,69.31,UNDERVALUED
ALG,Industrials (S&P 600),2024-08-31,0.1163009640490058,0.0846192531614878,1.0843717525602603,0.1163009640490058,0.0453517598636732,1.421188320010033,1.38786591591264,0.4553162412709889,0.7947336923997607,-0.0862202829151329,-4.04,-9.31,8.58,29.42,-11.34,OVERVALUED
AMN,Health Care (S&P 600),2024-08-31,-0.2773070554439409,0.07,0.5249568049583668,-0.2773070554439409,0.1894908509322495,0.1226970813148372,1.3573510034326293,0.351092093512809,0.8207094918504314,-0.6570108651000346,2.26,-8.46,-40.0,47.07,-34.68,OVERVALUED
ALRM,Financials (S&P 600),2024-08-31,0.0464335435263287,0.0765843143405926,1.1246567215453918,0.0464335435263287,0.0058187271544735,0.2281974975749005,0.2028377885258065,0.032692890531051,0.0,0.0575777349616625,-25.96,-20.63,1.66,28.04,-3.9,FAIRLY VALUED
AMPH,Health Care (S&P 600),2024-08-31,0.2914063893448126,0.07,0.7942192924134026,0.2914063893448126,0.0748003670539174,9.310591646495103,5.846892517252761,1.880492258075238,0.9989868287740628,-0.2045971386076645,39.17,4.41,-8.57,41.98,-55.55,OVERVALUED
AMR,Materials (S&P 600),2024-08-31,-0.1536415616180254,0.0833965781795862,0.9122325460514616,-0.1536415616180254,0.2087548647073938,1.5624278561887068,2.1060670416532328,0.4496707093430247,1.0,0.0833255500630407,144.12,-36.53,17.9,54.54,-15.06,OVERVALUED
APAM,Financials (S&P 600),2024-08-31,-0.0182767282300648,0.0870737415826319,1.264682238253639,-0.0182767282300648,0.1113707791667256,1.665966034129666,1.6402606943153284,0.4050787887323278,0.9764567392583872,-0.056126995308006,24.59,-4.06,16.47,29.0,21.89,UNDERVALUED
APLE,Real Estate (S&P 600),2024-08-31,0.0850949236000475,0.07,0.8801353147698303,0.0850949236000474,0.1210772762468304,4.735003588156236,3.336326267503097,0.8872199225787597,1.0,-0.4869530517816824,-5.42,-10.58,2.63,22.76,31.69,UNDERVALUED
ASO,Consumer Discretionary (S&P 600),2024-08-31,-0.0368693211164282,0.0714730598766109,1.206179895959882,-0.0368693211164282,0.0971079951313739,1.6197587761586214,1.1901994409072247,0.3103338305999131,0.7043558850787767,-0.3336523791906003,10.52,-25.53,2.4,37.43,-16.36,OVERVALUED
APOG,Industrials (S&P 600),2024-08-31,-0.0164878641989705,0.087889214630341,1.1759130406691576,-0.0164878641989704,0.0919545812130113,1.426935519143647,1.4055629768961553,0.3495248077042043,0.8873978996499416,-0.0491105122329923,21.9,19.17,34.79,28.77,-34.68,OVERVALUED
AROC,Energy (S&P 600),2024-08-31,0.1712091753708748,0.0959263253586637,0.9737131954677538,0.1712091753708749,0.030106968332906,1.0049895105402746,1.049753716275046,0.3841779557328175,0.4696335078534031,-0.0036800877460495,-16.39,12.13,64.4,32.3,66.89,UNDERVALUED
ATEN,Information Technology (S&P 600),2024-08-31,-0.1021552554416453,0.07,0.5416071843466053,-0.1021552554416454,0.0123153169515097,0.2690456734137623,0.234377833586188,0.0329384236754868,0.0,0.0804546861162422,6.09,2.12,-5.84,43.84,87.16,UNDERVALUED
ASTE,Industrials (S&P 600),2024-08-31,0.0499803844644959,0.0852023115733485,1.1390958835290048,0.0499803844644958,0.0323370077686854,0.7533809660315012,0.7211071885463394,0.1872491528386857,0.0893821235752849,-0.0264919847214486,-18.59,-15.86,-37.34,45.48,27.47,UNDERVALUED
ASTH,Health Care (S&P 600),2024-08-31,0.2119435779692229,0.0908531638419844,1.3755686535861602,0.2119435779692229,0.0422046639156117,1.856172182060488,1.9138236583042123,0.7009281472751605,0.9412087912087912,-0.0121532387068274,55.6,8.69,26.23,47.32,-19.19,OVERVALUED
AWI,Industrials (S&P 600),2024-08-31,0.0503608790852323,0.0786573909567905,1.0005104767695,0.0503608790852323,0.0572281414893558,1.5377350619197407,1.3694886311494536,0.3533986627402658,0.8388017118402282,-0.1039448662563273,46.63,4.78,67.29,26.36,43.21,UNDERVALUED
BCC,Industrials (S&P 600),2024-08-31,-0.1846912244895769,0.1019930946220766,1.567589999748303,-0.1846912244895769,0.1064234413606434,0.6307647298238945,0.9833654453490904,0.2118195081142889,0.3852459016393442,0.0828121517176307,297.2,0.2,30.37,37.74,-35.35,OVERVALUED
BFAM,Consumer Discretionary (S&P 600),2024-08-31,0.1968683787621499,0.0720691557365573,1.0285997599989245,0.1968683787621499,0.0053023649362572,0.1385379454107413,0.0626776165283304,0.0941024656560215,0.0,-0.2197964395304599,63.23,21.68,49.04,33.72,-48.14,OVERVALUED
BCPC,Materials (S&P 600),2024-08-31,-0.0211374021337963,0.0838646228313562,1.0689037801587535,-0.0211374021337962,0.029753982679478,0.4785295601408344,0.4544560200218169,0.1198571410306059,0.0,-0.0470962848033124,26.68,12.77,26.68,24.4,2.08,FAIRLY VALUED
AZZ,Industrials (S&P 600),2024-08-31,0.1616289514818505,0.0880833472328943,1.259843859908235,0.1616289514818505,0.1057144318718766,3.512616081151565,3.5539892300422813,1.3710114923615593,0.9971925884334644,-0.4730085943781734,15.25,15.87,71.22,32.92,69.3,UNDERVALUED
BGC,Financials (S&P 600),2024-08-31,0.1159243530529026,0.0731779089596538,1.0103408022695644,0.1159243530529027,0.0281830883203347,1.1284388239143506,0.8701699291086251,0.2735233852291258,0.3061396131202691,-0.140502637088217,137.63,21.91,101.48,34.64,20.32,UNDERVALUED
BHE,Information Technology (S&P 600),2024-08-31,-0.0164066422042378,0.0920989432215677,1.537884657575746,-0.0164066422042378,0.0335007963776062,0.3924516184131917,0.3924792454586539,0.1245270010971717,0.0,-0.1202237368051578,34.82,39.35,68.93,40.11,74.09,UNDERVALUED
BL,Information Technology (S&P 600),2024-08-31,0.1282331748696785,0.0733994155039863,1.491399738379286,0.1282331748696786,0.065968554685938,2.923460332413757,2.2865979186229204,0.7780394269282213,0.9820819112627986,-0.3737941474196054,-99.14,-24.18,-17.5,40.19,-36.21,OVERVALUED
BNL,Real Estate (S&P 600),2024-08-31,0.0868070466463646,0.07,0.7787741828841492,0.0868070466463646,0.1135888526959547,4.310610134202791,3.0445659125712323,0.8995799814937522,1.0,-0.6286532049228141,1.43,26.33,21.82,23.97,31.83,UNDERVALUED
BOX,Information Technology (S&P 600),2024-08-31,0.0472986474566896,0.07,0.7076443096106513,0.0472986474566897,0.0055501797611192,0.1830615951167858,0.1310300074124353,0.0321370593015596,0.0,-0.0172644627745304,-9.32,16.93,23.11,29.25,0.43,FAIRLY VALUED
BRC,Industrials (S&P 600),2024-08-31,0.0228875429895043,0.07,0.3917434773162837,0.0228875429895043,0.0407251051731537,1.3038299168422924,0.9824983981509904,0.1888735754401547,0.4747274529236868,0.0202315024845437,29.02,26.57,49.12,23.76,25.29,UNDERVALUED
BTU,Energy (S&P 600),2024-08-31,-0.0070655773901523,0.0864053973371156,0.692285085659494,-0.0070655773901523,0.4455515331293329,7.952742286112533,7.716844384472792,1.809299273416829,1.0,0.1945216678572693,0.8,-6.84,9.93,33.14,19.66,UNDERVALUED
CAKE,Consumer Discretionary (S&P 600),2024-08-31,0.0412777961440513,0.07,1.1370306586338588,0.0412777961440513,0.0609413635700573,1.1884648012267918,0.6401526941251598,0.3155451896399875,0.1462904911180773,-0.9414201337887502,-24.21,14.18,27.28,33.25,186.01,UNDERVALUED
A,Health Care (S&P 500),2024-03-04,-0.0021904205607476,0.0797434116262729,0.9206290337826228,-0.0021904205607476,0.0156024949692555,0.2964074163403242,0.2659707588943807,0.0681032833742241,0.0,-0.0279665027373104,13.56,17.62,-0.02,26.75,12.22,UNDERVALUED
ACN,Information Technology (S&P 500),2024-03-04,0.0408713110733207,0.0877655115285974,1.0477264493909073,0.0408713110733208,0.0272273265362304,0.6215866358150625,0.6180431739070468,0.1528096046799682,0.0093294460641399,0.0256312148743759,28.86,17.99,44.74,20.79,-49.24,OVERVALUED
ADBE,Information Technology (S&P 500),2024-03-04,0.102408269907986,0.1123724835323055,1.6096891675439473,0.1024082699079859,0.0154852358654485,0.3279697359265023,0.3479229545908897,0.1034294432856456,0.0,0.0118453929967128,43.25,0.84,65.08,31.1,-51.74,OVERVALUED
APD,Materials (S&P 500),2024-03-04,-0.0077646354716267,0.07,0.8904784255685487,-0.0077646354716267,0.0311822707115866,0.6372653540862205,0.4339427877175668,0.1209605225700908,0.0,-0.1896599305322172,7.21,-18.99,-17.1,28.42,37.41,UNDERVALUED
ADI,Information Technology (S&P 500),2024-03-04,0.0242706126784415,0.0921284295536953,1.2258727673231071,0.0242706126784414,0.045165548742087,0.7723903065528431,0.7799457690653903,0.215612053152114,0.1723577235772357,-0.0648738536537795,15.34,7.71,6.51,25.04,97.9,UNDERVALUED
AAPL,Information Technology (S&P 500),2024-03-04,-0.0280046053031993,0.0870279225028541,1.0657160763795557,-0.0280046053031993,0.0302501216971339,0.4340141690283248,0.4295482571164838,0.1095979144205247,0.0,-0.0301185904040531,26.81,-7.34,16.56,19.01,77.76,UNDERVALUED
AMAT,Information Technology (S&P 500),2024-03-04,0.0283885980221059,0.1082515793457127,1.5426995966759791,0.0283885980221058,0.0195877049848884,0.2800347616189536,0.2891818578637742,0.0700869223050053,0.0,0.000777242945948,119.99,36.56,77.62,34.29,136.0,UNDERVALUED
AZO,Consumer Discretionary (S&P 500),2024-03-04,0.0741423792304194,0.07,0.6306258077426548,0.0741423792304194,0.0416874185356939,1.5492020683857943,1.084699285189675,0.3165018150073573,0.5812310797174571,-0.1936910172934169,23.66,21.14,23.33,21.83,-4.03,FAIRLY VALUED
BDX,Health Care (S&P 500),2024-03-04,0.0266030736618971,0.07,0.5285493250406341,0.0266030736618971,0.0311728543424088,0.7286280900841151,0.4658062174714354,0.1466414655238309,0.0,-0.2830819910363135,7.09,-14.74,0.84,19.49,8.14,UNDERVALUED
TECH,Health Care (S&P 500),2024-03-04,0.0281322613352581,0.0828981001068898,0.965141171727034,0.028132261335258,0.0254202480879796,0.5588433548051939,0.5202394981475607,0.1300258652394452,0.0,-0.0235257978794215,-19.76,-4.68,-3.86,31.73,-2.27,FAIRLY VALUED
AVGO,Information Technology (S&P 500),2024-03-04,0.0787880613197602,0.1109050600377569,1.6552815215983865,0.0787880613197602,0.0241373437372587,0.3967133875777159,0.4238847317392673,0.1282658100306159,0.003012048192771,-0.0442710343975168,136.99,62.33,126.65,33.34,168.85,UNDERVALUED
CAH,Health Care (S&P 500),2024-03-04,0.130444613568931,0.07,0.439705060808684,0.130444613568931,0.1097414930915327,6.178687030093477,4.578250040271409,1.3180594880102714,1.0,-0.0229066469974178,-92.31,30.01,53.23,20.85,112.47,UNDERVALUED
COR,Health Care (S&P 500),2024-03-04,0.0988587157173177,0.07,0.1535746076792268,0.0988587157173178,0.08571850928922,4.048039496432636,2.993782964030728,0.7742605499266583,1.0,-0.0473156203231252,64.9,35.41,52.56,16.02,38.11,UNDERVALUED
CSCO,Information Technology (S&P 500),2024-03-04,0.1055336811684155,0.0735268933142907,0.7416082106357182,0.1055336811684155,0.0696091847546457,3.250697014892725,2.613362439131164,0.7589759243132413,1.0,0.0092453347684244,5.42,-13.78,2.73,19.3,140.22,UNDERVALUED
COST,Consumer Staples (S&P 500),2024-03-04,0.0675731646060435,0.07,0.6543896251449023,0.0675731646060435,0.0079974872005045,0.3445591028659559,0.259198586368556,0.0567719875376687,0.0,0.0145279666749429,37.5,43.14,64.57,16.6,26.67,UNDERVALUED
DE,Industrials (S&P 500),2024-03-04,0.1748371748371748,0.07,1.0112069399954224,0.1748371748371748,0.0466718141689832,3.134629321384716,2.2318780761081918,1.054654758695333,0.8993020937188435,-0.5669889622738641,-32.79,-12.38,-14.16,25.45,76.01,UNDERVALUED
FDS,Financials (S&P 500),2024-03-04,0.1310358741184407,0.0736119094735772,0.8300678152402383,0.1310358741184407,0.0434185838080149,2.2707331644630626,1.823640908384872,0.622184885143564,0.9356223175965666,-0.0823335459017784,-18.01,7.23,11.4,19.93,-33.94,OVERVALUED
FICO,Information Technology (S&P 500),2024-03-04,0.0989544533751551,0.0869835389501365,1.0770724096471431,0.0989544533751552,0.0148045734729808,0.3913809428652031,0.3845253287976818,0.1296492304576631,0.0,-0.0547630011669317,136.51,45.14,84.51,26.53,-9.58,OVERVALUED
BEN,Financials (S&P 500),2024-03-04,-0.0514664120938214,0.07,1.3992634310655512,-0.0514664120938213,0.0969608382773966,1.5085387644909969,0.9987366700158128,0.3230380741054659,0.5005107252298263,-0.6137813002731487,76.84,5.59,-1.92,27.49,42.49,UNDERVALUED
HPE,Information Technology (S&P 500),2024-03-04,0.0224241998877035,0.07,1.320172272651952,0.0224241998877035,0.1011293401720555,2.767566050941202,1.9374765620340888,0.4822815810286014,0.9825462012320328,-0.4474456100637397,7.67,-3.19,15.75,32.01,228.02,UNDERVALUED
HRL,Consumer Staples (S&P 500),2024-03-04,-0.0279959411840909,0.07,0.372995537616054,-0.0279959411840909,0.1196368498679799,2.798020543543137,2.0451582099109498,0.4480717909002251,0.9990059642147118,-0.155027127326585,-6.74,-10.51,-14.25,26.69,-20.82,OVERVALUED
HPQ,Information Technology (S&P 500),2024-03-04,-0.1461134954697186,0.0725761590668853,0.9863822404926076,-0.1461134954697186,0.1510233082489141,1.356053407671299,1.4889486811580592,0.3432570574297818,0.9254119687771032,-0.2950954474299627,20.88,-2.57,5.3,24.31,13.28,UNDERVALUED
INTU,Information Technology (S&P 500),2024-03-04,0.1290271884331291,0.1067096209743763,1.521461192171372,0.129027188433129,0.0116116804794375,0.2475911349999762,0.2634573415932315,0.0897980167279571,0.0,-0.0209143532373392,19.84,22.01,64.73,26.7,-44.21,OVERVALUED
JKHY,Financials (S&P 500),2024-03-04,0.0693906584232513,0.0804634673535112,0.8860431636183518,0.0693906584232512,0.0152699406680854,0.437837083194524,0.3989661898663105,0.1077211690966319,0.0,-0.0214933855180852,-2.58,10.53,5.93,25.25,-1.11,FAIRLY VALUED
J,Industrials (S&P 500),2024-03-04,0.109203508018032,0.0732288052010855,0.920810221968633,0.1092035080180319,0.0481264694714712,1.9167784400000945,1.5064278185198796,0.4600527296372433,0.8616932103939648,-0.1796813305935123,7.78,9.12,20.26,22.09,24.93,UNDERVALUED
JCI,Industrials (S&P 500),2024-03-04,0.0820855744536512,0.0834923512071603,1.2107662088396505,0.0820855744536512,0.061067299248688,1.5781459087157983,1.4709317719120525,0.4525759260747432,0.85375,-0.201565190188478,19.38,2.35,-5.06,26.95,148.55,UNDERVALUED
KEYS,Information Technology (S&P 500),2024-03-04,0.0081180811808116,0.0894435411695821,1.1568152060992445,0.0081180811808118,0.0404736506873979,0.7351213881971838,0.7354983898822177,0.1796860206969723,0.0963045912653975,0.0162184766995763,-17.05,17.64,-1.38,26.88,97.85,UNDERVALUED
MKC,Consumer Staples (S&P 500),2024-03-04,0.0490827493898118,0.07,0.4498807290976206,0.0490827493898118,0.0447209985852741,1.3632469653507635,0.942131345339446,0.2547328144008864,0.4102564102564102,-0.2575072920056869,-19.31,-13.85,-4.04,24.04,-12.49,OVERVALUED
NDSN,Industrials (S&P 500),2024-03-04,0.0148069048959222,0.0778076032049707,0.9568325417711578,0.0148069048959223,0.0132796825880177,0.1993483617812266,0.1614510660427787,0.0616476991563672,0.0,-0.1190034450770962,25.63,8.64,20.32,18.98,29.93,UNDERVALUED
PANW,Information Technology (S&P 500),2024-03-04,0.2528764882304826,0.0942196199732522,1.2182495588892943,0.2528764882304826,0.0037045018054638,0.2271476382817169,0.2288450987269351,0.0996698904110715,0.0,-0.0122988795296339,-80.05,23.37,56.29,47.34,133.05,UNDERVALUED
PH,Industrials (S&P 500),2024-03-04,0.2019588430126377,0.0896786813172967,1.3298319007648518,0.2019588430126378,0.1427762012586512,6.628201271880577,6.758408428754919,2.646439479097272,1.0,-0.179591503436963,15.24,27.58,51.02,27.15,91.45,UNDERVALUED
PTC,Information Technology (S&P 500),2024-03-04,0.084674918677299,0.084886472098798,1.04587140049963,0.084674918677299,0.0504482925733695,1.3689436542675917,1.325355801523889,0.3734774077148745,0.7878787878787878,-0.0719482670980365,68.39,27.58,49.97,19.71,-17.8,OVERVALUED
QCOM,Information Technology (S&P 500),2024-03-04,-0.1895927601809954,0.0972119798063881,1.3569965742915338,-0.1895927601809954,0.0237894028122701,0.0706319159170929,0.1542970649039457,0.0426802307679876,0.0,-0.0392355272214041,147.24,46.0,38.22,30.15,0.38,FAIRLY VALUED
RMD,Health Care (S&P 500),2024-03-04,0.1802244582151499,0.0831737944140281,1.0045635411594425,0.1802244582151499,0.0235015948085394,1.1182516144900951,1.0933797513221477,0.4393634186185678,0.518125,-0.0520955051866911,-21.0,14.18,-16.94,33.77,31.32,UNDERVALUED
SWKS,Information Technology (S&P 500),2024-03-04,-0.1299972655181843,0.0983521682486962,1.4177001599913777,-0.1299972655181843,0.0564433840415779,0.3580197138397519,0.4596239855751834,0.1191911275759054,0.0010411244143675,-0.0513624345622472,45.5,-3.04,-5.33,27.96,-30.23,OVERVALUED
SBUX,Consumer Discretionary (S&P 500),2024-03-04,0.1155121037633759,0.07,0.9103009788788632,0.1155121037633758,0.0374373617086904,1.7425083055481287,1.2508712520400214,0.4029900043522563,0.7115768463073853,-0.2123946561680318,-6.86,-4.56,-9.62,22.11,19.94,UNDERVALUED
SYY,Consumer Staples (S&P 500),2024-03-04,0.1120257590768691,0.07,0.5300232347179954,0.1120257590768692,0.0529171928099681,2.598562950872108,1.865731357854292,0.6209218682238509,0.9452631578947368,-0.2779581430201683,-14.35,14.76,7.17,18.47,12.98,UNDERVALUED
TPR,Consumer Discretionary (S&P 500),2024-03-04,-0.003530555763333,0.0717193378345823,1.104763588550095,-0.003530555763333,0.1008158941406804,2.250326153486597,1.676387219256852,0.4005320420334267,0.9713493530499075,-0.251169672315812,34.94,43.36,10.17,34.38,191.76,UNDERVALUED
SNPS,Information Technology (S&P 500),2024-03-04,0.1521541412661182,0.1019765437417929,1.360200842282597,0.1521541412661183,0.0119719440064053,0.360526290424094,0.3899180888418913,0.1366207026203419,0.001531393568147,0.008369874597213,75.36,29.07,61.72,28.88,-33.51,OVERVALUED
SMCI,Information Technology (S&P 500),2024-03-04,0.370928844889214,0.1770772511546089,3.049217646515246,0.370928844889214,0.0029847721034821,0.1136588048435795,0.078420873165684,0.0156734134631851,0.0,0.0026420256162795,991.41,280.76,998.17,95.03,-65.68,OVERVALUED
TEL,Information Technology (S&P 500),2024-03-04,-0.0151710582888029,0.08822491862625,1.200265843519299,-0.0151710582888029,0.0240812119011794,0.3249860803812871,0.3240564348699266,0.0919734595325028,0.0,-0.061719045433804,28.22,8.28,11.64,21.29,45.59,UNDERVALUED
TDG,Industrials (S&P 500),2024-03-04,0.2129305581138332,0.0732977279445851,0.9317473612050944,0.2129305581138331,0.0214120050207988,1.3733674210808962,1.042184462732365,0.4877995159574809,0.4713541666666667,-0.2833094354226211,38.07,33.49,58.57,22.02,15.07,UNDERVALUED
TSN,Consumer Staples (S&P 500),2024-03-04,-0.0075259937690026,0.07,0.376257622584688,-0.0075259937690026,0.0555482478146213,1.0138473402204211,0.6300299459164935,0.2312504247298248,0.0498533724340175,-0.5068997648766549,562.39,3.51,-6.42,27.85,16.7,UNDERVALUED
V,Financials (S&P 500),2024-03-04,0.1140566359604231,0.0753265506161246,0.787988551208415,0.114056635960423,0.0300090879920788,1.3863291763412855,1.149817239221832,0.3611540251605877,0.6157443491816056,-0.0074973623677437,38.01,13.52,26.35,15.03,34.67,UNDERVALUED
ACM,Industrials (S&P 400),2024-03-04,0.093570274582448,0.078472812942056,1.0348150091383377,0.0935702745824479,0.0354903285177131,1.111395837122653,0.9703255337494016,0.2823810691382701,0.4077530509691314,-0.1253574296345522,88.97,1.87,1.01,21.3,-25.85,OVERVALUED
AIT,Industrials (S&P 400),2024-03-04,0.1580081854243185,0.0855724674585348,1.0836079240634675,0.1580081854243184,0.0166460712273808,0.6607079969413223,0.6582011190834767,0.2470389942016983,0.0899280575539568,-0.0392848654157051,37.2,19.1,30.25,25.66,86.22,UNDERVALUED
ARMK,Consumer Discretionary (S&P 400),2024-03-04,0.1750490181788639,0.07,0.9270298959200668,0.1750490181788638,0.0846964801673631,5.402111640754895,3.9064132075198064,1.618508731980086,0.9939698492462312,-0.6347828848563588,-42.93,13.23,15.92,27.84,97.2,UNDERVALUED
ASH,Materials (S&P 400),2024-03-04,-0.083647009619406,0.07,0.7551254288516256,-0.0836470096194061,0.0850711681964928,1.3495023264450905,0.9938794782520518,0.2606200485516871,0.4692460317460317,-0.2257858312266948,17.98,11.32,-5.95,28.74,-19.28,OVERVALUED
AYI,Industrials (S&P 400),2024-03-04,-0.0134544819150794,0.0863574039409653,1.0768723548117798,-0.0134544819150795,0.0365242522835279,0.5906608113616528,0.5736178221741315,0.1441908488757086,0.0017626321974148,-0.0242873402055,57.58,56.58,30.69,30.06,34.01,UNDERVALUED
CBT,Materials (S&P 400),2024-03-04,-0.0902568849803285,0.0896975136680093,1.3765085130527948,-0.0902568849803286,0.0829030429439748,0.5353429743732792,0.5663802353165047,0.2041686123550053,0.0387640449438202,-0.2460628990928293,-4.04,17.94,5.7,29.85,2.8,FAIRLY VALUED
CMC,Materials (S&P 400),2024-03-04,-0.0127837822282899,0.0930352098147559,1.429490227331181,-0.0127837822282899,0.0614913359910994,0.8187962237556478,0.8385642464181822,0.236073177916101,0.2284644194756554,-0.0940038066034227,54.38,-7.31,-0.95,31.68,30.56,UNDERVALUED
CRS,Industrials (S&P 400),2024-03-04,0.3888253553340957,0.1038080459746746,1.6032812747007152,0.3888253553340957,0.0172415571951747,1.0156869097902053,0.6571735634473606,0.2686375204196523,0.1053164556962025,-0.2099035948100476,-13.05,1.8,26.79,41.09,659.17,UNDERVALUED
DCI,Industrials (S&P 400),2024-03-04,0.0375612411540555,0.0781488541865462,0.909149824376338,0.0375612411540555,0.0704716831839418,1.8370271025462828,1.5872380517134854,0.3772909936225396,0.9578355586788476,-0.0552139397978099,28.68,12.97,10.44,20.98,33.22,UNDERVALUED
DLB,Information Technology (S&P 400),2024-03-04,0.0366495904826393,0.0791245715393088,0.8409617131136689,0.0366495904826394,0.0303971819776371,0.887228027269979,0.7968912648299912,0.1613729389370873,0.1319832402234637,0.0921113726021528,16.47,-2.16,0.35,23.61,-17.9,OVERVALUED
GEF,Materials (S&P 400),2024-03-04,-0.133120334230167,0.07,0.7938802810360533,-0.3424206630443342,0.1103205003310594,0.6959341884055111,0.6258013441060942,0.2638615181482053,0.0601427115188583,-0.7073740462055549,28.09,-11.57,-2.53,24.03,50.28,UNDERVALUED
GEF,Materials (S&P 400),2023-09-06,0.1427980057954321,0.07,0.7235591228173578,0.142798005795432,0.101747541225373,5.58228791728834,4.01834634363646,1.3859317486543388,0.9979381443298968,-0.5529066368688826,0.35,10.4,7.73,29.31,38.75,UNDERVALUED
