ticker,category,as_of_date,growth_rate,wacc,beta,revenue_growth,fcf_yield,dcf_over_price,mc_mean_over_price,mc_std_over_price,mc_prob_undervalued,net_cash_per_share_over_price,relative_vs_history_pct,momentum_6m,momentum_12m,annualized_volatility,realized_return_pct,realized_label
ADBE,Information Technology (S&P 500),2025-08-26,0.10519617881227394,0.08265649722050306,0.9540281158501241,0.10799113813179453,0.03929998135861169,1.4319251615820434,1.3525935352402818,0.434104946620125,0.7815942968243681,0.009947908507699502,-33.1,-19.61,-36.43,34.24,-23.3,OVERVALUED
ABT,Health Care (S&P 500),2025-08-26,-0.019700152977823904,0.07,0.24890083050709172,0.04589992271061358,0.03133090922088443,0.7052236340946002,0.5247373091581903,0.10978200738726279,0.0,-0.03324711795847076,28.23,-2.33,19.02,21.75,-11.26,OVERVALUED
AOS,Industrials (S&P 500),2025-08-26,0.008514855467064653,0.07,0.6010665211607696,-0.009006436877076411,0.06213847383275969,1.7622570598198526,1.3039217307681013,0.2668527503407663,0.8563049853372434,0.002241135144563341,-34.68,10.49,-10.59,25.18,-11.82,OVERVALUED
ABBV,Health Care (S&P 500),2025-08-26,-0.014925174470296287,0.07,0.42392685528385843,0.03711476858499945,0.03527976707956018,0.7254984546217703,0.5013460267033512,0.12991894428444078,0.0,-0.1727299681717448,127.26,4.48,9.24,27.75,29.56,UNDERVALUED
ACN,Information Technology (S&P 500),2025-08-26,0.02645576315757503,0.07608187924072415,0.7912984887395309,0.012239863382286663,0.05569753202489625,1.4802337758555815,1.2490071002818424,0.2759791492643944,0.8042977743668457,0.005648610848706402,-14.43,-28.01,-21.95,28.02,-27.54,OVERVALUED
AMD,Information Technology (S&P 500),2025-08-26,0.04524564182804358,0.13139476051458504,2.0138273069789605,0.13690476190476192,0.0004209360757703996,0.01072618867993806,0.010858454539290944,0.0009581096520372729,0.0,0.005827772514240497,-19.62,59.08,7.51,52.47,181.75,UNDERVALUED
A,Health Care (S&P 500),2025-08-26,-0.024991013700650044,0.08217879060731652,1.0153265464497379,-0.047270598565783695,0.03754876750837333,0.5883501515774784,0.5469494807133612,0.13602704531895018,0.0,-0.061577985305465564,-4.61,-11.65,-15.38,30.52,33.18,UNDERVALUED
MMM,Industrials (S&P 500),2025-08-26,-0.030786191731200563,0.08555028363710257,1.0832281832412327,-0.0014221861032100772,0.06191099648903066,0.8751043725538418,0.840047899467139,0.22422371386818704,0.24719101123595505,-0.08936696182429472,28.99,7.21,22.98,28.95,15.34,UNDERVALUED
APD,Materials (S&P 500),2025-08-26,-0.023829833172448578,0.07,0.8148928483777031,-0.039634920634920634,0.017001564730874448,0.22251157922028228,0.11675181788815792,0.06232548200128869,0.0,-0.18887483568024913,-16.51,-5.16,9.21,25.41,4.89,FAIRLY VALUED
AKAM,Information Technology (S&P 500),2025-08-26,0.050501128384586425,0.07,1.1743638081313301,0.04702302251883565,0.07459891496248244,2.3656812175955473,1.6510382031045268,0.4405551626610831,0.9318637274549099,-0.3566596655510702,-17.92,-3.32,-24.44,40.85,43.09,UNDERVALUED
ALLE,Industrials (S&P 500),2025-08-26,0.07373558021200433,0.07,0.6582093956190302,0.03325298564698148,0.04196746209871128,1.6981303805003523,1.249075499763895,0.32202886537777903,0.761569416498994,-0.10189405266598503,15.61,33.57,27.05,24.78,-4.97,FAIRLY VALUED
LNT,Utilities (S&P 500),2025-08-26,-0.026999443353579067,0.07,0.22363537399747163,-0.011422895455674199,0.07491229633264378,1.2273146257359235,0.7618556872982678,0.2722432391485212,0.2263779527559055,-0.6311739460314743,22.54,4.37,17.01,19.23,8.99,UNDERVALUED
ABNB,Consumer Discretionary (S&P 500),2025-08-26,0.14970606098682526,0.0998686764260162,1.3334177630293087,0.11949178178884744,0.02546202470804077,0.8923743025631771,0.954091575106946,0.34530444142018396,0.36414997431946583,0.060795064633872464,-26.8,-11.9,8.59,39.63,45.8,UNDERVALUED
GOOGL,Communication Services (S&P 500),2025-08-26,0.11244320123345042,0.08856244962337924,1.0491266287733365,0.13866243322901553,0.033211622978546664,1.095361096985966,1.109828836415178,0.36446786478501075,0.5585227272727272,0.0003536607351255914,20.42,20.2,25.68,31.07,64.93,UNDERVALUED
GOOG,Communication Services (S&P 500),2025-08-26,0.11244320123345042,0.08856438540975811,1.0491089668489952,0.13866243322901553,0.033082351034892744,1.0910517870582066,1.0971247002133357,0.3657832379708516,0.5449856733524355,0.0003522841564906572,19.99,19.31,24.8,30.75,63.1,UNDERVALUED
MO,Consumer Staples (S&P 500),2025-08-26,-0.005914629860937604,0.07,-0.01720687090093891,-0.0028289922934347867,0.12915269633571452,3.253975393402886,2.383315111771517,0.5247953191770484,1.0,-0.20719997246294253,3.2,25.47,36.42,19.51,7.57,UNDERVALUED
AMCR,Materials (S&P 500),2025-08-26,-0.07172995780590719,0.07,0.5260491371816467,-0.07172995780590717,0.1064585800736669,1.3948193316050697,0.9580792157978479,0.32348894536545264,0.42126379137412234,-0.5565288785674928,10.7,-15.07,-19.96,25.71,16.55,UNDERVALUED
AMT,Real Estate (S&P 500),2025-08-26,0.024671299543899794,0.07,-0.012028291175399997,0.011485987095743192,0.047678165898340646,1.0491643171253167,0.657565155013586,0.23326058911285014,0.08083832335329341,-0.44941948476077714,-11.88,5.02,-5.63,26.5,-12.02,OVERVALUED
AME,Industrials (S&P 500),2025-08-26,0.06233229138811436,0.07628538433946642,0.8088122300188914,0.052180174171397385,0.04014222159855578,1.2396810949450658,1.0608229188950933,0.25765016126185347,0.5587786259541985,-0.04111252494401817,8.72,-0.39,12.33,22.91,28.81,UNDERVALUED
AON,Financials (S&P 500),2025-08-26,0.12158520035152387,0.07,0.3970635351659334,0.1735944976076555,0.04148436068362077,2.178685759562794,1.571778473272681,0.5514582964362125,0.8562691131498471,-0.2119059300492612,17.49,-7.18,10.42,21.4,-4.16,FAIRLY VALUED
AMGN,Health Care (S&P 500),2025-08-26,0.12683809158228598,0.07,0.4427770234452241,0.18566867683575736,0.07266921436190245,4.007356651203588,2.905804093807273,0.9847836202459636,0.9969879518072289,-0.31622023030222063,14.6,-3.87,-8.98,26.68,53.04,UNDERVALUED
ADI,Information Technology (S&P 500),2025-08-26,-0.11417607544375374,0.1104961882466187,1.6321038707272777,-0.23390946142220995,0.011119181978926114,0.0357201016824953,0.04916740415213872,0.022307835205468734,0.0,-0.04519986187483547,167.81,10.35,13.85,40.06,46.78,UNDERVALUED
APH,Information Technology (S&P 500),2025-08-26,0.09815730081795504,0.09935763600878303,1.363941748328223,0.21251005599496603,0.013457709749849797,0.2899191930521475,0.3072111706466495,0.10295670365179478,0.0,-0.02703816472619953,97.36,66.66,64.68,35.37,40.27,UNDERVALUED
AAPL,Information Technology (S&P 500),2025-08-26,-0.004184211808589633,0.0971634507756332,1.2777094933895656,0.020219940775141214,0.028029647964994783,0.38289242294774556,0.39968197575039976,0.1083083986824115,0.0,-0.022204192181177626,34.75,-4.36,1.56,32.1,36.26,UNDERVALUED
APA,Energy (S&P 500),2025-08-26,-0.06235008723059188,0.08375094877151801,1.554121775037974,0.17610822563111486,0.09047437315483013,0.5206617681640738,0.4559968431344122,0.2818539816926558,0.03775959723096287,-0.7089458267196922,13.33,3.54,-18.29,53.01,107.68,UNDERVALUED
APP,Information Technology (S&P 500),2025-08-26,0.06980230347729188,0.1463150654766091,2.3682893216544265,0.7505291128821205,0.0163909588288606,0.16601987139553115,0.1699728238970007,0.036161651610870454,0.0,-0.01790555825665568,451.51,41.79,420.32,93.03,-34.21,OVERVALUED
APO,Financials (S&P 500),2025-08-26,0.5430250584955352,0.11023111819738945,1.7746160059452265,-0.20003676020095576,0.13429414296624467,27.340245856824417,8.810745524699382,2.6216788424923796,1.0,0.07457461125917794,21.11,-8.31,22.09,42.39,-1.69,FAIRLY VALUED
AMAT,Information Technology (S&P 500),2025-08-26,0.02661876696734322,0.11210258906319844,1.6490303559340005,0.02485198174755817,0.03490540118229329,0.47724878139528903,0.49560706496158324,0.11368913597137159,0.0025100401606425703,0.010580668438076183,39.19,-1.82,-17.98,45.73,203.3,UNDERVALUED
APTV,Consumer Discretionary (S&P 500),2025-08-26,0.06168057671698057,0.07682047369619782,1.2214984960829112,-0.01685701461273752,0.11764584218772209,3.3469235910376707,2.7978614960750936,0.7929319455518664,0.9992581602373887,-0.38962102458016695,-46.24,20.63,10.5,39.95,-41.12,OVERVALUED
ADM,Consumer Staples (S&P 500),2025-08-26,-0.08228793242671562,0.07,0.3901439862216861,-0.08947676584872519,0.12272779474752071,1.9143033456364653,1.4009569815614809,0.37582312739375956,0.8395560040363269,-0.3745263454203836,32.76,36.25,7.99,28.19,33.85,UNDERVALUED
ADSK,Information Technology (S&P 500),2025-08-26,0.10678589843520547,0.08482968202622977,1.0092675149937955,0.11533563762052028,0.02838982210994374,0.968653791893869,0.9448784812017816,0.3071360283554594,0.37758830694275275,-0.01588239020900825,-5.26,-1.13,10.65,27.9,-11.13,OVERVALUED
T,Communication Services (S&P 500),2025-08-26,0.006583376742410385,0.07,0.10894614177597507,-0.0007514620838370308,0.059020263403189235,1.0310207114178889,0.5806054047633895,0.2695619904241503,0.051207729468599035,-0.7031921279028732,-18.34,9.72,51.55,22.53,-7.79,OVERVALUED
ADP,Industrials (S&P 500),2025-08-26,0.06608853998956254,0.07022896930392605,0.6208047019085585,0.06608853998956263,0.02136877550044923,0.8635602995206542,0.6322095376335873,0.15310155044583226,0.00910010111223458,-0.0033737363580401097,26.64,-1.54,14.89,19.13,-5.43,OVERVALUED
AVY,Materials (S&P 500),2025-08-26,-0.01581206613125241,0.07,0.6152428420381533,0.04679411307581029,0.04387583218811737,0.851973978900512,0.5898062441824673,0.1608685413734263,0.0,-0.20885217595400937,-18.68,-5.8,-19.45,22.8,7.85,UNDERVALUED
AZO,Consumer Discretionary (S&P 500),2025-08-26,0.06663326303526085,0.07,0.24712482093720772,0.05917664158113705,0.03398344943166508,1.1932869856985377,0.844925684530011,0.23381039960998032,0.2603960396039604,-0.17057512958560378,39.25,23.2,33.74,21.63,-29.14,OVERVALUED
AVB,Real Estate (S&P 500),2025-08-26,0.059956543122562156,0.07,0.6513692321933138,0.052692483748562544,0.08520206038991407,2.945658556199175,2.0809436957901393,0.5313928069284382,0.9897854954034729,-0.3099241242913235,10.08,-11.87,-10.57,22.46,-0.33,FAIRLY VALUED
AXON,Industrials (S&P 500),2025-08-26,0.32447479524718337,0.09282712828043635,1.1529936837939132,0.3343546705674829,0.009619066230042802,0.7613709183211962,0.6170740859069876,0.2140809756759128,0.06037735849056604,-0.00452851071449049,27.81,34.35,107.45,57.51,-20.12,OVERVALUED
BKR,Energy (S&P 500),2025-08-26,0.1469170823223538,0.0856455904622203,1.1553571243973653,0.09107660942523328,0.05571785457149926,2.1502475153132954,2.1322939036160355,0.752921244492569,0.9742173112338858,-0.06139850710573419,-44.11,3.35,29.01,36.33,43.45,UNDERVALUED
BBY,Consumer Discretionary (S&P 500),2025-08-26,-0.052914052771304676,0.0791075861320395,1.2556333936290274,-0.0442787443615944,0.0586970959058633,0.700299289729189,0.6131869924852942,0.18102821253728163,0.02535211267605634,-0.1677849984400452,7.28,-16.33,-12.44,43.51,22.86,UNDERVALUED
BDX,Health Care (S&P 500),2025-08-26,0.034077547961819166,0.07,0.5051210255605484,0.041606442287838115,0.06786179307294964,1.8578744090292443,1.2649008063968612,0.35255453678607634,0.727,-0.42722668905147143,-14.64,-13.82,-16.29,29.8,25.99,UNDERVALUED
BLK,Financials (S&P 500),2025-08-26,0.06854017287431491,0.08685855544015793,1.110256943573418,0.14267316199115293,0.020999436515658235,0.5242370473224466,0.5142761763169248,0.13841988797672372,0.0,-0.00844004045915288,29.06,20.79,31.92,26.64,2.1,FAIRLY VALUED
BAX,Health Care (S&P 500),2025-08-26,0.028383119517769062,0.07,0.8315942628813126,0.02664092664092664,0.0345537706081497,0.18986077297041112,-0.1059814949221013,0.1689940724532042,0.0,-0.9414746936555437,88.71,-29.79,-33.21,39.53,8.72,UNDERVALUED
BIIB,Health Care (S&P 500),2025-08-26,-0.024757485878416086,0.07,0.6069338156360173,-0.016236935214933506,0.2060047127410624,4.95571503763543,3.6650351077866756,0.7807372227935937,1.0,-0.2135900091095347,-43.17,-2.68,-33.31,29.11,56.78,UNDERVALUED
TECH,Health Care (S&P 500),2025-08-26,0.023891978308354656,0.09429615874842083,1.231822473093076,0.019669183303979407,0.02566259440399408,0.4261593698462035,0.4392323657457654,0.12121454943336152,0.0,-0.02993465038880766,-3.33,-11.2,-21.02,42.24,27.86,UNDERVALUED
BKNG,Consumer Discretionary (S&P 500),2025-08-26,0.17858301727677373,0.08247670935193756,0.9761631747994698,0.11111631172478352,0.04536581267744779,2.2749810519976394,2.199124186324427,0.8400239806112865,0.9747634069400631,-0.004919319047879689,20.9,13.76,50.11,26.98,-7.27,OVERVALUED
BSX,Health Care (S&P 500),2025-08-26,0.14914448132201663,0.0727183820230861,0.748550144811542,0.17605337078651687,0.014764047397565625,0.720807590177519,0.5601853393368235,0.190016640634637,0.022510822510822513,-0.06586007454994074,50.51,4.76,34.38,22.57,-53.6,OVERVALUED
BF-B,Consumer Staples (S&P 500),2025-08-26,-0.030381089012317952,0.07,0.5487966745380431,-0.04858784107228339,0.04875073643770284,0.9680259625030055,0.6764491655725836,0.16275178609733912,0.01791044776119403,-0.168078220768936,-41.67,-8.12,-32.53,38.06,-1.58,FAIRLY VALUED
BRO,Financials (S&P 500),2025-08-26,0.149137249743583,0.07,0.4166881265770638,0.12050488211478924,0.03796816938967777,2.242062608961893,1.668843945241722,0.5787601855588252,0.8970873786407767,-0.1244339843453225,13.16,-16.08,-5.29,23.38,-24.23,OVERVALUED
BG,Consumer Staples (S&P 500),2025-08-26,-0.11122473821072942,0.07,0.4503612870784,-0.10802821632515956,0.043590327431613334,0.3545125812552893,0.25010152329614677,0.12147088777122046,0.0,-0.34327839138083993,15.2,17.96,-10.87,29.41,40.77,UNDERVALUED
BLDR,Industrials (S&P 500),2025-08-26,-0.1505008606433963,0.08013886355685168,1.08279118487365,-0.04075712406557047,0.097581599143482,0.4931416584186239,0.7170858764384995,0.21744237862140608,0.10413793103448275,-0.2579089341110072,61.76,0.42,-21.7,43.99,-50.71,OVERVALUED
AVGO,Information Technology (S&P 500),2025-08-26,0.2463119100387665,0.12535231354957174,1.9539527893799389,0.4398503587481504,0.008973471931567042,0.2170672199975043,0.22346229095164455,0.08831736353122643,0.0,-0.04199472138629491,462.05,40.7,81.18,57.66,23.05,UNDERVALUED
CHRW,Industrials (S&P 500),2025-08-26,-0.15282373617240452,0.07097353939627513,0.7210083742536831,0.007303351023840443,0.020170565266764858,0.08157984966270393,0.1097537923992889,0.04227514799013582,0.0,-0.10762038156024469,57.14,30.92,27.8,31.92,15.13,UNDERVALUED
CAH,Health Care (S&P 500),2025-08-26,0.1184519571491125,0.07,0.4116607309882139,0.10658652837607754,0.07827298454809922,4.152695118928933,3.117847250789743,0.902304330131842,1.0,0.0011511311052722027,-86.49,16.75,36.89,23.02,56.51,UNDERVALUED
CPT,Real Estate (S&P 500),2025-08-26,0.041684526216844375,0.07,0.5742170690470302,0.0011770221922184241,0.03765600885118627,1.0067388669136113,0.6572089645187328,0.20016502533214026,0.03571428571428571,-0.3094913589028122,50.06,-8.2,-7.76,21.91,2.85,FAIRLY VALUED
CDNS,Information Technology (S&P 500),2025-08-26,0.14153273653806853,0.10288852818640035,1.4019593206264573,0.13478725844049344,0.0002388553989483889,0.007191674102978766,0.007729989003998275,0.002485316035634273,0.0,0.0006257525557342324,30.18,35.48,25.6,40.79,-8.85,OVERVALUED
CAT,Industrials (S&P 500),2025-08-26,0.04430115136622015,0.08150404032735514,1.1761999710620483,-0.033566954965702354,0.047569703433892385,1.069663463429191,0.9789927170670317,0.28774608810782354,0.4317439581972567,-0.1543024165826904,23.09,26.96,25.74,30.18,90.77,UNDERVALUED
CCL,Consumer Discretionary (S&P 500),2025-08-26,0.43391988003804216,0.0964358531230016,1.837129212782894,0.15875515213263558,0.06922383897462633,7.65130815943142,3.9163780497164886,1.4194541278000927,0.9910242872228089,-0.6743417201956161,0.08,32.13,91.87,47.11,-19.12,OVERVALUED
CARR,Industrials (S&P 500),2025-08-26,0.14046963381529354,0.08028029528040735,1.1330577315988404,0.18653369215344837,0.026608117902914414,1.107151343988867,1.0107429331770108,0.3994716567100058,0.45454545454545453,-0.15345848727072328,8.07,1.2,-5.55,33.97,-8.13,OVERVALUED
CBOE,Financials (S&P 500),2025-08-26,0.017033159808249154,0.07,-0.1886870203245372,0.08506691400556513,0.009981328051541286,0.2776150896284298,0.2018746697983867,0.045337411597242694,0.0,-0.02683999742042945,44.73,18.93,17.18,22.54,21.71,UNDERVALUED
CDW,Information Technology (S&P 500),2025-08-26,-0.05967867831325202,0.07936970077670613,1.1471820670815438,-0.01765063622754491,0.04776424266729823,0.4154275078531175,0.35716081334129535,0.14737769105709497,0.0,-0.25681353404087703,-12.81,-8.54,-27.56,32.44,-17.14,OVERVALUED
COR,Health Care (S&P 500),2025-08-26,0.10999159633925548,0.07,0.028295416689763046,0.12123726764954056,0.05502356102353473,2.7676469314499013,2.0769719200513106,0.5652300146231127,0.9873908826382153,-0.022399094834191363,78.12,16.02,22.87,21.23,9.45,UNDERVALUED
CNC,Health Care (S&P 500),2025-08-26,0.06214504138555843,0.07,0.11549459814464422,0.05890947343813921,0.217901517386987,8.037294492980534,5.8989017939689194,1.332388755430315,1.0,-0.3775498012191138,-69.6,-49.63,-63.51,54.7,123.8,UNDERVALUED
CHTR,Communication Services (S&P 500),2025-08-26,0.009790655809884585,0.07,0.8118920397479155,0.00875345651656381,0.22540051918365114,3.919402183904311,2.265188558074418,0.9765597439391732,0.8924833491912464,-2.517749282165974,-14.38,-24.56,-23.53,41.68,-44.59,OVERVALUED
CF,Materials (S&P 500),2025-08-26,-0.2715335771901001,0.07,0.40441746961710906,-0.10481073744533254,0.15357035291099685,0.7174309231252293,1.6987714091787098,0.33259757980023047,0.9909547738693467,-0.11318745078048809,56.57,12.69,10.32,32.59,48.1,UNDERVALUED
CVX,Energy (S&P 500),2025-08-26,-0.09416624381635685,0.07,0.6866889301624453,-0.017769268661794804,0.10567037315392519,1.7851539431614427,1.3932474796235166,0.31260442471845046,0.8963474827245804,-0.06631357672121851,25.2,3.81,11.43,24.72,35.92,UNDERVALUED
CRL,Health Care (S&P 500),2025-08-26,0.00925394836520721,0.08507967378780637,1.3877619402070895,-0.01923277640940871,0.01798983403411222,0.05635950535402054,0.041050312793703525,0.08301514513499887,0.0,-0.3021141117535417,31.08,-2.53,-20.25,54.12,78.03,UNDERVALUED
CHD,Consumer Staples (S&P 500),2025-08-26,0.06586951976877131,0.07,0.06446706726986383,0.04076415753506365,0.008146096598944481,0.26498456939641085,0.18007297240038442,0.05083284181910629,0.0,-0.05532026976641103,-3.16,-14.38,-8.5,20.78,6.81,UNDERVALUED
CI,Health Care (S&P 500),2025-08-26,0.17147149645811743,0.07,0.09860403750440959,0.26815697144240824,0.029425585510161917,1.5967890087218564,1.1273026923702862,0.4475647890369365,0.5698924731182796,-0.3035968830939939,13.13,-0.68,-13.64,29.7,-6.6,OVERVALUED
CTAS,Industrials (S&P 500),2025-08-26,0.08857378182209619,0.0734223997199318,0.7224296142181993,0.0885737818220963,0.02224057791007903,0.9092920499470495,0.7206537960654741,0.20170499227776492,0.10178117048346055,-0.027236041381263957,56.84,4.65,8.87,25.12,-3.49,FAIRLY VALUED
CSCO,Information Technology (S&P 500),2025-08-26,0.021549526281104958,0.07760741042773531,0.9016433441096826,-0.05605459840696165,0.07615359435727648,1.8169676412733122,1.5613905878540433,0.3743346852742074,0.9464931308749096,-0.08739960122439591,75.17,8.08,38.48,22.4,63.56,UNDERVALUED
CME,Financials (S&P 500),2025-08-26,0.10511602470470516,0.07,-0.06462227272876081,0.09880083887504705,0.04256257806859654,2.0134769270669617,1.4961496512210974,0.3742541809265593,0.9138110072689511,-0.005696978995947697,32.28,10.57,37.09,18.18,3.61,FAIRLY VALUED
CLX,Consumer Staples (S&P 500),2025-08-26,-0.040059547976722176,0.07,0.22026842300311894,-0.040059547976722155,0.015153023072940386,0.1189228315613839,0.04095905335415177,0.0459807430634418,0.0,-0.19342583815381062,-35.83,-21.79,-20.45,20.9,-5.68,OVERVALUED
KO,Consumer Staples (S&P 500),2025-08-26,0.04610709843191407,0.07,0.08619878954927439,0.028565808453905668,0.04264758959856942,1.4197881806552024,1.0279022051850433,0.2515498866651929,0.533135509396637,-0.11718293939957519,8.84,-1.51,1.36,17.24,35.4,UNDERVALUED
CTSH,Information Technology (S&P 500),2025-08-26,0.00789553399802334,0.08033831732041916,0.9061050241507005,0.019790213403606677,0.07165132516704761,1.5733375172012538,1.4350663631705411,0.3219977455704214,0.9110054347826086,0.021643505411850294,9.41,-14.11,-5.05,25.02,-13.09,OVERVALUED
CL,Consumer Staples (S&P 500),2025-08-26,0.057720807499638704,0.07,0.07651391588669013,0.03309862774322866,0.05958840039546779,2.1664716599387344,1.5807733089819984,0.3731541681179979,0.9433771486349848,-0.11118098539320109,-16.63,-5.6,-17.45,20.68,9.27,UNDERVALUED
FIX,Industrials (S&P 500),2025-08-26,0.30280802079139946,0.12124352193533153,1.7946256432542873,0.3496831042721385,0.01684937306865891,0.8911111238250701,0.7948960017599672,0.27521460671126713,0.18309154577288644,0.00961355738106895,112.91,89.29,109.75,57.86,136.98,UNDERVALUED
CMCSA,Communication Services (S&P 500),2025-08-26,0.009442600249088606,0.07,0.671666919249028,0.017759023459349193,0.14538542367741986,3.444738016570509,2.3187665317213053,0.6434197251411131,0.9887755102040816,-0.8047520993532273,-8.49,-2.29,-12.5,28.15,-12.25,OVERVALUED
COP,Energy (S&P 500),2025-08-26,-0.16487016417289158,0.07603300896965864,0.9300451964945956,-0.02486596248730874,0.08918736660245435,0.7517265780814907,0.9384092252707139,0.22747556033964625,0.39631336405529954,-0.1559250014606018,23.88,2.66,-10.07,33.58,43.37,UNDERVALUED
CEG,Utilities (S&P 500),2025-08-26,-0.018001636662575038,0.11089451421800942,1.6770067919714235,-0.054177702865398504,0.028355859695058296,0.24400348304862252,0.25882201607351757,0.073074686499087,0.0,-0.05472764108858164,-4.14,17.71,63.34,66.31,-13.31,OVERVALUED
ED,Utilities (S&P 500),2025-08-26,-0.013298378767576446,0.07,-0.10101434198598021,0.040441928663984175,0.03640824370869143,0.17599000328621658,-0.05791630212444964,0.14540076079676786,0.0,-0.7921819199622385,15.03,1.44,2.58,19.82,12.22,UNDERVALUED
COIN,Financials (S&P 500),2025-08-26,0.4335195361946693,0.14557931499166207,2.4831339313434992,1.1117178931939855,0.0031039542354630617,0.2796845791671059,0.17367681691119394,0.026515808920622257,0.0,0.05897186543376871,-91.48,44.85,45.92,86.39,-44.13,OVERVALUED
CTVA,Materials (S&P 500),2025-08-26,-0.01579358139669851,0.07224805419523038,0.6768999333280346,-0.018460466736328805,0.032702163147744545,0.8081744203031335,0.6385768721582303,0.1293320712176109,0.0,0.008026932618809785,38.26,18.34,34.48,24.8,8.51,UNDERVALUED
CPAY,Financials (S&P 500),2025-08-26,0.07691366346650463,0.08586097960332148,1.410200296879062,0.057713203142651166,0.055745369272573356,1.2976132008739207,1.2648921545531413,0.44204174749374897,0.6818713450292397,-0.28235025430656563,15.63,-12.55,9.13,35.23,26.7,UNDERVALUED
COST,Consumer Staples (S&P 500),2025-08-26,0.058851038876004624,0.07,0.5742950768545767,0.05020017334599034,0.01473846245890454,0.5799339129461273,0.4339267565182272,0.09729036332328685,0.0,0.004188443056885462,56.32,-8.54,7.62,21.73,-0.25,FAIRLY VALUED
CSX,Industrials (S&P 500),2025-08-26,-0.010592694522917223,0.07,0.7558465409822761,-0.007982533942825953,0.06845420177135857,1.4151805454472919,0.9931427585473291,0.2596276026615976,0.49259624876604147,-0.29732897981074374,-0.49,2.18,-2.34,26.13,59.49,UNDERVALUED
CRH,Materials (S&P 500),2025-08-26,0.04262368306380315,0.08571305208714049,1.2434109245319376,0.017825974992131392,0.07019238564319591,1.4645958218780526,1.3942459672111955,0.3876000358900416,0.8488441019561351,-0.15475017438973493,67.67,12.54,28.15,32.63,-17.62,OVERVALUED
CMI,Industrials (S&P 500),2025-08-26,0.10214257001495408,0.08845206149289869,1.2171668960641373,0.0010861588140319977,0.07418822013547968,2.1982934081398504,2.238032433181659,0.7554195384469338,0.9862700228832952,-0.10943447414744241,-15.07,9.83,31.48,30.1,50.5,UNDERVALUED
DRI,Consumer Discretionary (S&P 500),2025-08-26,0.08602376094128417,0.07,0.674938158020887,0.08602376094128415,0.058332700921475134,2.4805767300883144,1.8195359627975005,0.5282242512998911,0.9635108481262328,-0.22051632062925097,20.05,7.66,37.85,29.43,9.17,UNDERVALUED
CVS,Health Care (S&P 500),2025-08-26,0.07522797554041682,0.07,0.3623447950619084,0.04201791064800322,0.16714714437419875,6.024930162243737,4.223167130603301,1.1337246872176174,1.0,-0.8507021409317812,6.47,14.43,27.37,37.74,35.04,UNDERVALUED
DHR,Health Care (S&P 500),2025-08-26,-0.05337029643653379,0.07724083399914367,0.9506859861519494,-0.0006278777731268313,0.040695780538444234,0.6146442869232103,0.5173556623816448,0.13933053885083438,0.0,-0.10234450994592505,8.41,-1.22,-23.06,30.75,5.46,UNDERVALUED
DVA,Health Care (S&P 500),2025-08-26,0.05064136959031584,0.07,0.5090176521922736,0.05563384034806168,0.14635545431906652,4.371470582889925,2.9760332948522086,0.8719942834644621,0.9959514170040485,-1.0092374954362002,-6.14,-4.98,-9.94,32.46,26.36,UNDERVALUED
DECK,Consumer Discretionary (S&P 500),2025-08-26,0.17237983151431813,0.10514492127135577,1.4408567828243422,0.16275363167227294,0.03358954509137835,1.2292283238879524,1.3509151801613035,0.5147850053170191,0.7393939393939394,0.09441202633013664,-37.22,-21.58,-30.01,53.14,-21.84,OVERVALUED
DE,Industrials (S&P 500),2025-08-26,-0.00747695991378361,0.07,0.8016814851562447,-0.16149913690081,0.03114308433073479,0.3509840942845394,0.144993845636431,0.11830948386603744,0.0,-0.44411405556683264,16.51,2.61,29.76,28.68,28.9,UNDERVALUED
DVN,Energy (S&P 500),2025-08-26,-0.08810584955023537,0.0816537789669338,1.2506108939755975,0.04469786341591296,0.07078608400881503,0.4970371460072438,0.46538358050193995,0.20181466391397992,0.0077170418006430866,-0.3738456458938562,1.96,0.77,-18.65,40.87,43.57,UNDERVALUED
DELL,Information Technology (S&P 500),2025-08-26,-0.03347289665570907,0.10751088613849584,1.850085600297362,0.08076901328809725,0.07541387793431495,0.5664745858610984,0.6063858398853653,0.2055797305606318,0.053562405255179385,-0.23249988438449568,57.16,14.46,19.07,50.48,236.15,UNDERVALUED
DXCM,Health Care (S&P 500),2025-08-26,0.17728752268049597,0.0825395947985166,1.0466608897738918,0.11338100102145046,0.01909757216816061,0.9911127416318978,0.957410857442415,0.41232651559985545,0.3981308411214953,-0.06662052227257363,-49.63,-15.34,2.77,41.35,18.52,UNDERVALUED
DAL,Industrials (S&P 500),2025-08-26,0.10393597066939897,0.08675529367519003,1.8102903311185097,0.06193150496141125,0.061094124776963535,1.3947508887327091,1.395586535525223,0.5691604388528911,0.7302784222737819,-0.503835876142535,-1.6,-0.01,49.54,50.65,34.01,UNDERVALUED
FANG,Energy (S&P 500),2025-08-26,0.073457155886405,0.07618089055291599,1.1750073150691387,0.32186113442858855,0.014880708904370063,0.18016361712856943,0.10475958829673697,0.10571636578669184,0.0,-0.32191794013426966,58.48,-3.54,-24.31,39.94,50.11,UNDERVALUED
DG,Consumer Staples (S&P 500),2025-08-26,0.0359179701649921,0.07,-0.18731369161504013,0.049641228412082836,0.03907536822005647,0.6303003945363391,0.2916632323355751,0.2031684520363562,0.0,-0.6940021614870431,1.2,50.67,-8.21,47.49,11.34,UNDERVALUED
DLTR,Consumer Staples (S&P 500),2025-08-26,0.06799311106110784,0.07,0.5344623057237228,0.04751774317535799,0.05738316346183363,2.006618776087416,1.4010159659645054,0.38048231643366,0.8490196078431372,-0.27296049940924844,-9.6,51.04,15.44,49.11,14.71,UNDERVALUED
DPZ,Consumer Discretionary (S&P 500),2025-08-26,0.018481639650401727,0.07,0.6691792059657995,0.05068985332273062,0.07945616751608522,2.113164782922002,1.4964761095545847,0.36907259744662413,0.8951533135509396,-0.3301978565293937,0.29,-5.07,7.69,27.6,-24.47,OVERVALUED
DOW,Materials (S&P 500),2025-08-26,-0.13106240357352028,0.07,1.298463972846037,-0.037156559544619244,0.22750884899652796,2.3411246049079426,2.0504798757324614,0.5702536244631247,0.9779338014042126,-0.9343434708968197,-24.79,-33.52,-50.34,43.97,39.94,UNDERVALUED
DOV,Industrials (S&P 500),2025-08-26,-0.006283305766230596,0.08641525755560137,1.1483188221875165,0.007994429288347052,0.026342040055228888,0.39165231329892514,0.3785721659074534,0.10675734700593628,0.0,-0.05290611616708149,-20.69,-7.32,-0.24,26.94,10.85,UNDERVALUED
ECL,Materials (S&P 500),2025-08-26,0.05332926017602424,0.07,0.5926100299837306,0.02749311366692341,0.028278161238853548,0.9653763690549437,0.7001467675069012,0.16840169854903436,0.032673267326732675,-0.08974900761492907,6.96,5.31,14.06,19.18,1.88,FAIRLY VALUED
EBAY,Consumer Discretionary (S&P 500),2025-08-26,0.02460789447331968,0.07,0.5193565129341493,0.016910601265822785,0.08698820406858954,2.609654808132828,1.9237721241244643,0.4068424070390582,0.9931102362204725,-0.12338000096872204,170.86,38.05,63.55,34.1,11.95,UNDERVALUED
ETN,Industrials (S&P 500),2025-08-26,0.09490831109948483,0.10021062016369524,1.4366708418268757,0.07251250215554406,0.023491829383597063,0.46856243045291457,0.4949901935124957,0.1684778287900397,0.013415892672858616,-0.06774203318967742,37.35,19.58,18.86,36.45,19.29,UNDERVALUED
EOG,Energy (S&P 500),2025-08-26,-0.10966885771253887,0.07409318439756192,0.7934933772462557,0.008454835648347855,0.07093636927010209,0.955452702314441,0.8836355930882115,0.18607009928217927,0.2765089722675367,0.031001821989807464,6.01,-4.94,-1.34,29.28,29.83,UNDERVALUED
EQR,Real Estate (S&P 500),2025-08-26,0.04381382719553395,0.07,0.6847993383628111,0.036932960886079294,0.09575020721794637,3.0246834425662037,2.1536656950833724,0.53569214864688,0.9929506545820745,-0.3572477973179814,-1.03,-9.68,-9.03,23.46,3.18,FAIRLY VALUED
EFX,Industrials (S&P 500),2025-08-26,0.05314446855172328,0.08209676940067757,1.0804941695457702,0.07899035174352351,0.024555061216264273,0.4863153615372117,0.438233535110153,0.14480642699445648,0.0,-0.15938966390001635,3.75,1.83,-17.54,34.59,-21.47,OVERVALUED
ESS,Real Estate (S&P 500),2025-08-26,0.050870207166896275,0.07,0.7165708944953318,0.06292998361681927,0.06667403953378924,2.0350459518579673,1.3714416633236204,0.3676779725196536,0.8201663201663202,-0.4024737822270669,-12.15,-10.65,-7.44,25.42,13.0,UNDERVALUED
EXPD,Industrials (S&P 500),2025-08-26,-0.21199243144790103,0.0731815960104653,0.7286135449685637,0.1398268407577975,0.07666779980633605,0.4911035041180443,0.8351235004902678,0.15652144982773775,0.15681003584229392,0.034886577124615674,21.0,4.29,0.1,26.09,54.89,UNDERVALUED
FDS,Financials (S&P 500),2025-08-26,0.09306258363844977,0.07,0.6353581199978494,0.0563642047884736,0.057290258823620675,2.689938696118892,1.9566885470280364,0.5338170036264647,0.9862340216322517,-0.08121263898470207,-31.05,-15.85,-6.22,22.1,-19.69,OVERVALUED
XOM,Energy (S&P 500),2025-08-26,-0.07753795403309338,0.07,0.538829776642997,0.013594385369453565,0.08888658085105779,1.6598062177967203,1.2608959458753233,0.280380374752218,0.817641228939544,-0.03960720653023341,48.36,3.75,-0.69,23.94,53.35,UNDERVALUED
EXR,Real Estate (S&P 500),2025-08-26,0.301009973382657,0.07,0.5573229889337326,0.27210609613771186,0.07248620428541588,7.839530325258612,4.798344318888772,1.5625848254899428,0.9980806142034548,-0.4527161420285788,-9.88,-6.63,-17.78,26.46,9.65,UNDERVALUED
EXPE,Consumer Discretionary (S&P 500),2025-08-26,0.08327316854643696,0.09164380693665612,1.4476588433349458,0.0663603084352364,0.08468631308393403,2.1195434891749168,2.1653595700523085,0.6726006061693162,0.9934497816593887,-0.08600917092471012,6.22,7.54,55.35,41.99,52.94,UNDERVALUED
FDX,Industrials (S&P 500),2025-08-26,-0.02730852420830787,0.07,1.0286244850326787,-0.027308524208307913,0.08408276000100323,1.2948093765639133,0.8033776881082368,0.2988780417213521,0.29610655737704916,-0.6995656211388697,-1.84,-8.69,-20.53,35.47,78.49,UNDERVALUED
FICO,Information Technology (S&P 500),2025-08-26,0.11671439959647079,0.08701664469761339,1.073644653879582,0.1347613601602054,0.015994925174025863,0.4676741429814879,0.46676086542490947,0.16176108740845097,0.004618937644341801,-0.06005566818045002,70.02,-24.06,-18.63,41.6,-19.04,OVERVALUED
FAST,Industrials (S&P 500),2025-08-26,0.039709528152445106,0.07452380331960044,0.7297257261557617,0.027127826098792655,0.018340988390342577,0.5474039514961916,0.45100786658016095,0.10190018676652135,0.0,-0.004095007383842166,84.67,36.6,49.84,25.2,3.6,FAIRLY VALUED
FIS,Financials (S&P 500),2025-08-26,0.020721523229298322,0.07,0.6077253986357593,0.030108839385616926,0.02242865804469913,0.40966670291165735,0.22756161614993767,0.10642491395593202,0.0,-0.29737708732639256,-21.05,2.66,-9.99,28.17,-40.15,OVERVALUED
FISV,Financials (S&P 500),2025-08-26,0.073915905114466,0.07,0.6925440208898731,0.07138741947310533,0.0628622939669441,2.264554978537376,1.5589726189139097,0.424546568391278,0.9065420560747663,-0.3050241956721535,-16.44,-39.98,-18.8,38.18,-62.74,OVERVALUED
F,Consumer Discretionary (S&P 500),2025-08-26,0.08185637002451607,0.07,0.8642457754202689,0.04995147311724209,0.15433522291832294,3.477706785212611,1.8138484362386984,1.1219884046539683,0.7431640625,-3.0762047885814465,-40.24,28.55,13.07,32.06,23.67,UNDERVALUED
FTNT,Information Technology (S&P 500),2025-08-26,0.16114562263747234,0.09523590178257475,1.2122618807569057,0.12271904690091992,0.01636191177661338,0.6008463036755453,0.6368306528490342,0.23370386978779198,0.07327358987875593,0.03159297121901747,-19.8,-28.77,3.91,42.43,94.19,UNDERVALUED
FLEX,Information Technology (S&P 500),2025-08-26,-0.04834053177798969,0.10609078873219865,1.694569244830494,-0.022790081393147834,0.10020028557023483,0.9107187010879787,0.9445157697176427,0.2485657983354891,0.3260649087221095,-0.09200385014397275,63.92,34.51,62.41,44.28,106.28,UNDERVALUED
BEN,Financials (S&P 500),2025-08-26,0.012173196768670236,0.07,1.089522633174049,0.08008255408056666,0.06570428149794436,1.294903538385716,0.7907888670018368,0.2985790923146855,0.27013752455795675,-0.6902694718665439,123.01,30.82,28.38,31.65,41.48,UNDERVALUED
FOXA,Communication Services (S&P 500),2025-08-26,-0.06256286461476568,0.07,0.8181805223252325,-0.06256286461476564,0.02972340771787693,0.4723339616526304,0.3199520987394657,0.09535400220590698,0.0,-0.1420044228692129,29.2,4.42,45.69,27.28,16.15,UNDERVALUED
FOX,Communication Services (S&P 500),2025-08-26,-0.06256286461476568,0.07,0.8551785856154891,-0.06256286461476564,0.032574074160865565,0.5176338339669752,0.34623366558328034,0.10500982931231488,0.0,-0.1556235626014908,25.9,1.72,43.2,27.3,13.22,UNDERVALUED
FCX,Materials (S&P 500),2025-08-26,0.057084465897660586,0.09997220624384018,1.5359204582431916,0.1137606650623496,0.04652924829291593,0.7799770862076376,0.8165336743625403,0.24853154861246304,0.2014388489208633,-0.09222846300298294,9.16,17.77,0.77,45.1,62.31,UNDERVALUED
GE,Industrials (S&P 500),2025-08-26,0.15246934587921057,0.09096492229450896,1.1550322800373123,0.09488514201652144,0.03480773616989981,1.3556907083825576,1.4184212844490949,0.5646286489723966,0.7614831211953514,-0.019320595560331468,132.43,36.33,61.02,32.73,26.45,UNDERVALUED
GEHC,Health Care (S&P 500),2025-08-26,0.03564938695037756,0.0822785546520941,1.2195331930217899,0.0061374795417348605,0.08098046873658003,1.753603418635635,1.6167988682465477,0.429648815367694,0.9452229299363057,-0.19241496439715097,-5.14,-18.24,-12.46,34.59,0.15,FAIRLY VALUED
GD,Industrials (S&P 500),2025-08-26,0.10038668842352183,0.07,0.5610973918768862,0.12878501135503406,0.0367363497797363,1.6646687189680838,1.2195695635785522,0.3352385703426193,0.7289340101522843,-0.10490912450138307,12.75,30.65,12.86,22.74,21.94,UNDERVALUED
GNRC,Industrials (S&P 500),2025-08-26,-0.029901428095837512,0.09017407824472998,1.2195340353814668,0.0679069383570651,0.03899042822134979,0.47411509083073305,0.4727048027648554,0.1406015460150779,0.0,-0.10583806377172396,31.65,36.06,20.7,43.14,9.21,UNDERVALUED
GIS,Consumer Staples (S&P 500),2025-08-26,-0.011794448149217152,0.07,0.1015944517247895,-0.011794448149217186,0.10615753935270873,2.137452439877235,1.4930273643811138,0.3996135280557018,0.8932692307692308,-0.4975194274750781,-28.25,-15.05,-27.58,21.69,-14.57,OVERVALUED
GEN,Information Technology (S&P 500),2025-08-26,0.08917993617837561,0.07483200899717501,0.9265763552300457,0.035526315789473684,0.048297769615964596,1.5638374250887364,1.2468631314523884,0.4432012846349818,0.6682808716707022,-0.3926685550014526,-7.66,12.87,21.69,28.32,-6.59,OVERVALUED
GPC,Consumer Discretionary (S&P 500),2025-08-26,0.03098708219394708,0.07,0.6387197290351903,0.01714805282320389,0.04300156953049981,1.1348700601896042,0.7730647604577919,0.21274889729099866,0.16650049850448653,-0.2831026831407945,24.42,15.52,0.72,33.12,-0.77,FAIRLY VALUED
GPN,Financials (S&P 500),2025-08-26,-0.07161588711352562,0.07,1.2805859216189643,0.048265098273879016,0.06756223357425752,0.6718043681208672,0.35726172675869866,0.21747183453688065,0.0,-0.6604404855662124,-54.42,-12.58,-19.31,40.77,5.96,UNDERVALUED
GDDY,Information Technology (S&P 500),2025-08-26,0.057254237457184054,0.07421046272399238,0.8523008416099668,0.07500999036223878,0.046259350112045454,1.4091652911423656,1.1275599958263456,0.29524450826367904,0.6335559265442404,-0.13585826231002143,-3.08,-17.35,-9.97,32.91,-32.86,OVERVALUED
HCA,Health Care (S&P 500),2025-08-26,0.08266558095346133,0.07,0.3019033915015519,0.0867350080039404,0.07849046727852252,3.002926924351856,2.123470958973726,0.6160797815799169,0.9780876494023905,-0.4338846950876937,24.16,26.18,4.22,28.04,1.76,FAIRLY VALUED
HAL,Energy (S&P 500),2025-08-26,0.06320899242836031,0.07835583497969839,1.240848560244288,-0.0032148753149708925,0.11787228613478258,3.299416495426642,2.849793831215336,0.7708541595068715,1.0,-0.3223930045741745,-44.28,-14.27,-29.26,40.78,66.9,UNDERVALUED
HSY,Consumer Staples (S&P 500),2025-08-26,0.03689250665512578,0.07,0.06704798927355184,0.00333820212320797,0.054195728325884394,1.7110398039916146,1.2356406707084295,0.2933239641236366,0.7655453618756372,-0.13091142689388396,-22.63,8.8,-3.49,29.29,5.77,UNDERVALUED
HSIC,Health Care (S&P 500),2025-08-26,0.0010273839987886557,0.07,0.5959177044979254,0.027068644136477835,0.08031655435982375,1.9748046395729542,1.3912417971663538,0.33814468505272177,0.8610837438423645,-0.3204961842271321,-3.04,-4.81,-2.49,28.24,28.09,UNDERVALUED
HD,Consumer Discretionary (S&P 500),2025-08-26,0.0066833833652422125,0.07,0.6501326586090641,0.04483555928184504,0.050124770087781434,1.2888569634571145,0.9063631308645055,0.22040875839065813,0.3460381143430291,-0.15365053089621974,29.31,5.68,11.12,22.41,-15.74,OVERVALUED
HLT,Consumer Discretionary (S&P 500),2025-08-26,0.12857459255711667,0.07950530035408188,1.0110492439598369,0.09174401563263312,0.037140824592064074,1.4025359685039882,1.2613527750481575,0.43862531598607807,0.6958333333333333,-0.15930999676717333,46.35,5.98,27.06,25.29,19.96,UNDERVALUED
HON,Industrials (S&P 500),2025-08-26,-0.010615756150773925,0.07,0.8212626433625869,0.051743463903783815,0.06739260954225378,1.3694336868662287,0.9496823761876078,0.2516789693766804,0.4316109422492401,-0.3162643526454015,14.68,6.97,12.2,24.93,1.18,FAIRLY VALUED
HRL,Consumer Staples (S&P 500),2025-08-26,-0.02182978502757904,0.07,0.07997659201369903,-0.015624512283639733,0.06586194676713462,1.5362144668530275,1.1136959618640891,0.2432620645087154,0.6533203125,-0.1412072366095479,-14.55,2.04,-6.3,21.81,-11.88,OVERVALUED
HST,Real Estate (S&P 500),2025-08-26,0.07626447544862147,0.07279498077188828,1.109893921535015,0.07023159480323857,0.11704828771723384,3.9560813015210545,3.033757705859523,0.8246786717231985,1.0,-0.46535234157126193,3.78,8.63,2.74,29.54,47.61,UNDERVALUED
HPQ,Information Technology (S&P 500),2025-08-26,-0.07730878165753918,0.07981987072897304,1.2163468003259335,-0.0029599017089243828,0.1759267099690977,2.0805534940519737,1.9011895245406114,0.5247088721912685,0.989093387866394,-0.31756401018231817,-2.33,-18.42,-21.31,36.77,14.71,UNDERVALUED
HWM,Industrials (S&P 500),2025-08-26,0.1454367849070759,0.09670624412421587,1.2748419976834977,0.11897590361445783,0.017457985684177824,0.5494609863528375,0.5875363017669901,0.2468212487337205,0.06361724500525763,-0.040842819528097644,129.75,33.47,81.72,35.93,55.87,UNDERVALUED
HUBB,Industrials (S&P 500),2025-08-26,0.06656144006930664,0.09177753094212779,1.2175508811911482,0.04757207467103426,0.036757060445440325,0.7887263431782802,0.8162082197175065,0.24681340897203155,0.2190217391304348,-0.05915477929206565,21.0,18.07,16.2,32.03,7.44,UNDERVALUED
HII,Industrials (S&P 500),2025-08-26,0.039452185893649405,0.07,0.6831413856107653,0.007071765322158198,0.031811158869854535,0.8533773914566248,0.5620296773960357,0.17143099298739137,0.0,-0.24645081191004353,29.37,59.09,1.52,44.88,12.79,UNDERVALUED
IEX,Industrials (S&P 500),2025-08-26,0.013563380502477296,0.07546563877358312,0.9290143131805553,-0.0015577751305782094,0.03864231317105544,0.8862151496469179,0.7243789852879551,0.179903115522711,0.06875,-0.10998924623514982,-8.52,-14.58,-17.43,29.71,42.91,UNDERVALUED
IBM,Information Technology (S&P 500),2025-08-26,0.01819722579479821,0.07,0.7179215066517645,0.014435822825735531,0.027161920336725095,0.6310123310656355,0.41205571780085026,0.12634903510702955,0.0,-0.20291609045996606,13.42,-3.89,27.22,29.0,-1.18,FAIRLY VALUED
ITW,Industrials (S&P 500),2025-08-26,-0.001067604788309806,0.07356275786352988,0.8137701589885945,-0.01297572484013162,0.04858468210004486,1.1055326852675467,0.8699893685444966,0.203416947914463,0.2786195286195286,-0.09339182541443095,-3.52,3.09,10.39,22.01,8.88,UNDERVALUED
INCY,Health Care (S&P 500),2025-08-26,0.11776036154124792,0.07097540069015726,0.6400916750778923,0.14762440913625727,0.04919807685484168,2.4986313306118593,1.9310902396706378,0.4892971586599789,0.9933962264150943,0.10119622488147295,94.21,13.06,30.96,36.44,51.45,UNDERVALUED
IDXX,Health Care (S&P 500),2025-08-26,0.07584778965122774,0.08483884355082637,0.974599684450755,0.0646145962540355,0.012132915575403339,0.33633879469701866,0.326353968021001,0.09513996235607719,0.0,-0.013342049653493017,14.2,40.17,31.46,42.6,-14.94,OVERVALUED
PODD,Health Care (S&P 500),2025-08-26,0.2597889136472802,0.07463303400276299,0.7897234214517723,0.2206705556537623,0.0010501156534191247,0.09790197396998494,0.0701947090117806,0.03268089226442727,0.0,-0.018314398704614383,-54.01,22.61,79.33,38.14,-55.74,OVERVALUED
IR,Industrials (S&P 500),2025-08-26,0.10584478400330677,0.09097783285536884,1.270500357592311,0.05219528511801748,0.03044257455958415,0.7404805876348157,0.7530311246451651,0.25291341574016346,0.16299559471365638,-0.10022280415468986,0.45,-2.6,-11.39,32.41,-2.12,FAIRLY VALUED
IBKR,Financials (S&P 500),2025-08-26,0.4907475454532231,0.20158560018502625,1.6138547520665079,0.19635289585206112,0.07814143357112678,3.1942623597513515,1.5607959592740863,0.2149846497866482,0.9835,0.13184769874130944,196.23,22.86,106.43,44.18,42.6,UNDERVALUED
ICE,Financials (S&P 500),2025-08-26,0.10477472350940031,0.07,0.4688750849778362,0.187619913157629,0.08095471361766195,3.638324894660889,2.6312558305175813,0.7062163524862631,1.0,-0.19597760870070868,0.81,5.0,12.96,18.65,-10.13,OVERVALUED
IFF,Materials (S&P 500),2025-08-26,-0.039192461831231706,0.07,0.6499944716258033,0.00043557801202195314,0.030091543709426807,0.15276543369172466,-0.023373375508109823,0.10352478563299787,0.0,-0.5487460853450847,-17.57,-16.33,-32.06,28.34,28.01,UNDERVALUED
INTU,Information Technology (S&P 500),2025-08-26,0.1312222065773725,0.0829399473256252,0.9553542756390658,0.13342149220489977,0.014422713763863483,0.5473730828694503,0.5158040831487002,0.17112606799049201,0.010062893081761006,-0.016182111744416718,6.32,5.77,7.09,32.11,-44.52,OVERVALUED
IVZ,Financials (S&P 500),2025-08-26,0.0014950222482505993,0.07,1.5400071133672781,0.06133230704639284,0.06641081810321775,1.2669402208695988,0.7719198389331273,0.29016712035298103,0.23921568627450981,-0.6354097388960094,-97.32,30.58,33.53,40.3,47.54,UNDERVALUED
IQV,Health Care (S&P 500),2025-08-26,0.03394838910815445,0.07384824180672929,1.0638294228019172,0.028096636412172984,0.05058578890755608,1.1268132943272227,0.8483665039797915,0.25252479840604425,0.3032145960034752,-0.3766573456333411,-26.22,-1.67,-24.57,38.04,36.37,UNDERVALUED
IP,Materials (S&P 500),2025-08-26,-0.13495053821526604,0.08029541058103068,0.9534128936038352,-0.012349529096239008,0.06970718554272624,0.4568047232455388,0.5429910521842224,0.1834348593775588,0.0061433447098976105,-0.2947906636589302,54.11,-10.76,3.39,37.18,-13.16,OVERVALUED
JKHY,Financials (S&P 500),2025-08-26,0.06786574587836203,0.07,0.35242866019336866,0.06634300780381402,0.021618167006741365,0.8638567202718026,0.6351162874692604,0.1502254311229645,0.013197969543147208,-0.00960185728830348,-9.01,-5.02,-0.28,21.59,3.39,FAIRLY VALUED
IRM,Real Estate (S&P 500),2025-08-26,0.09773405278997238,0.07,0.9364652150948443,0.12218698685416043,0.01581948882824787,0.12666656318714162,-0.06016939507959471,0.14608655459653214,0.0,-0.6245922297910609,27.97,-0.1,-16.93,33.03,39.05,UNDERVALUED
JNJ,Health Care (S&P 500),2025-08-26,0.05375580670405822,0.07,0.056873003001086615,0.04300191406662831,0.032431585330330186,1.1829295214995206,0.8652399349398153,0.19866052443882276,0.26439024390243904,-0.030010699814543247,8.31,9.95,11.85,19.17,54.15,UNDERVALUED
JBHT,Industrials (S&P 500),2025-08-26,-0.0967108982770648,0.08502064117065461,1.070171835407405,-0.0578706458820242,0.025733746919564992,0.20560210005108875,0.20856480828077284,0.07470141478078408,0.0,-0.09939479836580507,-9.51,-9.41,-17.53,34.17,91.74,UNDERVALUED
JBL,Information Technology (S&P 500),2025-08-26,-0.07115895669248096,0.09560772181388513,1.3640651957776218,-0.16768485966226732,0.04180476923887606,0.3568626796640337,0.3726827576413433,0.1072480958328443,0.0,-0.04460670591445531,68.69,31.37,92.4,38.72,52.14,UNDERVALUED
J,Industrials (S&P 500),2025-08-26,0.0842489705340359,0.07426439654380881,0.8376592037109695,0.059855852966708506,0.05916939075717595,2.1940608560168657,1.7615496251654903,0.4671890150060321,0.9758454106280193,-0.0880399928127013,-8.72,18.93,21.31,24.07,0.68,FAIRLY VALUED
JCI,Industrials (S&P 500),2025-08-26,0.05459810237482743,0.08893757568976793,1.215901364710147,0.027808875554162376,0.03783354140249523,0.7364529345241921,0.7290400956127978,0.21781293811408112,0.12585034013605442,-0.12433366939361024,51.33,28.78,54.95,31.03,32.77,UNDERVALUED
KVUE,Consumer Staples (S&P 500),2025-08-26,0.016749361550842945,0.07,0.18536797446146913,0.0007122507122507123,0.061889507773135614,1.7114219816361915,1.2007427477277988,0.29278813657707,0.728515625,-0.2015251102599006,35.03,-8.82,-1.15,24.31,-4.57,FAIRLY VALUED
KDP,Consumer Staples (S&P 500),2025-08-26,0.04501377073910362,0.07,0.20713184237352644,0.03624949372215472,0.04834464592112793,1.3216693884402588,0.8592425435042094,0.2704366072303057,0.31409001956947163,-0.39593258993848174,-5.13,-13.01,-16.75,23.82,13.04,UNDERVALUED
KMB,Consumer Staples (S&P 500),2025-08-26,-0.08733270787135283,0.07,0.07069419343832828,-0.01988802052956958,0.05233964271536098,0.7162645455699672,0.5251457829757807,0.1470814911161255,0.003033367037411527,-0.1588875897509261,-11.15,-5.0,-6.35,19.04,-12.17,OVERVALUED
KEYS,Information Technology (S&P 500),2025-08-26,-0.04154567852877644,0.096937217034624,1.3271177832434116,-0.08876281112737922,0.022111650930522135,0.26749599655403206,0.27930983393405856,0.07195363197173747,0.0,-0.008247834409438909,54.75,2.51,6.05,32.79,92.54,UNDERVALUED
LHX,Industrials (S&P 500),2025-08-26,0.11796845910773501,0.07,0.39761711497859625,0.09815129512333282,0.04579298449568148,2.0840858106590807,1.4766199257129775,0.45684748815391263,0.845360824742268,-0.22409370915835522,15.85,38.67,22.81,21.46,-1.02,FAIRLY VALUED
KR,Consumer Staples (S&P 500),2025-08-26,-0.0038351408488299654,0.07,-0.12013431765441403,-0.01943494691380241,0.029468506607857433,0.2956977533211812,0.09673580275211084,0.11539057899803876,0.0,-0.4747043038341785,23.8,9.21,35.51,26.35,-16.51,OVERVALUED
LH,Health Care (S&P 500),2025-08-26,0.04714433831583209,0.07,0.6320576022557519,0.0696701091961584,0.038494167420090944,1.131550827918624,0.7576202493172604,0.22365887530133885,0.16194331983805668,-0.2503950695687955,7.64,11.11,22.04,22.96,20.78,UNDERVALUED
KLAC,Information Technology (S&P 500),2025-08-26,-0.06514913792380683,0.11449188317777767,1.7100408899231345,-0.0651491379238068,0.020157650775656254,0.11450609445239036,0.1219751724822004,0.037454368469948325,0.0,-0.040781719472570525,107.39,20.81,9.64,44.88,110.41,UNDERVALUED
LDOS,Industrials (S&P 500),2025-08-26,0.07582751158180523,0.07,0.5321462298024483,0.07928488146132918,0.0327902881451327,1.2372448590464935,0.8641887480968555,0.26413708463255803,0.29074446680080485,-0.1876707373835396,-30.54,41.52,19.0,31.0,-21.66,OVERVALUED
LRCX,Information Technology (S&P 500),2025-08-26,-0.1447702145151084,0.12113611968956424,1.838977643389782,-0.14477021451510846,0.033014190483164764,0.15915405694114637,0.21089304656685307,0.03850334016959482,0.0,0.006434081318994493,84.67,28.17,23.72,47.69,201.31,UNDERVALUED
LLY,Health Care (S&P 500),2025-08-26,0.2562498358193508,0.07062475227816487,0.691018644192406,0.3199800726761224,0.010715246348175783,1.2829771916343142,0.910306654492303,0.34845187366423636,0.38968481375358166,-0.046271401880489664,-15.01,-19.22,-22.16,40.02,70.14,UNDERVALUED
LII,Industrials (S&P 500),2025-08-26,0.06396197763875455,0.08316183085909183,1.0110450766536383,0.07214115096649873,0.01660667836029385,0.40944827593520317,0.3818580620702015,0.1207016812410988,0.0,-0.053687860770125995,12.83,-8.48,-2.02,33.68,-27.71,OVERVALUED
LVS,Consumer Discretionary (S&P 500),2025-08-26,0.6579822404021858,0.07790988780940153,1.0603299622432782,0.0892788276128037,0.10952848906610985,79.87190909096881,11.434692702333622,3.014949956172125,1.0,-0.2564247286455613,-79.67,29.96,41.35,38.3,-16.42,OVERVALUED
LYV,Communication Services (S&P 500),2025-08-26,0.17818613114012094,0.07863002967220568,1.0274552220800464,0.018890346376845838,0.019988592990644302,1.0532797757249053,0.9561852911160269,0.3660477809212926,0.38935574229691877,-0.05573199974542264,77.46,17.21,72.16,29.43,9.24,UNDERVALUED
LIN,Materials (S&P 500),2025-08-26,-0.005394601214808059,0.07,0.6480484134403899,0.004596091800085226,0.024154357450062707,0.5703104530025137,0.4041619741492444,0.0964171420677858,0.0,-0.07891728196642948,11.21,5.1,4.77,18.45,1.21,FAIRLY VALUED
LMT,Industrials (S&P 500),2025-08-26,0.03762714972328629,0.07,0.2048955089948969,0.051382989744121,0.06566547745661845,2.070857716442172,1.4829925820415921,0.3475170195093549,0.9158878504672897,-0.1713937522291583,8.88,4.64,-15.77,26.72,28.86,UNDERVALUED
LOW,Consumer Discretionary (S&P 500),2025-08-26,-0.07150972534346078,0.07,0.6605515947035193,-0.031293052548710884,0.059507360740654734,0.8246720249968801,0.5655709917023003,0.17965147418250563,0.015252621544327931,-0.2674869842578789,18.62,5.67,5.3,23.91,-14.14,OVERVALUED
LYB,Materials (S&P 500),2025-08-26,-0.18642174584872484,0.07,1.1530945621345863,0.0017398608111351091,0.09135598675049193,0.4247192654765072,0.6289711941676387,0.22281939456792763,0.024072216649949848,-0.5479961152343502,8.6,-20.69,-36.64,37.98,26.59,UNDERVALUED
MPC,Energy (S&P 500),2025-08-26,-0.11538731524159762,0.07,0.988504846256198,-0.06412632515382904,0.24381366949872,2.976381240720154,2.5354935919010972,0.625316352056821,1.0,-0.47373927871979593,121.41,19.93,1.24,35.46,109.91,UNDERVALUED
MAR,Consumer Discretionary (S&P 500),2025-08-26,0.09922665296259692,0.08351674694376252,1.1507627462551506,0.058491123012693456,0.0466575308892456,1.3220696373747698,1.2487735495823484,0.43033860901969173,0.6709558823529411,-0.20198782613529714,29.24,-4.37,20.05,28.32,34.24,UNDERVALUED
MLM,Materials (S&P 500),2025-08-26,-0.041351652187395116,0.07,0.7569929119115751,-0.03230217056913348,0.04788045850319274,0.9108536144595611,0.6520756463010586,0.15702361236139092,0.009202453987730062,-0.13660520989771685,51.38,26.02,11.45,24.68,-14.42,OVERVALUED
MRSH,Financials (S&P 500),2025-08-26,0.0864646360583512,0.07,0.38193376507421867,0.07573891625615764,0.03828342506925745,1.581748330529991,1.1374112955576257,0.3519657308051143,0.6268958543983822,-0.1958247237125049,3.75,-10.17,-6.17,18.21,-5.96,OVERVALUED
MCD,Consumer Discretionary (S&P 500),2025-08-26,0.05740667558769963,0.07,0.23690327989025523,0.016669935281427732,0.04362619310001871,1.4318880585612894,1.0131413161117997,0.27423809008218436,0.5112414467253177,-0.23276901181192042,0.1,4.03,10.63,18.49,-11.91,OVERVALUED
MA,Financials (S&P 500),2025-08-26,0.12546553153764695,0.07632199609178764,0.7939622369309645,0.12228065981353096,0.02606463949257486,1.1588065420509859,0.9915265399770082,0.3023144554601569,0.44453064391000774,-0.018218718613924184,24.7,5.72,27.57,21.86,-2.4,FAIRLY VALUED
MAS,Industrials (S&P 500),2025-08-26,-0.05034568501356762,0.07478631664087268,0.9591125069516946,-0.01744696874607757,0.05173572524462463,0.7674213440989518,0.6078929826079652,0.16712853078100617,0.006274509803921568,-0.16580934445581966,29.25,-1.4,-6.37,29.86,0.15,FAIRLY VALUED
MKC,Consumer Staples (S&P 500),2025-08-26,0.02896405487189302,0.07,0.3293602754582238,0.0092311848938789,0.036476909351419354,0.9609976929171962,0.6552387274177754,0.17863413092911412,0.008032128514056224,-0.2367317489034156,-12.65,-11.21,-9.25,22.22,-18.95,OVERVALUED
MCK,Health Care (S&P 500),2025-08-26,0.1391078857792254,0.07,0.1997073873548337,0.1621616372822875,0.05276012672534058,3.100380749868269,2.3071020967223226,0.6939414092909179,0.9924314096499527,-0.02005425287389445,33.45,9.35,23.81,26.6,23.75,UNDERVALUED
MRK,Health Care (S&P 500),2025-08-26,0.0403851993151223,0.07,0.3508413311815661,0.06742077684438161,0.08166945939271715,2.723334772753128,1.9888359984699397,0.45447923156344533,0.995159728944821,-0.11482422212586875,-72.53,-3.13,-24.65,27.06,81.16,UNDERVALUED
MDT,Health Care (S&P 500),2025-08-26,0.036327383210373876,0.07,0.4532118764355493,0.03624397478680015,0.04836185936237699,1.4168118798332385,0.9951843799870445,0.25845354944642457,0.4954682779456193,-0.22978220796606624,1.36,3.43,7.8,21.44,3.39,FAIRLY VALUED
META,Communication Services (S&P 500),2025-08-26,0.18773139353298318,0.10323058884274017,1.4172638771703048,0.21941112807816043,0.01110685078415514,0.41955412252370056,0.4524552446310324,0.18855437123643282,0.014743263853584139,-0.0027144166430310584,85.33,12.12,43.31,36.64,-27.38,OVERVALUED
MGM,Consumer Discretionary (S&P 500),2025-08-26,0.14600029612074317,0.07,1.4533738475761417,0.06658496785096542,0.23319286500190817,11.723181208301266,8.311277347730345,3.4896400306477835,1.0,-2.5753367022989297,41.7,9.5,-1.08,42.57,12.1,UNDERVALUED
MAA,Real Estate (S&P 500),2025-08-26,0.041505088136736035,0.07,0.48114694289636994,0.01980341340899655,0.0700674622908291,2.1350704435863705,1.5046566249669608,0.37182010800933457,0.9036511156186613,-0.31191950921114053,10.19,-11.43,-5.29,20.79,-3.01,FAIRLY VALUED
MSFT,Information Technology (S&P 500),2025-08-26,0.1566996201307127,0.08447587155248751,0.9632102171199524,0.15669962013071279,0.032054794023213075,1.4892190502747094,1.4707362418379164,0.5887419841714403,0.7854050711193569,-0.013186095851706419,20.12,26.03,21.36,24.84,-3.37,FAIRLY VALUED
MTD,Health Care (S&P 500),2025-08-26,-0.006058084264573993,0.08858579920620493,1.1360856488446995,0.022187208065656733,0.03596298243921748,0.5296182771348773,0.519892786004639,0.1463662184764833,0.0,-0.07261781957929654,-8.82,-0.37,-10.53,34.24,8.44,UNDERVALUED
MDLZ,Consumer Staples (S&P 500),2025-08-26,0.0756412338731387,0.07,0.09512758234389757,0.011800310972900933,0.06495919112269241,2.522676614916186,1.8406919095042993,0.46679107701508366,0.9788092835519677,-0.2153844612909457,-34.04,-0.84,-10.4,21.86,6.96,UNDERVALUED
TAP,Consumer Staples (S&P 500),2025-08-26,0.04236940131028599,0.07,0.3285042092082845,-0.006417651532630895,0.09892591437279241,2.9366962261680003,2.047117366175118,0.5346955108870957,0.9858012170385395,-0.5327842737944533,-60.8,-17.53,-3.45,25.56,-11.71,OVERVALUED
NDAQ,Financials (S&P 500),2025-08-26,0.09021286274313778,0.07365201190971789,0.911594289189406,0.22031662269129287,0.03247212010264241,1.1047153549788662,0.8453392522719261,0.2621430611577461,0.27348993288590606,-0.17212068482284662,29.02,19.33,36.62,22.89,4.09,FAIRLY VALUED
MCO,Financials (S&P 500),2025-08-26,0.13853818672607732,0.08597467952126142,1.0793481038247972,0.19810682893847195,0.02423393048446182,0.928001920536102,0.917137530928165,0.3436706830135654,0.34736218138707764,-0.05839282248532596,4.11,3.0,7.47,26.13,-1.62,FAIRLY VALUED
MSI,Information Technology (S&P 500),2025-08-26,0.08954848039569696,0.07,0.5760108702364299,0.08408498697133694,0.01845593247383873,0.8143645024515062,0.5922370362034715,0.17246597805797262,0.02556237218813906,-0.05913555762501587,42.42,7.45,6.91,22.28,5.13,UNDERVALUED
MSCI,Financials (S&P 500),2025-08-26,0.12702337444448664,0.07487704404589415,0.826555001750944,0.12938645746010155,0.03670934095278601,1.6466888073119104,1.3507214028265526,0.4486157856378741,0.772508038585209,-0.09649348533376119,0.21,-0.76,1.26,25.56,0.96,FAIRLY VALUED
NEM,Materials (S&P 500),2025-08-26,0.25217393838400404,0.07,0.5129429933842621,0.5816119200812733,0.029654879374699947,2.6808522938906005,1.8840187836418278,0.6149050249823526,0.9363636363636364,-0.06627587795725343,-87.18,67.97,42.19,38.24,78.1,UNDERVALUED
NTAP,Information Technology (S&P 500),2025-08-26,0.016370251383268197,0.08790886318339466,1.2659656317986336,0.048500319081046586,0.05860541835987994,1.0873873566641106,1.0749324428980114,0.2722685050069928,0.5535816618911175,-0.03465481187350669,15.59,-11.12,-16.15,37.31,79.31,UNDERVALUED
NFLX,Communication Services (S&P 500),2025-08-26,0.11067580505641428,0.08401292304885911,0.9588658057835292,0.15649919994477407,0.016659361517060673,0.5878807531885829,0.5747019964196637,0.18592593062036922,0.028415961305925032,-0.01483038146187286,85.45,23.84,78.54,33.06,-34.64,OVERVALUED
NWSA,Communication Services (S&P 500),2025-08-26,0.029955067398901747,0.07,0.8069818881735814,0.029955067398901646,0.018624992537126343,0.5412419271055017,0.3830797662977627,0.09397776368131171,0.0,-0.0733109728081972,20.9,6.27,6.45,22.02,0.49,FAIRLY VALUED
NWS,Communication Services (S&P 500),2025-08-26,0.029955067398901747,0.07,0.8028095067515119,0.029955067398901646,0.016135135686791504,0.468886734629275,0.3346508687467602,0.07976382802009954,0.0,-0.06351049490264396,36.82,8.25,18.24,22.46,-0.82,FAIRLY VALUED
NEE,Utilities (S&P 500),2025-08-26,0.08682526573332128,0.07,0.32563853382363167,-0.11954897915629224,0.02826042362739036,0.688609387793777,0.3625437467207318,0.21609219519199876,0.002955665024630542,-0.5403653530764572,-4.24,7.12,-3.25,28.59,16.91,UNDERVALUED
NDSN,Industrials (S&P 500),2025-08-26,0.019052536313419965,0.0810027130006433,1.0900038543660535,0.0233159301111757,0.024919108768934994,0.39184846390316547,0.3435714717067878,0.11884327384403404,0.0,-0.17250525369354164,11.95,8.08,-10.81,28.97,49.81,UNDERVALUED
NSC,Industrials (S&P 500),2025-08-26,-0.02470694267530482,0.07014736739162847,0.8462610632822333,-0.0027147087857847976,0.03713502782442938,0.6324386460004779,0.41868944224469345,0.13448643788020173,0.0,-0.2573796842900257,6.85,15.56,17.5,27.04,27.49,UNDERVALUED
NOC,Industrials (S&P 500),2025-08-26,0.05880071709781931,0.07,0.0843544293789251,0.04436243318910664,0.05525014551264123,2.0142070879128218,1.4642844509791029,0.37650687536039906,0.8893320039880359,-0.14340818728074028,-9.79,31.58,18.47,26.91,-3.43,FAIRLY VALUED
NCLH,Consumer Discretionary (S&P 500),2025-08-26,0.3989586120667472,0.08586218547028009,1.78318784368237,0.10874096658636966,0.07236326502822167,11.071778505750364,5.48609325177092,2.103503046234569,0.9882005899705014,-1.1853609394795666,-23.68,-1.16,41.49,51.57,-32.35,OVERVALUED
NUE,Materials (S&P 500),2025-08-26,-0.1395557937731856,0.08761413985751904,1.2917717007883187,-0.11465114939217606,0.08583469202440615,0.679190514709054,0.8566386706733837,0.21772309346375632,0.2572590011614402,-0.09980196120113881,105.91,10.9,1.87,41.11,64.72,UNDERVALUED
NVR,Consumer Discretionary (S&P 500),2025-08-26,0.0002506734635194796,0.07,0.507974880558467,0.10578854142927097,0.05516264600025061,1.5464017312699239,1.1564237381206874,0.23135102869018098,0.711897738446411,0.06545577400468695,34.34,11.91,-13.44,27.1,-21.92,OVERVALUED
NVDA,Information Technology (S&P 500),2025-08-26,1.199518338720932,0.13110685658540375,1.9949112376198013,1.1420340763599357,0.008233147569182782,16.04715989652827,0.3834698115075654,0.08691268451104991,0.0,-0.00031350809455099393,58.25,38.48,40.55,51.69,19.46,UNDERVALUED
NRG,Utilities (S&P 500),2025-08-26,-0.055649166204945644,0.09630444755942873,1.6672552502736884,-0.024043298754466917,0.13029752792083737,1.0094269180393205,1.0458714783714733,0.3484373763169567,0.4747368421052632,-0.34945700986002826,35.86,29.89,77.86,55.21,-20.14,OVERVALUED
ORLY,Consumer Discretionary (S&P 500),2025-08-26,0.07680875486085514,0.07,0.2535850967955752,0.056679409951145475,0.024914725276598135,0.9692764795674046,0.6869534528743477,0.18213835901462452,0.05365853658536585,-0.08756915134384131,42.52,16.33,38.61,20.24,-13.67,OVERVALUED
OXY,Energy (S&P 500),2025-08-26,-0.2247234906219978,0.07,0.9602050455659981,-0.04910174468820176,0.13610785801582367,0.5847787267365678,1.1663272264433373,0.33011975542672684,0.675365344467641,-0.5857381543680297,26.89,-4.15,-17.99,34.97,36.39,UNDERVALUED
NXPI,Information Technology (S&P 500),2025-08-26,-0.022634036978934957,0.10924813935608556,1.815896707970073,-0.049864416993070204,0.037725029155504346,0.26392699861115904,0.281353515418629,0.09660118095634729,0.0,-0.1316400209697919,30.98,4.68,-4.1,46.34,-4.58,FAIRLY VALUED
ODFL,Industrials (S&P 500),2025-08-26,-0.03621996225301327,0.09719834369355689,1.2311280900707433,-0.008752245083318674,0.027417279453897544,0.3182466848198921,0.3347727893351112,0.08375304922036476,0.0,0.00148949406745084,-5.5,-11.78,-23.74,40.76,33.26,UNDERVALUED
OMC,Communication Services (S&P 500),2025-08-26,0.04784387172100102,0.07,0.8078063559899742,0.06785232980765304,0.10967502969118098,3.8242811980735874,2.744446540784946,0.6408534154174331,1.0,-0.172070240578843,-8.24,-5.29,-18.23,30.14,16.25,UNDERVALUED
OKE,Energy (S&P 500),2025-08-26,-0.015508654228691632,0.07,0.9730469028165352,0.22747072467047577,0.08601398187735516,1.421152923650972,0.8834373238034936,0.3224398158936105,0.38650306748466257,-0.761502327905321,0.96,-20.31,-11.51,31.86,34.02,UNDERVALUED
ON,Information Technology (S&P 500),2025-08-26,-0.07771798395270746,0.11558333500633695,1.976987744472378,-0.1418514479583182,0.020182261266356576,0.1225931903741023,0.1314504035920902,0.037570197554411884,0.0,-0.031326384461323575,-14.19,0.87,-33.22,57.84,46.52,UNDERVALUED
PKG,Materials (S&P 500),2025-08-26,-0.005600727717853249,0.07049870597835696,0.8160021462478607,0.07445145083564031,0.02083174269392566,0.43781368862195796,0.30332148331152536,0.08542009482677898,0.0,-0.1125042775853513,48.31,0.77,6.41,26.32,20.84,UNDERVALUED
ORCL,Information Technology (S&P 500),2025-08-26,0.060195379749369504,0.098797418499713,1.4730501647705823,0.06019537974936942,0.024437398041560764,0.3498442294113228,0.3741696974379284,0.1438919312844781,0.0,-0.12958144636307656,66.34,36.57,70.03,44.19,-38.65,OVERVALUED
PANW,Information Technology (S&P 500),2025-08-26,0.20795178100197664,0.09590067145063949,1.2210820584804796,0.1646379502952399,0.0044057031962943805,0.21657561038720335,0.22957003720300162,0.09569115956698822,0.0,0.0015928360017328296,-70.21,-2.81,5.05,35.99,89.74,UNDERVALUED
PH,Industrials (S&P 500),2025-08-26,0.12093400185710057,0.09696176873462357,1.3840263681492397,0.045371098872279046,0.06945252945877596,1.8102557029743078,1.892635230872209,0.6561834651209818,0.9711891042430592,-0.10441371275542598,32.93,15.61,29.57,31.75,32.47,UNDERVALUED
PAYX,Industrials (S&P 500),2025-08-26,0.0541630884144515,0.0706093628431236,0.6454460259020653,0.05416308841445148,0.030886744584149493,1.1605452016663333,0.8797611348090811,0.19696188302827441,0.2889733840304182,0.012656688047114487,30.13,-6.15,9.19,24.09,-7.04,OVERVALUED
PEP,Consumer Staples (S&P 500),2025-08-26,0.031127269843750804,0.07,0.19808034544167807,0.004187119414896525,0.04611962749690704,1.3229575183641873,0.9299018341215536,0.23227192053373036,0.38271604938271603,-0.18784918394248298,-15.97,-1.04,-13.37,21.66,0.48,FAIRLY VALUED
PNR,Industrials (S&P 500),2025-08-26,-0.004742186960568606,0.08740002777424526,1.112133478960648,-0.005286880253380436,0.03726471345247326,0.5509705675910124,0.539314407649146,0.15563121146741363,0.001160092807424594,-0.09273444593540242,44.09,17.67,27.03,27.38,-40.86,OVERVALUED
PYPL,Financials (S&P 500),2025-08-26,0.07494103063718627,0.08881922777822732,1.2399958680518517,0.06805280306338383,0.06282314436330771,1.5605607667992314,1.5519634955419053,0.4619887518247344,0.9138810198300283,-0.04656219790941838,-21.87,-2.6,-2.12,37.11,-10.46,OVERVALUED
PFE,Health Care (S&P 500),2025-08-26,-0.20698004291502037,0.07,0.4478495245232456,0.06839171172381368,0.12450925935521141,0.7082898214033829,1.1403081568852027,0.30678371754707473,0.6617801047120419,-0.4744089841793136,-22.7,-2.22,-7.72,24.63,19.34,UNDERVALUED
PSX,Energy (S&P 500),2025-08-26,-0.08232576182383722,0.07713365010300288,1.1482330621692893,-0.028806165577785467,0.09777943274688176,1.1352550723193306,0.9674130508144044,0.31030050179382745,0.4278571428571429,-0.3556640633627129,168.14,5.58,-0.41,35.79,90.24,UNDERVALUED
PM,Consumer Staples (S&P 500),2025-08-26,0.09204264740745827,0.07,0.11222667197935263,0.076874964462387,0.03352399752089786,1.3782341722360263,0.9852268569485021,0.29496444743184097,0.46206225680933855,-0.16584713727159808,41.57,9.49,44.17,27.19,19.06,UNDERVALUED
PNW,Utilities (S&P 500),2025-08-26,0.08863215322508755,0.07,0.23736025102582142,0.09133833518846182,0.04090679856858067,0.7235921291121855,0.2436011758130881,0.3107868732691599,0.015,-1.0707647393745667,4.72,0.1,7.58,17.84,14.75,UNDERVALUED
PPG,Materials (S&P 500),2025-08-26,0.007370048824338005,0.0729180990177603,0.9588066545595387,-0.024442802610515946,0.07125453744044917,1.67558511093775,1.2925849662454487,0.30914630055898484,0.811044003451251,-0.2031883836791339,-25.34,-0.88,-8.86,28.7,2.5,FAIRLY VALUED
PG,Consumer Staples (S&P 500),2025-08-26,0.024790868960807844,0.07,0.16684364150685863,0.024790868960807746,0.03132868615664172,0.9185686581687704,0.6681958331739207,0.1508322720692019,0.004955401387512388,-0.06688651186346109,3.34,-7.76,-5.47,18.51,-5.64,OVERVALUED
PSA,Real Estate (S&P 500),2025-08-26,0.05960941661010266,0.07,0.4348944028737919,0.03938428710247936,0.06647986916044063,2.3844662026981083,1.7017065824399433,0.41568062804685396,0.9556412729026037,-0.1830437206690075,25.65,-3.15,-12.01,23.13,16.36,UNDERVALUED
PTC,Information Technology (S&P 500),2025-08-26,0.09034692809267986,0.085070381957175,1.0264705643736398,0.0960485977226136,0.03698197558106412,1.014668013302912,0.9708406488911037,0.2846512339480536,0.39532093581283745,-0.06516647680749756,36.98,30.39,19.89,33.5,-27.78,OVERVALUED
PHM,Consumer Discretionary (S&P 500),2025-08-26,0.058997436383705804,0.07,0.7257291616053694,0.11738398306816429,0.06407852942021998,2.4811945696652176,1.832172011284766,0.435109297168084,0.9851632047477745,-0.02428960355854453,37.08,26.08,-2.22,35.54,-1.86,FAIRLY VALUED
PWR,Industrials (S&P 500),2025-08-26,0.17749308060574487,0.0936035337253896,1.2599394045591163,0.13363477977374613,0.017825460608693347,0.5762335876951186,0.6058988010168223,0.24482061509504102,0.07334047109207709,-0.06596816484049302,52.75,42.91,40.72,38.89,72.7,UNDERVALUED
DGX,Health Care (S&P 500),2025-08-26,-0.0005566661193998623,0.07,0.2849691421866897,0.06701253782965845,0.05483692026459139,1.2212885819833945,0.8095611572423302,0.22611573016898867,0.2354771784232365,-0.3334616116373403,23.22,4.96,19.73,22.54,36.14,UNDERVALUED
RTX,Industrials (S&P 500),2025-08-26,0.09713959892072666,0.07,0.558083830082616,0.17147417295414974,0.045517132139251126,1.9010226695661916,1.3737437162446742,0.3882941545277602,0.814484126984127,-0.1781503689808989,35.17,26.53,37.33,25.79,35.01,UNDERVALUED
QCOM,Information Technology (S&P 500),2025-08-26,-0.06112130034296592,0.1041194473636466,1.5061459889429945,0.08771635957565606,0.045253290074534123,0.3677641952778281,0.38823853050012264,0.10621716859085703,0.0,-0.03910677395574408,42.09,-0.69,-6.24,38.03,3.11,FAIRLY VALUED
RSG,Industrials (S&P 500),2025-08-26,0.08930652504206682,0.07,0.36620538631022104,0.07129969929836284,0.03982322732574024,1.6291411671356042,1.1475847897981353,0.33823374798035993,0.6398390342052314,-0.1782423839117904,24.93,1.67,14.81,18.32,-5.25,OVERVALUED
REGN,Health Care (S&P 500),2025-08-26,0.08013422425783046,0.0711479544922137,0.6892783082327983,0.08270057634251213,0.03802205883974295,1.5773014834072956,1.1944587190726539,0.29124702075161135,0.699630314232902,-0.0033734927105656762,-30.4,-16.62,-50.78,38.72,41.39,UNDERVALUED
RMD,Health Care (S&P 500),2025-08-26,0.14430208014571755,0.07131247828145262,0.6658028982385017,0.10947306803492216,0.021183479746827712,1.2160423746047795,0.9185160201053305,0.2807625535742209,0.35766423357664234,-0.01533232517787445,19.06,22.07,26.92,29.01,-19.05,OVERVALUED
RVTY,Health Care (S&P 500),2025-08-26,-0.08792750832892171,0.07481992617049123,1.0810762373805147,0.0016196636989192425,0.03479603099269063,0.3505448788712481,0.2717446519162816,0.10537548986906116,0.0,-0.19700913189720962,-26.33,-20.63,-24.56,36.0,36.44,UNDERVALUED
ROL,Industrials (S&P 500),2025-08-26,0.12116978917439236,0.07,0.33576126757811103,0.10263633813797515,0.022109392044672254,1.2440509979461303,0.9236495971126326,0.2943164060972018,0.3696969696969697,-0.02681287716665578,21.34,10.78,14.01,20.8,-34.64,OVERVALUED
ROP,Information Technology (S&P 500),2025-08-26,0.14472649529163695,0.07,0.6926171307052434,0.13943475023471139,0.042717088240088005,2.305362964991608,1.6722229170562655,0.5213879160839633,0.9164179104477612,-0.13410925685701755,-15.43,-8.55,-3.7,20.06,-21.05,OVERVALUED
ROST,Consumer Discretionary (S&P 500),2025-08-26,0.06308834944509667,0.07,0.6825237081891499,0.036918102673016526,0.041480710751939126,1.644534948190267,1.2318096937715206,0.3023486116074158,0.7497536945812808,-0.01968965220620051,4.98,7.53,-3.39,25.66,55.78,UNDERVALUED
ROK,Industrials (S&P 500),2025-08-26,0.03193680145031963,0.08845129135713801,1.1659119475209878,-0.08765731949657761,0.025589054014810392,0.43204749135748033,0.4292126575991937,0.1330063513993238,0.0,-0.09106981756677074,60.24,24.89,33.52,34.68,22.93,UNDERVALUED
SPGI,Financials (S&P 500),2025-08-26,0.12726533095589376,0.07489332723495239,0.8175924678719063,0.13691285908618067,0.0294656933858941,1.2636146414946892,1.0232393422014223,0.3006688903688553,0.5036437246963563,-0.06425845361876133,7.03,4.74,11.33,21.97,-16.75,OVERVALUED
RCL,Consumer Discretionary (S&P 500),2025-08-26,0.3655837596152376,0.10673493406279833,1.650993186353751,0.18597122302158273,0.03558605525668919,3.038544614721312,2.0822902625494915,0.8093675095657209,0.9368686868686869,-0.21847355263130297,-45.05,45.83,119.3,43.12,-17.3,OVERVALUED
SBAC,Real Estate (S&P 500),2025-08-26,0.008729847539341806,0.07,0.047658236211947654,-0.011782780839538808,0.04375461669270233,0.5955929461438718,0.2648545207543147,0.19328096335126593,0.0,-0.6781948259813695,4.83,3.08,-1.83,25.12,-15.4,OVERVALUED
SLB,Energy (S&P 500),2025-08-26,0.13659018262747957,0.08095344416131116,1.1286413313443977,0.09518635883506865,0.05981379253000535,2.3474987617712655,2.1521833003669952,0.7759558039660568,0.9767750497677505,-0.17710882475023856,-38.78,-12.27,-19.48,36.44,55.76,UNDERVALUED
SPG,Real Estate (S&P 500),2025-08-26,0.06163257831441693,0.07,0.9301772459117015,0.053891294958892604,0.07116775465691609,2.404667688210396,1.6791026389936479,0.49433826685576837,0.9167482859941234,-0.4245802074009769,20.37,-1.55,11.58,25.94,30.27,UNDERVALUED
STX,Information Technology (S&P 500),2025-08-26,-0.11281148429035748,0.09464546469976319,1.358820456053342,-0.11281148429035753,0.024059523694205665,0.07730992157700091,0.10707486453754514,0.056421501946052444,0.0,-0.12529719746023146,162.67,67.03,62.68,41.26,418.8,UNDERVALUED
NOW,Information Technology (S&P 500),2025-08-26,0.23129202677938676,0.10383886448432805,1.4036317166677208,0.22438970014491139,0.006075354317384526,0.22814273522474265,0.24099571373993398,0.09319475350846929,0.0,0.00014562476840307648,-27.04,-8.21,4.39,39.51,-24.97,OVERVALUED
SHW,Materials (S&P 500),2025-08-26,0.021211761088031356,0.07,0.7414505520234834,0.0020215253406443722,0.033934994074335326,0.9151886960515123,0.6474304735995372,0.1592950353521225,0.008645533141210375,-0.12799335027071884,8.61,2.58,3.01,24.18,-4.66,FAIRLY VALUED
SWKS,Information Technology (S&P 500),2025-08-26,-0.1272776300190468,0.10843251870216349,1.668339110498134,-0.12454949291760958,0.023577132375790268,0.1798883238583874,0.21651271924606252,0.0475189708531243,0.0,0.014351914378931643,44.98,15.54,-28.04,49.41,-7.3,OVERVALUED
SNA,Industrials (S&P 500),2025-08-26,0.027087948573190523,0.07544754795826622,0.8175692760112641,1.957598418260478e-05,0.046125687927551264,1.2649098626643827,1.0647491281381685,0.2282413317063778,0.5874125874125874,0.004025146986430595,20.17,-1.45,19.19,26.45,21.86,UNDERVALUED
LUV,Industrials (S&P 500),2025-08-26,0.0742760515907519,0.07607608341715917,1.264928116483853,0.05335173048177533,0.08424514339175732,2.833719098684571,2.37301156849482,0.5858464662283379,1.0,-0.028224436618686715,11.58,10.11,21.28,40.88,21.67,UNDERVALUED
STE,Health Care (S&P 500),2025-08-26,0.09705191192886176,0.07,0.5219499540662976,0.062428240605600635,0.03377695472539536,1.4584665394723269,1.0511612658962342,0.2776912280309097,0.5447470817120622,-0.08378502770319064,15.22,11.71,6.38,22.77,-4.39,FAIRLY VALUED
SYK,Health Care (S&P 500),2025-08-26,0.10667412887158734,0.07121969645002188,0.7382059437252145,0.10230266367450483,0.009444396314137222,0.3665447800673983,0.2641334304144024,0.0869983867708996,0.0,-0.06679803098783442,30.44,1.11,12.62,21.3,-16.05,OVERVALUED
SWK,Industrials (S&P 500),2025-08-26,-0.04780776642364004,0.09322821903350806,1.4675290361544964,-0.026322626432884907,0.0672522797076098,0.33246546017941025,0.3459057582291254,0.2232366728567027,0.004807692307692308,-0.5349941347983304,-47.99,-12.01,-22.06,43.4,37.46,UNDERVALUED
SBUX,Consumer Discretionary (S&P 500),2025-08-26,0.05911859625859006,0.07325143381519013,1.0332805100694904,0.0055760015121360034,0.03580248305093153,1.0079254930623536,0.7579335089172339,0.23238769688220093,0.16986062717770034,-0.2351594584413934,-0.4,-22.29,-5.51,32.83,23.1,UNDERVALUED
STLD,Materials (S&P 500),2025-08-26,-0.11233419031793945,0.0870776961963779,1.2526744100763216,-0.06676801815941802,0.09251334318081364,0.7555413783637077,0.8532079497343483,0.23930254494198694,0.24129930394431554,-0.134283605655409,107.86,-0.53,10.69,38.99,68.24,UNDERVALUED
SYY,Consumer Staples (S&P 500),2025-08-26,0.07178664657204492,0.07,0.3435383112708598,0.03300360301342942,0.06780579119660181,2.477095554496346,1.7475901937984235,0.48248588110835783,0.9507722007722008,-0.32167913342725474,-11.19,8.76,6.05,20.99,7.27,UNDERVALUED
TMUS,Communication Services (S&P 500),2025-08-26,0.01142758571443725,0.07,0.370603599541437,0.03617709208482904,0.03943701496019789,0.7810528767416886,0.4819600008649259,0.17453255663209635,0.0,-0.384602164826827,3.71,-4.03,28.27,27.92,-26.5,OVERVALUED
TDY,Information Technology (S&P 500),2025-08-26,0.019180003210089946,0.07274070634291017,0.8077395586400941,0.006121905775885015,0.034929573344636394,0.9178976282422306,0.7109550423496477,0.1622268708611491,0.03251318101933216,-0.08406577479758823,23.85,8.67,28.93,23.01,16.37,UNDERVALUED
TGT,Consumer Staples (S&P 500),2025-08-26,-0.011772002632965961,0.07,0.8707577642021331,-0.007876214948050497,0.06853311893427821,1.3421883648623116,0.9158920904802982,0.2593077509734111,0.39883268482490275,-0.3591445386217843,-39.05,-20.78,-37.02,39.38,71.32,UNDERVALUED
TER,Information Technology (S&P 500),2025-08-26,-0.05460666829242977,0.12369708862352179,1.8308362840348038,0.05364948148524566,0.03361932470567492,0.28769480612261544,0.2973006649632881,0.0543962702872243,0.0,0.02491696652715682,34.35,3.47,-12.34,53.27,223.86,UNDERVALUED
TJX,Consumer Discretionary (S&P 500),2025-08-26,0.062376894125347304,0.07,0.5003187459504511,0.039526347824483096,0.02860555170630391,1.0932988585484682,0.8029090711325337,0.19599716696442546,0.16224489795918368,-0.04924361887490479,24.91,10.14,15.85,17.86,4.19,FAIRLY VALUED
TEL,Information Technology (S&P 500),2025-08-26,-0.013480705631017553,0.08965472166958105,1.1755734573510765,-0.011787451665211425,0.042792693245416624,0.5989150788881195,0.6013497577392243,0.16227672991862283,0.008422234699606962,-0.04887369028372771,73.35,36.56,37.4,29.34,-2.41,FAIRLY VALUED
TXT,Industrials (S&P 500),2025-08-26,0.0318571578409399,0.07554982406433337,1.0311458599479975,0.0013885843747716143,0.09514837316519567,2.531460924506471,2.0827535034737163,0.48381451861561287,0.9984076433121019,-0.1443251206187343,10.92,11.43,-9.4,28.77,3.77,FAIRLY VALUED
TMO,Health Care (S&P 500),2025-08-26,-0.022927877741896086,0.07383328511200159,0.859831068396656,0.0005133350444501482,0.03684836590723715,0.6829767452449665,0.5354840427388003,0.13980550086115381,0.0,-0.14712529308669528,-13.61,-8.23,-19.15,30.39,28.94,UNDERVALUED
TXN,Information Technology (S&P 500),2025-08-26,-0.11628247687677096,0.09959712126202212,1.4020731278163945,-0.10719789942348308,0.015182572941945513,0.048077805513661205,0.06849960027150545,0.030462607863746063,0.0,-0.056822900969621164,75.47,5.55,1.09,40.31,32.28,UNDERVALUED
TSCO,Consumer Discretionary (S&P 500),2025-08-26,0.0236048108180249,0.07,0.6072086150893966,0.022499026329198906,0.02151562411877281,0.5113992207969495,0.3404218056575132,0.10260207888529234,0.0,-0.16025018667179095,31.79,12.81,16.95,28.49,-42.21,OVERVALUED
TT,Industrials (S&P 500),2025-08-26,0.11379128451854137,0.08489880844871413,1.0023605060851442,0.12222247363895551,0.026665152716571137,0.9288759609474678,0.8995620135649159,0.3070294400138805,0.32014388489208634,-0.033473812301445895,52.65,22.12,21.91,28.25,6.58,UNDERVALUED
TKO,Communication Services (S&P 500),2025-08-26,1.0697510807150747,0.07594626122611917,0.8263740170890064,0.5145891399021829,0.023312878444789596,33.923307237641765,1.6488123194183357,0.4375227003854916,0.9418153607447634,-0.16639279817699054,142.87,16.64,57.67,33.43,7.2,UNDERVALUED
TSN,Consumer Staples (S&P 500),2025-08-26,0.00025333677777350516,0.07,0.23969389515780842,0.008093644220041225,0.018792952103099735,0.12491067986072049,-0.009591846202521228,0.08060310589773917,0.0,-0.41007918194742315,-46.11,-3.45,-6.83,22.92,5.6,UNDERVALUED
TDG,Industrials (S&P 500),2025-08-26,0.20934532584727283,0.07,0.7933437438470597,0.20577069096431283,0.0384852445600866,3.0157623108356093,2.224309479378053,0.8781895960809235,0.9391824526420738,-0.2507101129151169,39.86,6.04,12.48,28.78,-10.74,OVERVALUED
TYL,Information Technology (S&P 500),2025-08-26,0.07491477723213635,0.07169778384992277,0.6858480166509926,0.09532568447512003,0.006848684502576035,0.27057719946853537,0.20898492454183887,0.047888213765822245,0.0,0.004523932028786824,20.38,-11.24,-4.29,25.44,-36.38,OVERVALUED
TRMB,Information Technology (S&P 500),2025-08-26,0.0009515914117421698,0.10047449593524385,1.3911265213279238,-0.030378813804722668,0.06781632260548735,0.8947504238451406,0.9269311417909437,0.25058652751518157,0.30504115226337447,-0.03256077247364549,40.38,14.08,42.9,33.95,-26.72,OVERVALUED
UDR,Real Estate (S&P 500),2025-08-26,0.049662251839357685,0.07,0.6542548764818485,0.027244837330361087,0.048920694581403995,1.2885084995071003,0.8304106798056031,0.27708824780851643,0.2896281800391389,-0.4894680849639003,20.18,-9.47,-6.75,22.73,1.59,FAIRLY VALUED
UBER,Industrials (S&P 500),2025-08-26,0.17457030299637344,0.0888846842868858,1.0895398242872543,0.17963573938467317,0.023512268798899488,1.0769374442749096,1.1327499088010582,0.4796552226971654,0.5479683972911964,-0.025717426698005478,9.19,27.23,29.92,40.75,-18.63,OVERVALUED
UNP,Industrials (S&P 500),2025-08-26,-0.012642733424574226,0.07,0.7175352465874327,0.005431402628633028,0.04873774800626775,0.9640928757845547,0.6567625241306748,0.18175174101389957,0.017223910840932118,-0.23895807026276603,-1.94,-8.21,-7.71,23.95,39.57,UNDERVALUED
UHS,Health Care (S&P 500),2025-08-26,0.08685082473935313,0.07,0.6698226776317212,0.10824545567083994,0.086081862294965,3.444058231822391,2.437054911352888,0.7156150465890562,0.9932170542635659,-0.4113714659098973,-20.77,0.96,-21.86,34.51,-4.32,FAIRLY VALUED
UPS,Industrials (S&P 500),2025-08-26,-0.047302669703886635,0.07,0.7536104523886757,0.001231337540403263,0.08850006503932262,1.459966769960085,1.0425102411623084,0.2818164224467804,0.5592039800995025,-0.2788284928929734,-17.96,-22.51,-27.32,31.73,24.99,UNDERVALUED
UNH,Health Care (S&P 500),2025-08-26,0.111219385029389,0.07,0.25808764816058044,0.07711061239646738,0.06611378189199107,3.181684040837918,2.2836797987503368,0.6882322032559633,0.9887640449438202,-0.19270641827659932,-22.42,-34.46,-47.63,47.76,31.53,UNDERVALUED
UAL,Industrials (S&P 500),2025-08-26,0.12664812726482455,0.08456677161309463,2.0557813297548004,0.06228940558854739,0.08940483168452071,2.5540191032148574,2.4483373348395787,1.0141236390993247,0.9645301804604853,-0.7282056208344786,0.85,6.91,140.37,58.4,7.28,UNDERVALUED
URI,Industrials (S&P 500),2025-08-26,0.14807338447273688,0.0906890627083413,1.3916895692681661,0.07068099358079821,0.028863751363454662,0.8838509477137041,0.9298565862632393,0.4517059849025516,0.36664826062948647,-0.2344518778569854,53.31,47.42,27.77,37.3,17.01,UNDERVALUED
VLO,Energy (S&P 500),2025-08-26,-0.14188706322488132,0.07688742971283281,1.0015379878942705,-0.10282110440296754,0.10154363322789041,0.9912982824225623,1.1009159025047468,0.2570296314761907,0.6241660489251297,-0.15191379197740265,152.12,14.79,4.05,37.56,137.33,UNDERVALUED
VTR,Real Estate (S&P 500),2025-08-26,0.09203903149361503,0.07,0.3005145751128249,0.09481000492015366,0.03160584206284392,0.9632980063022514,0.5972153892892723,0.25416448486560145,0.05731225296442688,-0.44579445591216665,27.78,0.47,16.85,22.32,40.61,UNDERVALUED
VZ,Communication Services (S&P 500),2025-08-26,-0.0075079964571487245,0.07,0.08734192469979658,0.006075805753355128,0.12249942891707354,2.305623593493429,1.47492782689506,0.4853982283750549,0.8263821532492726,-0.9476880025310448,2.88,5.11,13.84,21.61,19.54,UNDERVALUED
VLTO,Industrials (S&P 500),2025-08-26,0.032629863657968716,0.07,0.6888116178994287,0.03425612427803226,0.015440540356243893,0.44748492225356434,0.3153921689460795,0.07729168571726112,0.0,-0.06320539451574693,19.48,7.65,-3.78,20.94,-6.65,OVERVALUED
VRSK,Industrials (S&P 500),2025-08-26,0.07427411671948247,0.07,0.3414089157932549,0.07469978369508466,0.011546684050011703,0.40396003431024846,0.2746093290172531,0.08301180971113065,0.0,-0.07913658508052158,10.26,-6.57,0.64,21.1,-29.42,OVERVALUED
VTRS,Health Care (S&P 500),2025-08-26,-0.04798869864747335,0.07,0.8435854531535597,-0.04457149524531824,0.20449966293853603,3.4345670251208182,2.3251142347357887,0.7040189303272009,0.9779338014042126,-1.1224660656403356,40.97,-3.8,-7.21,36.7,59.15,UNDERVALUED
VRTX,Health Care (S&P 500),2025-08-26,0.11083618263240091,0.07,0.5132352881114546,0.11661532849673732,0.02181350946596805,1.0915884187316542,0.8216113185246108,0.20179591122238796,0.19019607843137254,0.02840006256122978,3.85,-19.19,-19.55,35.99,39.54,UNDERVALUED
VICI,Real Estate (S&P 500),2025-08-26,0.21657991509571928,0.07,0.3802892859513862,0.06567491364866107,0.0796639775957732,5.790208360181742,4.026021668336162,1.5153186085934183,0.9979695431472081,-0.5160303541344902,-24.37,6.13,7.31,18.77,-15.43,OVERVALUED
VMC,Materials (S&P 500),2025-08-26,0.006981588900686786,0.0702641724071621,0.7624423454267294,-0.04680090980351842,0.021684077739005058,0.49487581004097514,0.33363327269848403,0.09673023773142878,0.0,-0.1380389720416353,27.81,16.9,15.09,25.73,-6.36,OVERVALUED
V,Financials (S&P 500),2025-08-26,0.1071246580803411,0.07542327625586648,0.7733141405782815,0.10023581294214927,0.029794471492971524,1.3103406853182886,1.092275857947014,0.3308891348721027,0.5782101167315176,-0.012894537708669366,46.52,0.5,32.23,22.6,4.98,FAIRLY VALUED
VST,Utilities (S&P 500),2025-08-26,0.12011696025995633,0.11347166933727368,2.0493851845119986,0.16543744502334393,0.0714549994523865,1.3434834999408256,1.4459307094962432,0.5502029253609576,0.806015037593985,-0.24049643023485823,-9.07,32.06,129.09,70.55,-28.42,OVERVALUED
GWW,Industrials (S&P 500),2025-08-26,0.06178948028625042,0.07178410747028705,0.7275767223692988,0.04187401383663066,0.03322446211351915,1.2028001452074661,0.9297829411588484,0.2292032497397683,0.38134810710988,-0.04425884565737826,29.4,0.84,3.88,24.32,29.56,UNDERVALUED
WMT,Consumer Staples (S&P 500),2025-08-26,0.05546900064612115,0.07,0.6419725832404526,0.05070009643201543,0.018381270838161948,0.6272884462241762,0.4490777097097991,0.11119638553436045,0.0,-0.0666714457855545,42.14,0.59,28.12,23.95,8.76,UNDERVALUED
WM,Industrials (S&P 500),2025-08-26,0.058330265348844446,0.07,0.30956080578559064,0.08014295505727993,0.01943741181591737,0.49295891425617305,0.3001275143914467,0.12912572360154495,0.0,-0.2638580604316401,20.48,-0.8,8.8,18.46,1.45,FAIRLY VALUED
WAB,Industrials (S&P 500),2025-08-26,0.11452543519956015,0.08727226980867941,1.1370276490997406,0.07336984602666116,0.0414818312576595,1.1903008877271135,1.1892329848742769,0.40027621485201176,0.6283744974152786,-0.0980300342832253,23.94,7.01,18.02,27.79,50.34,UNDERVALUED
WEC,Utilities (S&P 500),2025-08-26,-0.053392583432657625,0.07,0.12262866648375231,-0.03295850669065557,0.042746767102900755,0.3091891562987271,0.08213581277992445,0.14131160475858953,0.0,-0.6172250891332723,8.98,3.09,19.65,16.87,4.72,FAIRLY VALUED
DIS,Communication Services (S&P 500),2025-08-26,0.05092061011698057,0.07646609506580548,1.0213290875303374,0.027705910144210217,0.03933958017799711,0.9787371789261676,0.8136953226612718,0.23455655958278077,0.25057471264367814,-0.2037777707628708,2.11,5.65,31.05,29.62,-7.46,OVERVALUED
WAT,Health Care (S&P 500),2025-08-26,-0.002285451632792701,0.08273563334485144,1.0064895529963265,0.0006666856085205871,0.03912460778129384,0.6546255600749096,0.6106159172253032,0.1593821925796477,0.005063291139240506,-0.07829500330033541,-11.03,-23.08,-13.52,40.09,36.65,UNDERVALUED
WST,Health Care (S&P 500),2025-08-26,0.0010905411803971976,0.07,0.5962585702449371,-0.019187741541799443,0.028273923511632725,0.7987308537942789,0.5936531678585958,0.1187313413255437,0.0,0.010344803234194599,-6.93,11.48,-19.0,57.82,45.14,UNDERVALUED
WELL,Real Estate (S&P 500),2025-08-26,0.16605420108198388,0.07,0.3288390330766223,0.21230903930409398,0.004705555079178859,0.16882937924125166,0.09282688468462473,0.06689128298919278,0.0,-0.12763221586227924,77.48,11.08,41.51,22.01,45.26,UNDERVALUED
WY,Real Estate (S&P 500),2025-08-26,-0.16362169299572515,0.07,0.7201775193080417,-0.07167057597081053,0.04042718612754991,0.24692032450038237,0.28255100790400245,0.10181626819188165,0.0,-0.24097540505809226,61.02,-10.94,-14.19,27.26,-2.59,FAIRLY VALUED
WMB,Energy (S&P 500),2025-08-26,-0.021293743213775418,0.07,0.6729929971420123,-0.037040432749610344,0.05875363973847685,1.0442764443034742,0.6938503904917291,0.21586910903476572,0.07939698492462312,-0.3981722788691069,57.64,2.16,30.84,26.87,29.45,UNDERVALUED
WYNN,Consumer Discretionary (S&P 500),2025-08-26,0.37743836437978207,0.07357892857842464,1.1336195479215383,0.09125434770327824,0.14982480106455745,24.493128862353707,12.1511306569972,3.6061194792940414,1.0,-0.7656644945729794,-45.67,31.35,55.5,41.59,-15.58,OVERVALUED
YUM,Consumer Discretionary (S&P 500),2025-08-26,0.05039628662679907,0.07,0.42620655440411853,0.06684567552289429,0.03507033677353223,0.9977284180408561,0.6642864347759351,0.21070584848682777,0.06441717791411043,-0.28988173420025565,5.62,-2.47,10.62,22.88,5.6,UNDERVALUED
ZBH,Health Care (S&P 500),2025-08-26,0.05187568464299486,0.07,0.33264169086125434,0.0384625787779611,0.0796047440606665,2.656479189488214,1.8930882092798178,0.46432729548259094,0.9821782178217822,-0.26806524905361157,-30.31,2.98,-5.66,27.77,-7.0,OVERVALUED
XYL,Industrials (S&P 500),2025-08-26,0.24520085610278808,0.07825583421456792,0.8837156951888383,0.16268332428028245,0.019589349864857383,1.3301484419226028,1.1450805964247117,0.4038705258478339,0.5973931933381608,-0.02919838763251273,-22.27,11.9,5.92,25.93,-19.83,OVERVALUED
AAL,Industrials (S&P 400),2025-08-26,0.052141674531342774,0.07,1.689014419663525,0.026956884140334925,0.49425868902579045,14.064478714249933,9.358720039624039,2.9880747403445542,1.0,-4.257432867140553,-16.75,-13.37,26.56,56.08,2.81,FAIRLY VALUED
ACI,Consumer Staples (S&P 400),2025-08-26,0.017497976669215154,0.07,0.11119149697688153,0.014553678362698564,0.09602718109281788,1.5850862101124235,0.8507639378476196,0.4349255273103695,0.3850746268656716,-1.2971501001519794,13.93,-4.91,-4.66,26.32,-35.62,OVERVALUED
ACM,Industrials (S&P 400),2025-08-26,0.10676196458725551,0.07282984783236242,0.8153067298074784,0.12011278536694574,0.038309090741391716,1.6523884637110668,1.281546413764947,0.3798862190050763,0.7519446845289542,-0.0880954962903829,-7.24,28.26,29.15,23.42,-47.4,OVERVALUED
AA,Materials (S&P 400),2025-08-26,-0.02258250874425538,0.09316335076319852,1.6425517916104013,0.12738129087290304,0.09007857458724748,1.1075315000939912,1.1324297248078534,0.3405397109917967,0.5748792270531401,-0.20512931395294426,-63.97,-4.15,-4.63,52.28,59.47,UNDERVALUED
AIT,Industrials (S&P 400),2025-08-26,0.0841994966280466,0.09977772312454147,1.3783118137498929,0.015095198189627705,0.019088878066999646,0.40256335430540513,0.4243984893440583,0.12446838406379526,0.000513347022587269,-0.013421714114998635,70.37,9.34,29.27,36.03,28.33,UNDERVALUED
AMG,Financials (S&P 400),2025-08-26,-0.06401220862428147,0.07962747755229854,1.189321444396095,-0.008212654290990377,0.12051072517347891,1.529860869626117,1.3702479848235345,0.3796239188546477,0.8212100611828688,-0.2494044017311959,62.3,35.33,30.2,29.87,55.83,UNDERVALUED
AM,Energy (S&P 400),2025-08-26,0.08993768126646717,0.07,0.6548988259796088,0.05791038282410874,0.040136919104361256,1.445035567393121,0.9648219418734392,0.3365309960192685,0.44171779141104295,-0.3827918988809413,28.57,11.83,27.07,26.44,31.06,UNDERVALUED
ALSN,Industrials (S&P 400),2025-08-26,0.07920359063176896,0.07899041327691975,1.1372268172284454,0.06260296540362438,0.05633360287456862,1.6968507118233003,1.5021431420237756,0.4739518841932939,0.8600852272727273,-0.21541319582832402,24.13,-11.31,-1.42,32.8,47.36,UNDERVALUED
ALV,Consumer Discretionary (S&P 400),2025-08-26,0.08400807782041642,0.07432813587882615,0.9189279534013534,-0.008114558472553698,0.06442270144024537,2.3838603786679866,1.92077007698937,0.5497906517645647,0.9837000814995925,-0.1823998912353734,-0.37,29.62,26.25,30.88,-0.75,FAIRLY VALUED
AN,Consumer Discretionary (S&P 400),2025-08-26,-0.004077239121193399,0.07,1.0543799332689519,-0.006809183306183184,0.18318006093285294,3.7846918157921925,2.605847725918481,0.7281024919969886,0.995136186770428,-0.9966889057194201,71.6,20.96,22.44,30.97,-9.43,OVERVALUED
AMKR,Information Technology (S&P 400),2025-08-26,-0.056140028520950014,0.1126857893184223,1.9422253594928822,-0.028505481645962328,0.04299982472510152,0.37055877259269665,0.388522921012189,0.09964839766465877,0.0,-0.027917809138699682,1.44,10.98,-24.83,52.13,110.59,UNDERVALUED
ANF,Consumer Discretionary (S&P 400),2025-08-26,0.156835942008414,0.09010971616325798,1.4050476276512933,0.15602905802049535,0.08567296210336506,3.4970060904564395,3.6375390743711047,1.4226856198707307,1.0,-0.03717989486311639,-38.39,-7.05,-43.04,61.17,8.56,UNDERVALUED
APG,Industrials (S&P 400),2025-08-26,0.03447732521454694,0.08117099423263298,1.075107463463419,0.012990762124711317,0.022373575501895254,0.38061436206170224,0.33822242806316655,0.11860081832925452,0.0,-0.16982717569714945,37.91,35.86,51.97,31.14,15.73,UNDERVALUED
ARMK,Consumer Discretionary (S&P 400),2025-08-26,0.12752186088882378,0.07200012676360043,0.9479871292099719,0.08191703249326067,0.09353072763830123,4.138383431960084,3.1999522367498496,1.046482808103672,0.9980676328502416,-0.47526734757062444,8.34,7.9,12.07,30.08,52.17,UNDERVALUED
ARW,Information Technology (S&P 400),2025-08-26,-0.1327312309738331,0.07904679014586431,1.0438154565452233,-0.15657647055980708,0.10996340212340229,0.7909780137311242,0.8952789560232451,0.28985263049086907,0.3359319631467045,-0.4429206105810699,99.18,15.58,-4.63,31.77,62.7,UNDERVALUED
ASH,Materials (S&P 400),2025-08-26,-0.059930504362030956,0.07213851616914321,1.117782371772609,-0.035600182565038795,0.12926302979478124,2.079337647888629,1.5186259713566383,0.4279440512224556,0.8931159420289855,-0.45618596430091696,22.91,-9.19,-35.11,36.65,33.67,UNDERVALUED
ATR,Materials (S&P 400),2025-08-26,0.03848600393103663,0.07,0.7092214712519093,0.027366700597858035,0.0396300326033868,1.2692491272826634,0.928567207002979,0.20507710431122858,0.3898809523809524,-0.09311727903740125,-3.34,-4.17,-6.07,23.96,-3.39,FAIRLY VALUED
ATI,Industrials (S&P 400),2025-08-26,0.06637145071836725,0.10518709571231305,1.6209793783096085,0.04513980401082972,0.02612009800805405,0.3674733264379961,0.3933301223994415,0.14082987581391793,0.0015228426395939086,-0.1085794305501767,44.33,34.81,13.86,47.88,173.56,UNDERVALUED
AVAV,Industrials (S&P 400),2025-08-26,0.23214151080576073,0.09180921243591965,1.1144066676715652,0.14497572273691262,0.0024474985902680903,0.11243359992922963,0.1134247292569587,0.04327121370035699,0.0,-0.0033706027624821754,93.83,60.04,32.47,58.47,-35.02,OVERVALUED
AVNT,Materials (S&P 400),2025-08-26,-0.02330732472166086,0.08332907896910162,1.466073302725368,0.03105511009291078,0.07770959505718811,0.8871171167371281,0.809120472664581,0.2968114798909761,0.2680931403398364,-0.4874356396405002,-22.2,-11.9,-21.52,39.01,21.45,UNDERVALUED
AVTR,Health Care (S&P 400),2025-08-26,-0.04974368647620542,0.07571037207482659,1.1065888660092915,-0.026352049603858077,0.14257883061336943,2.2442418664233053,1.848711382019894,0.47889628162578357,0.9755520504731862,-0.41900063896431067,-49.23,-22.76,-48.17,45.59,7.14,UNDERVALUED
AXTA,Materials (S&P 400),2025-08-26,0.039356570317463424,0.0747904137481975,1.1162451793561292,0.017746913580246913,0.09528781918230299,2.4221625596223744,1.9551562942298297,0.522589550572021,0.9793559042113955,-0.41629671484771463,-19.68,-14.26,-11.76,31.61,12.88,UNDERVALUED
AVT,Information Technology (S&P 400),2025-08-26,-0.011451060683247527,0.07911237487870124,1.119974980789815,-0.10475051683730277,0.03585394894736679,0.15172774201128789,0.06787745482924668,0.1479366146587725,0.0,-0.5907493714539194,35.51,7.58,1.68,31.52,62.3,UNDERVALUED
BAH,Industrials (S&P 400),2025-08-26,0.1374868036748378,0.07,0.37576682532295835,0.12361658225473644,0.03601397021387927,2.0360879136377883,1.4794543103160753,0.5589264805643689,0.791746641074856,-0.24928945387012405,-49.24,-1.82,-27.51,37.52,-28.7,OVERVALUED
AYI,Industrials (S&P 400),2025-08-26,-0.020822871728005343,0.09080711256470518,1.153570324096497,-0.028136227923688074,0.02026838654116368,0.3268655571569104,0.33207413879630077,0.07510237860357742,0.0,0.026554584846087723,62.53,7.6,33.11,32.14,2.84,FAIRLY VALUED
BBWI,Consumer Discretionary (S&P 400),2025-08-26,-0.01687519025589046,0.08141956113651509,1.4316884214174133,-0.01642212949252928,0.18156811321104208,2.6910671227120506,2.432466833950962,0.7152606601815304,0.9973958333333334,-0.653532062432982,-22.07,-22.58,-9.63,52.74,-35.3,OVERVALUED
BC,Consumer Discretionary (S&P 400),2025-08-26,-0.1231975829786589,0.07978814430818364,1.481461231271693,-0.18188208829318586,0.10642119785959599,0.6933929071500818,0.7614728409859505,0.28462259052415506,0.20951068228807718,-0.5401519991878608,48.55,4.55,-17.94,43.58,28.83,UNDERVALUED
BCO,Industrials (S&P 400),2025-08-26,0.051207892518369214,0.07,0.8713174757044156,0.028166413654453697,0.07929861813204452,2.350821018896088,1.5996388443700207,0.4888526416192382,0.8905180840664711,-0.6009100716196922,9.3,16.81,3.49,30.98,2.04,FAIRLY VALUED
BJ,Consumer Staples (S&P 400),2025-08-26,0.03025997345230702,0.07,0.040774978608618014,0.026697546343678345,0.01569337890033398,0.2887885635097502,0.1553298281512995,0.07905066579813579,0.0,-0.2224575615705934,21.98,-4.16,16.17,31.12,-5.04,OVERVALUED
BDC,Information Technology (S&P 400),2025-08-26,-0.028313119725355884,0.09236228644261632,1.471506659583914,-0.020343666851904633,0.06336748521146238,0.709500859034877,0.7282894533360702,0.21880325448053722,0.12823275862068967,-0.16685788913743294,83.24,20.51,23.49,36.15,-5.64,OVERVALUED
BMRN,Health Care (S&P 400),2025-08-26,0.16686560206537848,0.0722873917965657,0.7390982729576702,0.17968102194668872,0.018413459916198686,1.1098215971116585,0.8831976863437727,0.26477816351628897,0.29443447037701975,0.031035912252989947,-75.6,-16.51,-36.18,34.47,17.81,UNDERVALUED
BRKR,Health Care (S&P 400),2025-08-26,0.1533537354070338,0.07,1.1369854593719837,0.1355709225839096,0.06230798989768967,3.301912353748285,2.365638975322011,0.8422833222035733,0.976721629485936,-0.4010947607442761,5.79,-32.39,-46.73,49.86,76.8,UNDERVALUED
BSY,Information Technology (S&P 400),2025-08-26,0.10955566964838215,0.07309301375786678,0.7935243799801225,0.10149843741477825,0.023779452333018734,1.003058605442882,0.7840104513326298,0.2472467686744486,0.19861231569817867,-0.08445071889814129,-5.2,20.93,7.71,26.75,-31.88,OVERVALUED
CACI,Industrials (S&P 400),2025-08-26,0.14282423425367008,0.07,0.4179802563154953,0.14282423425367016,0.045906979143461854,2.4329596054258675,1.7556409375977915,0.5620454912065878,0.9237199582027168,-0.165667184172783,15.62,45.93,1.71,34.99,33.78,UNDERVALUED
BURL,Consumer Discretionary (S&P 400),2025-08-26,0.1054536094964591,0.07498882387174352,1.1675640890219232,0.09327772584579315,0.013857426984194454,0.36923182686929623,0.2630677849260965,0.14900673775019738,0.0,-0.2478453693111709,-16.01,11.97,1.29,38.5,19.42,UNDERVALUED
BYD,Consumer Discretionary (S&P 400),2025-08-26,0.05139078150797971,0.07,1.0117270108802179,0.05127789493731697,0.0813034136737365,2.542382439492413,1.7549752881596918,0.505597174963665,0.9412360688956434,-0.48747820995600855,20.38,14.9,46.09,28.51,-5.91,OVERVALUED
BWA,Consumer Discretionary (S&P 400),2025-08-26,0.055859711754460584,0.07,0.9425384003333689,-0.00788843499084378,0.01361930331859936,0.2708833563731397,0.14115206104475403,0.08088946391967473,0.0,-0.23926225856684422,34.11,45.93,29.89,30.78,50.75,UNDERVALUED
BWXT,Industrials (S&P 400),2025-08-26,0.10039178039252539,0.08468260387463929,1.0362943550344843,0.0830606307151879,0.012323802242712883,0.34804567432824174,0.3352525443289899,0.1231911224514249,0.0,-0.06481218609164438,106.58,57.14,64.47,39.4,-5.51,OVERVALUED
CCK,Materials (S&P 400),2025-08-26,-0.045135099456775074,0.07,0.6277815359475801,-0.017402164862614488,0.04562605662107374,0.5103451210359095,0.25719981010434784,0.15010192060922348,0.0,-0.4661871150124609,11.75,15.39,13.78,23.07,17.67,UNDERVALUED
CBT,Materials (S&P 400),2025-08-26,-0.03858277872577742,0.0741242365573827,0.884339408349287,0.01602645637242432,0.0798653637286455,1.2392337051123,0.9696247570757739,0.25408813473004294,0.43521594684385384,-0.23244259820484917,-9.98,-4.81,-20.25,30.98,6.66,UNDERVALUED
CDP,Real Estate (S&P 400),2025-08-26,0.009586272305152521,0.07,0.4485167084809295,0.09968875094528032,0.1122503028172035,2.5710228463984213,1.7074352762614613,0.49792705579095475,0.9034146341463415,-0.7770539624271313,-38.01,7.64,2.28,19.99,35.3,UNDERVALUED
CHE,Health Care (S&P 400),2025-08-26,0.06714378037087898,0.07,0.31698717480563726,0.07369225721234207,0.034497304993237506,1.42556913834605,1.0612328225573333,0.25207360711346655,0.5611510791366906,0.005804529672226947,-31.25,-18.05,-21.72,30.27,20.5,UNDERVALUED
CHDN,Consumer Discretionary (S&P 400),2025-08-26,0.22915821844003048,0.07,0.7299586045114335,0.11073648291830848,0.027909078754198537,2.412013355237021,1.6067528124387411,0.8894975912392012,0.7090539165818922,-0.6236007953967146,-19.35,-9.48,-24.67,29.98,-9.97,OVERVALUED
CELH,Consumer Staples (S&P 400),2025-08-26,0.44016825889381805,0.07731191818194753,0.7830055533572313,0.028539909287761737,0.0016654286970116117,0.32813560681654796,0.18588520679351148,0.03197256803867072,0.0,0.06213954113617558,-4.28,118.93,50.66,64.65,-45.38,OVERVALUED
CHH,Consumer Discretionary (S&P 400),2025-08-26,0.06322815215610711,0.07,0.8248443455565608,0.02634044936907649,0.05768791923962706,1.9385629170675334,1.35772972299532,0.3927952149898214,0.8050251256281407,-0.3339639751114302,-2.59,-18.14,-5.22,27.03,-7.44,OVERVALUED
CHRD,Energy (S&P 400),2025-08-26,0.19996556743589444,0.09118338206848127,1.2620920027770313,0.3475919388006234,0.16936040730595872,6.904223002971814,7.034981310497318,2.6695945708997324,1.0,-0.16503614665331431,11.46,-2.72,-25.68,40.28,46.46,UNDERVALUED
CLH,Industrials (S&P 400),2025-08-26,0.06770984643794864,0.07347861074920171,0.8893870718111786,0.08888639106462529,0.02076220038460016,0.5711288692835456,0.4241877063502033,0.14416605345001307,0.0,-0.17894622557349638,43.29,14.39,-0.24,27.58,31.77,UNDERVALUED
CHWY,Consumer Discretionary (S&P 400),2025-08-26,0.0826731018908069,0.08245515364510843,0.9465174488710658,0.06401320451752379,0.007989682513825909,0.2510324352571375,0.23374465903763736,0.0617879849210526,0.0,0.0055417601535571945,9.05,13.76,52.62,44.2,-41.4,OVERVALUED
CNM,Industrials (S&P 400),2025-08-26,0.057723560746261615,0.08075358721251516,1.062400268428924,0.11026559236048941,0.07212360402535789,1.8214594976305287,1.6643207384680052,0.4653689615245282,0.9393539881344759,-0.20261925438427655,92.39,27.96,22.85,39.25,-31.55,OVERVALUED
CMC,Materials (S&P 400),2025-08-26,-0.05701975329846676,0.0912971841740587,1.3546003986932642,-0.0992735637220748,0.031242865092511125,0.34799451127179987,0.35190165300969495,0.10136113308460713,0.0,-0.051095133828319574,76.04,16.22,7.69,39.37,14.74,UNDERVALUED
CROX,Consumer Discretionary (S&P 400),2025-08-26,0.07419878997255935,0.08489922107251184,1.161618519407813,0.03527227675920357,0.23109194842311417,6.270496851349871,6.070355155780158,1.7462229301441912,1.0,-0.3149293139712452,-31.61,-18.55,-40.93,60.34,44.02,UNDERVALUED
CRS,Industrials (S&P 400),2025-08-26,0.2259115016858646,0.11257613468435006,1.6306541779642205,0.08210798729561228,0.006434650052424652,0.16301852289336174,0.1764728660094553,0.08208775913519865,0.0,-0.041925066538847276,111.68,21.7,68.03,46.97,102.55,UNDERVALUED
CSL,Industrials (S&P 400),2025-08-26,-0.04177621164558709,0.079141276647091,0.9505464210237154,0.09084566918834071,0.04365374211496513,0.6269471847882191,0.5546553944785071,0.13773038388347433,0.0,-0.06583486051651788,15.29,16.74,-6.07,34.33,-7.83,OVERVALUED
CRUS,Information Technology (S&P 400),2025-08-26,-0.0004058544404240694,0.1012487246122378,1.3695833826805122,0.059918161541514574,0.036486096928249265,0.5679501718132418,0.5864660850727003,0.1329562726221632,0.009197751660705161,0.06486003123313781,-19.79,6.28,-19.23,40.46,0.15,FAIRLY VALUED
CVLT,Information Technology (S&P 400),2025-08-26,0.12648445674708575,0.11257207407975639,1.5752823007528922,0.1863241691659309,0.014151260481564131,0.3473601806084222,0.36578677363798634,0.10123363864139855,0.0,0.03715367510060195,88.27,3.39,16.42,51.81,-25.92,OVERVALUED
DAR,Consumer Staples (S&P 400),2025-08-26,-0.06462685502003995,0.07,0.8966508002885393,-0.15805721205407125,0.13407863751072166,1.9770003255988275,1.3043966325947696,0.4277136078745577,0.7383660806618407,-0.7646985242244264,7.05,-6.44,-14.53,43.85,97.15,UNDERVALUED
CXT,Information Technology (S&P 400),2025-08-26,0.05339216220341991,0.0872981047215596,1.185385046409196,0.06864083950262345,0.062817746682177,1.2979933340499954,1.263911965141545,0.37426311771359466,0.723638470451912,-0.18450031143765436,40.19,9.4,7.23,33.58,-19.47,OVERVALUED
DCI,Industrials (S&P 400),2025-08-26,0.04143573923677901,0.07876375973533585,0.8874095352707195,0.04532470560802145,0.05340391954341152,1.4117044671566215,1.2421152649944522,0.30382705859657533,0.7533568904593639,-0.033902245143419184,6.84,10.15,2.74,22.77,23.82,UNDERVALUED
DINO,Energy (S&P 400),2025-08-26,-0.135089817151681,0.07819329504393314,1.0708544856816,-0.10586910274058316,0.1688250715214042,1.652345313295937,1.8137860073531695,0.43765016661778927,0.9876900796524257,-0.25656889689401235,207.1,48.22,5.62,39.49,95.04,UNDERVALUED
DLB,Information Technology (S&P 400),2025-08-26,0.007915755769470012,0.07854998167718916,0.81949432089432,-0.02002163502966738,0.058732893384586204,1.4203821137010622,1.2635696083973689,0.27021684566592474,0.814002828854314,0.06389446154552675,4.9,-9.69,3.78,28.67,-10.07,OVERVALUED
DOCN,Information Technology (S&P 400),2025-08-26,0.1638200825855456,0.08510643987876115,2.041020467568923,0.12661715380929564,0.10157511170667213,4.000247261887179,3.8934229927267006,1.5895547943259125,0.9976133651551312,-0.44617667992920135,-58.05,-29.95,-19.0,64.34,271.51,UNDERVALUED
DOCU,Information Technology (S&P 400),2025-08-26,0.08773323045938519,0.10119090025459337,1.332538715596092,0.07779369285146867,0.008513343433889497,0.2265114512027177,0.2394235661690677,0.06331502020172117,0.0,0.035709189958229394,-98.26,-11.89,26.22,53.77,-14.1,OVERVALUED
DKS,Consumer Discretionary (S&P 400),2025-08-26,0.04253932469812671,0.08736274559038537,1.4316869199243945,0.035307756639333096,0.05182748035139858,0.9983451071266726,0.9832113601928181,0.2929615743085256,0.41963763880771476,-0.1573294979067396,49.78,1.21,-3.01,43.17,-19.09,OVERVALUED
DY,Industrials (S&P 400),2025-08-26,0.11113581313834131,0.08329978681078995,1.0481760367053137,0.12607607960007414,0.025066175609123997,0.746070878399536,0.7134299645745737,0.25786216684698127,0.14195979899497488,-0.1294234935965214,69.86,58.58,42.59,42.19,55.83,UNDERVALUED
EEFT,Financials (S&P 400),2025-08-26,0.08989206510928693,0.07,1.128814267700134,0.08183297180043383,0.1583641066713101,7.171114286913045,5.286104366880829,1.3357225726207642,1.0,-0.038983727753722906,-27.69,-5.0,-10.39,32.99,-26.77,OVERVALUED
EHC,Health Care (S&P 400),2025-08-26,0.11158268263825488,0.07,0.5435893532884722,0.11913688244605515,0.02892163609077155,1.263571793359528,0.8786261760268408,0.3034408034853561,0.33858267716535434,-0.21542203032659607,28.42,23.28,34.19,26.58,-0.13,FAIRLY VALUED
ENSG,Health Care (S&P 400),2025-08-26,0.18667894927274764,0.07,0.4565710759614583,0.14241872924406498,0.014209186330386873,0.9207281529308429,0.6385470340274699,0.2779428029106275,0.10414560161779575,-0.15424003186697263,18.76,28.57,15.48,26.98,5.53,UNDERVALUED
ELAN,Health Care (S&P 400),2025-08-26,0.0031688626279577914,0.07725492169802321,1.2629164790823133,0.00498075616934571,0.09515509315827217,1.7853312026972188,1.4970226362935806,0.42738301641459175,0.861764705882353,-0.43533868475997284,-30.84,60.83,22.86,51.88,31.62,UNDERVALUED
ELS,Real Estate (S&P 400),2025-08-26,0.02099737137039237,0.07,0.19575284956385147,0.020668301672890514,0.03718377720740874,0.8681842647073076,0.5720835223364982,0.17706618331214732,0.0009813542688910696,-0.29147474261166495,-17.19,-10.73,-13.45,20.44,14.6,UNDERVALUED
ENS,Industrials (S&P 400),2025-08-26,-0.012345050277668412,0.07951986575409932,1.0677097962622166,0.009969091572532902,0.07869794778677815,1.3388809425309092,1.1725563947565085,0.3120626846299346,0.6671261199172984,-0.216555589567283,-21.45,-0.7,4.41,34.17,87.66,UNDERVALUED
ELF,Consumer Staples (S&P 400),2025-08-26,0.5063888102175222,0.10708903248757631,1.5231832849960216,0.2828166323544923,0.01188919184834882,1.2214206184102012,0.5504536737261119,0.16087561177045226,0.016129032258064516,-0.02563114903944109,-43.14,60.31,-32.71,68.91,-14.41,OVERVALUED
ENTG,Information Technology (S&P 400),2025-08-26,-0.006240156773197558,0.11949198599718203,2.2334441631659825,-0.08022361588013281,0.04001579719451724,0.13810554286840712,0.15396690470176602,0.09477179995867394,0.0,-0.2887743378948673,-21.78,-17.09,-26.07,57.02,69.49,UNDERVALUED
ESAB,Industrials (S&P 400),2025-08-26,0.02801028308360709,0.08801156898715917,1.1966423131122226,-0.012239951044520511,0.04223819713952654,0.7356814488906128,0.7288465045448784,0.21286281045194536,0.13053613053613053,-0.12900794685100025,39.16,-5.44,13.66,39.81,-32.87,OVERVALUED
EXP,Materials (S&P 400),2025-08-26,0.025838301935189323,0.08328608200844183,1.1223447902143748,0.0005360074394822814,0.058327116945275266,1.123272680483676,1.0444508801152068,0.2937989535689866,0.5083798882681564,-0.161296908081325,9.19,4.1,-10.4,33.61,-14.04,OVERVALUED
FBIN,Industrials (S&P 400),2025-08-26,-0.012142318414039566,0.0779143923075706,1.1768937804739106,-0.0037179542605161905,0.09795566965646813,1.6855857184334715,1.4381063493142416,0.3948926093568519,0.8463172804532578,-0.33217357066751285,-10.72,-8.29,-25.29,37.99,-23.47,OVERVALUED
EXLS,Industrials (S&P 400),2025-08-26,0.14101823078265374,0.07877734311691248,0.8673140375203544,0.1273735671516213,0.021131986125219385,0.9361686438924283,0.848997821577176,0.28375161080514644,0.26523545706371193,-0.02999036865761062,8.73,-10.38,20.15,27.74,-14.98,OVERVALUED
FCFS,Financials (S&P 400),2025-08-26,0.11431374986230014,0.07,0.3571860969408095,0.07510574922996285,0.1068219505847081,5.00550921561624,3.648506719964265,1.010140215049593,1.0,-0.287029658756154,25.8,33.01,25.84,26.33,41.07,UNDERVALUED
FHI,Financials (S&P 400),2025-08-26,0.06246892860977926,0.07067105281393746,0.7549908910850852,0.013990658397812092,0.056910016202568595,2.1931693495236146,1.66183344437628,0.36396582722831006,0.9817833173537871,0.00988396182357287,42.76,43.62,62.85,21.92,20.12,UNDERVALUED
FCN,Industrials (S&P 400),2025-08-26,0.10504177005508408,0.07,0.3597342666209314,0.060015900301555465,0.034827950924376384,1.721848492221296,1.2963871838000316,0.30843920526059293,0.8217131474103586,0.07018678933729029,-16.2,1.16,-25.81,26.84,-7.52,OVERVALUED
FLR,Industrials (S&P 400),2025-08-26,0.08952441269908573,0.10119339798169073,1.589437623793457,0.05434923096807548,0.02014144947157361,0.702224104375272,0.7423030586553296,0.15404587660058291,0.06771894093686355,0.24615558894664774,6.68,9.81,-16.55,54.86,25.96,UNDERVALUED
FN,Information Technology (S&P 400),2025-08-26,0.08987096430300956,0.12576369751383953,1.8698756841231627,0.08987096430300952,0.00025768364849218994,0.037855037387454785,0.03803788471878504,0.001048081540417707,0.0,0.033884726936372817,118.27,53.57,23.68,62.14,34.54,UNDERVALUED
FLS,Industrials (S&P 400),2025-08-26,0.12283659618439247,0.09686292629228342,1.547691346928881,0.05490678675556529,0.03306414718313048,0.7357961294777097,0.773685305033536,0.2928767514927095,0.19172341540073337,-0.14393205738465537,-10.59,-0.69,12.37,38.48,45.61,UNDERVALUED
FOUR,Financials (S&P 400),2025-08-26,0.29261235854772205,0.07604485179863303,1.3449910293121239,0.298635477582846,0.020401083131861588,2.32088803252637,1.5934762726547829,0.6559747224778866,0.8044822256568779,-0.26934839786222714,37.0,-7.24,10.28,49.72,-46.51,OVERVALUED
G,Industrials (S&P 400),2025-08-26,0.04431125773000044,0.07,0.6682765768523256,0.06483320556600924,0.04611489749205118,1.5345781618400032,1.115497065841682,0.24796435090902258,0.6542239685658153,-0.10265164833463067,-14.46,-14.08,17.02,30.67,-16.91,OVERVALUED
GEF,Materials (S&P 400),2025-08-26,-0.07798912312805617,0.07,0.8697295534194592,0.04301487318276531,0.0936048425152352,1.0292456361416442,0.6138280578981595,0.28605241206065657,0.09072781655034895,-0.7561614042346135,46.24,11.92,7.72,32.38,34.86,UNDERVALUED
GAP,Consumer Discretionary (S&P 400),2025-08-26,-0.01711625772949521,0.07,1.4497925176123643,0.013231244542951172,0.07618801037220671,1.425389832426976,0.9688897410414331,0.2775356403734393,0.46138415245737213,-0.40102013490198535,-53.98,-5.78,-9.65,57.04,-6.14,OVERVALUED
GLPI,Real Estate (S&P 400),2025-08-26,0.08056338322756518,0.07,0.36533296372726276,0.06328416153380469,0.05418841595763846,1.7266631061374527,1.1441250992940446,0.4294501100353368,0.5982658959537572,-0.6192023237248283,4.6,-0.99,0.09,17.61,-2.0,FAIRLY VALUED
GGG,Industrials (S&P 400),2025-08-26,-0.00707064761966103,0.0781551409308292,0.8003668257642906,-0.037479402042078586,0.018940706253727204,0.44210505199017197,0.3946974753394601,0.07634080410747456,0.0,0.043269973104609255,12.97,1.69,6.75,21.87,-4.43,FAIRLY VALUED
GHC,Consumer Discretionary (S&P 400),2025-08-26,0.10488468781595728,0.07737188375967778,0.8969443539099405,0.08517270130062514,0.15655418104428442,5.969430532268489,5.183871682281649,1.5297573612342112,1.0,-0.19352861880847116,-47.16,12.57,39.21,29.57,6.36,UNDERVALUED
GPK,Materials (S&P 400),2025-08-26,-0.03410926329411501,0.07,0.563106348582035,-0.06586762834111158,0.07565479475669834,0.942111255398348,0.5162865515927638,0.261896883637674,0.02716297786720322,-0.7835649748212296,-7.08,-16.33,-23.31,29.2,-46.26,OVERVALUED
GXO,Industrials (S&P 400),2025-08-26,0.1410577007873821,0.07,1.154300287842337,0.19748414808754347,0.060076408784236895,2.6245625730750617,1.8117323625632162,0.7198173259421105,0.8861538461538462,-0.7483867074143454,18.53,30.64,6.48,45.37,-14.81,OVERVALUED
HALO,Health Care (S&P 400),2025-08-26,0.24020134024848727,0.07,0.6618786213380381,0.22438387319672043,0.031692408143259895,2.983920319027771,2.1171709128792067,0.7851660590062519,0.9395441030723488,-0.15477479663726668,-27.63,25.92,16.28,49.57,45.51,UNDERVALUED
HAE,Health Care (S&P 400),2025-08-26,0.07908806767227561,0.07,0.7726738202852217,0.03954684868091868,0.10210558170491234,4.040309537475838,2.8739411966670154,0.7570761664437577,1.0,-0.3447380334562883,-43.56,-14.94,-27.57,44.09,95.94,UNDERVALUED
HL,Materials (S&P 400),2025-08-26,0.13733449044291368,0.07761645408180931,0.8728589639181737,0.291155427386088,0.010981024684747839,0.3758695271168577,0.3180630975467662,0.12652035210961565,0.0,-0.10372740289104383,-32.69,53.28,30.12,57.92,160.44,UNDERVALUED
H,Consumer Discretionary (S&P 400),2025-08-26,0.062309325657096126,0.08758207933676458,1.3502519880238815,-0.002849857507124644,0.1002700360423094,2.2836570142767636,2.2670725048969436,0.6785840499216654,0.9964601769911504,-0.22355099271593684,-47.21,2.06,-3.88,36.23,26.52,UNDERVALUED
HOG,Consumer Discretionary (S&P 400),2025-08-26,-0.0506589383253051,0.07,1.170060045321152,-0.11131302131182538,0.10990747114956255,0.8428709089685186,0.25020000861116415,0.3671568399198032,0.018769551616266946,-1.5728584976685467,26.95,10.61,-22.84,43.36,-0.66,FAIRLY VALUED
HLNE,Financials (S&P 400),2025-08-26,0.16120012495657554,0.10861695632316246,1.5843273112112919,0.28730396033525807,0.031385881503062,0.927235919152964,1.0097958601997536,0.40610175195274617,0.41809045226130653,-0.013841312240170437,31.85,1.12,3.3,41.59,-31.19,OVERVALUED
HRB,Consumer Discretionary (S&P 400),2025-08-26,0.03979108256040509,0.07,0.2665347095990565,0.03979108256040505,0.10402181312058846,3.4668583965808426,2.5501945808926845,0.5440413343687746,1.0,-0.13506139624850447,40.13,-5.15,-18.5,26.2,9.98,UNDERVALUED
HXL,Industrials (S&P 400),2025-08-26,0.09826509570662711,0.08622475068167097,1.1224829557907057,0.06372275013974288,0.03297534961656252,0.860378554120811,0.8248745818601806,0.26201700395445726,0.23622508792497068,-0.11266150883294793,-11.83,2.39,0.51,31.28,49.28,UNDERVALUED
IDCC,Information Technology (S&P 400),2025-08-26,0.37738028854808725,0.08169008659300672,0.9150334675455275,0.5803037912035925,0.13381841401956268,22.653675818691,12.995784121667285,3.997629854413153,1.0,0.0058628312949552935,77.76,28.06,99.79,36.28,29.31,UNDERVALUED
ITT,Industrials (S&P 400),2025-08-26,0.10236823147994234,0.09678306197449629,1.2917762765254155,0.10590922936338715,0.04361378108005912,1.0760129761049566,1.1163900449848685,0.35662822395677374,0.5736759307813319,-0.02277044736472132,35.4,21.4,25.66,30.2,21.78,UNDERVALUED
KBR,Industrials (S&P 400),2025-08-26,0.08378441834522499,0.07,0.8927696027888726,0.10839562967222542,0.07250349308431199,2.9174653924651173,2.0835034769908636,0.6430474877222261,0.9765625,-0.3934002627790386,-80.38,7.6,-23.01,32.85,-24.75,OVERVALUED
KD,Information Technology (S&P 400),2025-08-26,-0.05959937157208928,0.0743497762817442,1.447975813841308,-0.06198604535260404,0.07491686779517386,0.9961941062460427,0.7945023208521595,0.2395111031041792,0.21959183673469387,-0.3008044465043157,-27.27,-18.72,30.62,47.44,-60.63,OVERVALUED
KEX,Industrials (S&P 400),2025-08-26,0.0829450671501426,0.08426364905756216,1.157749878628199,0.05635714378129407,0.0646749501348087,1.6838272388520592,1.5738143826618263,0.4678743622266876,0.9138461538461539,-0.17495345190528236,-10.2,-3.76,-17.44,37.05,41.67,UNDERVALUED
KNX,Industrials (S&P 400),2025-08-26,-0.0012462363185573588,0.073302300110962,1.138165238343341,0.0375694191044624,0.07030576582230254,1.3617652049714986,1.0047407195016687,0.3076211156664783,0.48947368421052634,-0.43074894722534235,13.2,-10.1,-16.79,35.81,58.23,UNDERVALUED
KRG,Real Estate (S&P 400),2025-08-26,0.02188226465175025,0.07,0.7508670269560554,0.019647114113243935,0.026212069643708744,0.16442853714617642,-0.04762517038533817,0.12424701957728618,0.0,-0.6666487049404433,20.44,3.05,-9.22,24.49,24.14,UNDERVALUED
LAD,Consumer Discretionary (S&P 400),2025-08-26,0.13305997950803294,0.07,1.1077982673216744,0.16577057756673957,0.177925130537969,8.07231845332844,5.726998285642745,2.0498199808362125,0.9990059642147118,-1.5523603863726276,31.49,-3.61,11.98,37.79,12.86,UNDERVALUED
LAMR,Real Estate (S&P 400),2025-08-26,0.04216021159910466,0.07,0.9074103037584355,0.045531308340600866,0.06766513640473991,2.009082228144077,1.417121726685815,0.373958363635906,0.851593625498008,-0.3691080945487772,18.96,5.02,7.9,27.21,26.59,UNDERVALUED
LEA,Consumer Discretionary (S&P 400),2025-08-26,0.056207043762034115,0.07,0.9515203816283491,-0.00685646591582186,0.10406069089542455,3.5792859177195417,2.588459862035321,0.6260798140551262,1.0,-0.32515782529230963,-17.29,14.76,-3.1,35.25,17.36,UNDERVALUED
LECO,Industrials (S&P 400),2025-08-26,0.03237220699997345,0.08785927793536387,1.145726609616926,-0.04365025970766546,0.03429534665132083,0.6469372827979032,0.6418441031124438,0.17740416834528216,0.03189066059225513,-0.06465494102015365,41.99,19.44,26.31,32.92,13.86,UNDERVALUED
LFUS,Information Technology (S&P 400),2025-08-26,-0.06647822094770106,0.09963659093442181,1.5148923166237884,-0.07275241391365737,0.004013816724123651,0.010719913893475734,0.012663498174143207,0.011650839184774246,0.0,-0.03184519131139034,95.52,9.98,-2.73,41.21,58.35,UNDERVALUED
LIVN,Health Care (S&P 400),2025-08-26,0.10755995113844685,0.07983488777643813,0.9153042720038969,0.08659566813605017,0.008841011232044178,0.23668918138542028,0.20981843461584038,0.08181260052211231,0.0,-0.08060745536266327,-95.67,36.53,21.44,43.78,38.2,UNDERVALUED
LOPE,Consumer Discretionary (S&P 400),2025-08-26,0.06467845658203952,0.07602492410969293,0.7830394824033007,0.07503702262152422,0.022257387268975845,0.7858908501180069,0.6783308062883249,0.16271727245234602,0.03179409538228615,0.03673025562463795,39.29,13.65,43.28,31.16,-28.26,OVERVALUED
LPX,Industrials (S&P 400),2025-08-26,-0.12644217745442543,0.08518024796649325,1.0369246814944901,0.13948082138705928,0.036681958883196315,0.292957085925534,0.3486614987541645,0.08197604784698616,0.0,-0.005942693232216193,19.52,-1.84,1.26,36.62,-23.04,OVERVALUED
LSCC,Information Technology (S&P 400),2025-08-26,-0.1217041463495897,0.13948672479704133,2.181912178537253,-0.30896257769746893,0.008496859965959381,0.05782411236255433,0.06510364128763015,0.008234349913099452,0.0,0.013372687774255432,119.78,2.1,37.57,59.91,78.85,UNDERVALUED
LSTR,Industrials (S&P 400),2025-08-26,-0.1949860594346221,0.07551931025745026,0.789562242932672,-0.09127807061309873,0.03849752072963863,0.3684755544992225,0.5146795965515388,0.08637325321921405,0.0,0.07694893085043737,20.61,-15.18,-28.17,28.57,40.96,UNDERVALUED
MAT,Consumer Discretionary (S&P 400),2025-08-26,-0.005085994917443548,0.07148082168468778,1.0348288389043092,-0.011334408705108176,0.07141302958593629,1.6217714841974682,1.2088911560226785,0.28835822259241156,0.7378731343283582,-0.2125127190194135,-21.06,-12.8,-5.22,42.06,-20.56,OVERVALUED
MMS,Industrials (S&P 400),2025-08-26,0.07041811543269372,0.07,0.444593848678812,0.08185346873465767,0.04698736504806793,1.711158002343155,1.206455873535326,0.33211998348339344,0.7204843592330978,-0.21391083029715913,-19.1,30.48,-4.32,29.36,-31.83,OVERVALUED
MIDD,Industrials (S&P 400),2025-08-26,-0.11617647752117544,0.07807127546128176,1.2346802556096523,-0.028330798959930167,0.05170404415118661,0.34558165384021794,0.34139366636985363,0.14288143433491143,0.0,-0.3014345999264681,-7.63,-17.6,-4.08,42.77,2.64,FAIRLY VALUED
MKSI,Information Technology (S&P 400),2025-08-26,0.005482574298215637,0.11472548236524437,2.4902170454810864,-0.009939260077305357,0.08007859794052388,0.3920454962782011,0.44325671911795755,0.23376141427781,0.033066132264529056,-0.5636908032183708,26.0,10.09,-11.5,60.92,165.41,UNDERVALUED
MLI,Industrials (S&P 400),2025-08-26,-0.027198687127162002,0.09642461693460777,1.2153610111755095,0.10186720930198562,0.03288136604869143,0.5190663393472211,0.533095447379092,0.10911627113169173,0.0,0.09289949878714161,197.01,21.19,37.24,35.95,30.5,UNDERVALUED
MORN,Financials (S&P 400),2025-08-26,0.10283306912691215,0.08010368863745516,0.9367152763378708,0.11601098793289512,0.03739792386002244,1.3179258395112146,1.1915614830431864,0.34684758754452943,0.6751849361129791,-0.036335756760029946,-48.74,-18.4,-16.58,24.64,-15.58,OVERVALUED
MOG-A,Industrials (S&P 400),2025-08-26,0.09032425147634426,0.09464999461586249,1.3116534237527793,0.0882850500122128,0.011921689559935137,0.15759732060271336,0.16769169522888566,0.08744478472901689,0.0,-0.1280556447615768,59.16,17.72,3.41,35.46,92.34,UNDERVALUED
MSM,Industrials (S&P 400),2025-08-26,0.017328429985369542,0.07888043595164974,0.9498763892541144,-0.04697374741911395,0.07870400259600228,1.751216601622296,1.5598880249183313,0.37494366106052374,0.9473324213406292,-0.10970430377604248,30.85,19.08,14.14,29.86,34.02,UNDERVALUED
MSA,Industrials (S&P 400),2025-08-26,0.08782999403903236,0.0750567281095823,0.7977546444835917,0.011463672637830623,0.05115049836668692,1.9055308229980166,1.5634550476378617,0.4292442289788755,0.916083916083916,-0.0589989380826004,-27.56,5.92,-2.62,23.15,12.08,UNDERVALUED
MTDR,Energy (S&P 400),2025-08-26,0.04321475324888602,0.08263124220975294,1.4309488212824684,0.23471467596245202,0.12329748635985303,2.4847713909484592,2.2908339284058723,0.70116460402652,0.9890534449452673,-0.5753413544696412,1.69,-4.7,-12.88,46.09,23.81,UNDERVALUED
MTN,Consumer Discretionary (S&P 400),2025-08-26,0.06875504136101895,0.07,0.8302316702953112,-0.0014442624743715225,0.1479084664893333,5.662791462517272,4.040938824221827,1.0732644710516823,1.0,-0.48634197632123116,-11.15,5.21,-5.32,33.41,0.11,FAIRLY VALUED
MUSA,Consumer Discretionary (S&P 400),2025-08-26,-0.07078529117764909,0.07,0.2936683061608083,-0.05969046977621299,0.06884132339042592,0.8482434771366318,0.5730111070142608,0.20016441639363308,0.024108003857280617,-0.30836535854573216,24.87,-18.08,-26.11,30.85,51.61,UNDERVALUED
MTZ,Industrials (S&P 400),2025-08-26,0.12172872429109005,0.10399200615628888,1.6191535050272958,0.025636186394489998,0.05883102445745067,1.222425176107456,1.3054834908091886,0.4716566077576647,0.7195121951219512,-0.1541449654002005,21.06,37.74,63.06,45.06,48.92,UNDERVALUED
NBIX,Health Care (S&P 400),2025-08-26,0.2578229712443605,0.08278563432565075,0.9082992335975955,0.2481055587939166,0.019510680539603753,1.251184727585831,1.1456038445152934,0.3912617993376757,0.5983450031826862,-0.0163286063901559,-42.5,16.37,-10.45,40.72,11.76,UNDERVALUED
MTSI,Information Technology (S&P 400),2025-08-26,0.03951149545218802,0.1203097361759816,1.871693113501496,0.12518526172604552,0.009060355092356668,0.08027675702913055,0.08536669461653548,0.027534533378554753,0.0,-0.03680315259429015,147.99,8.11,19.93,51.28,107.42,UNDERVALUED
MUR,Energy (S&P 400),2025-08-26,-0.1542554445092107,0.08151479074888826,1.4063555184867516,-0.12475332385772202,0.15029215802063145,0.938098639029219,1.278020484492787,0.37898821975577435,0.7353509336767546,-0.48919029023426275,-12.42,-8.43,-34.19,48.23,66.29,UNDERVALUED
NEU,Materials (S&P 400),2025-08-26,0.003927293944665289,0.07,0.5673439896365239,0.03266320019240896,0.0824149938088826,2.1372461972986048,1.559118898480277,0.3505550889939374,0.9489274770173647,-0.12875800273976684,28.94,45.95,47.17,24.96,15.9,UNDERVALUED
NOV,Energy (S&P 400),2025-08-26,0.10708896928194611,0.07742181462030563,1.3242376709373946,0.03343819177443784,0.11602054934781991,4.189103272224223,3.6227100677113633,1.0758835839078593,1.0,-0.2410991455329177,-59.75,-11.35,-25.72,42.53,61.3,UNDERVALUED
NWE,Utilities (S&P 400),2025-08-26,0.012127068390302531,0.07,0.26610557618016156,0.06451882827535628,0.04934310604767766,0.5718333942418339,0.1845136080410844,0.226384255572964,0.0,-0.9186647716101863,1.3,8.57,12.33,20.82,28.82,UNDERVALUED
NYT,Communication Services (S&P 400),2025-08-26,0.058423215880426316,0.07,0.5768864947911455,0.06585201586710149,0.024220618194133892,0.9462149908525137,0.7037881424118185,0.15245921852155497,0.031093279839518557,0.016855469468351793,16.56,25.38,9.28,29.64,11.14,UNDERVALUED
OC,Industrials (S&P 400),2025-08-26,0.004599605198857493,0.07655336148352347,1.2808595974069505,0.17666029622551363,0.10773076227288184,2.170757224938034,1.7788450900992678,0.4709304387928923,0.9675036927621861,-0.4089315607362753,54.13,0.09,-9.4,35.61,-1.38,FAIRLY VALUED
NVT,Industrials (S&P 400),2025-08-26,0.14446075645923617,0.10255618298582377,1.5918197750190586,0.12634418674360223,0.018746430909529578,0.352695334681068,0.38258270724303983,0.17615247087594185,0.0056093829678735335,-0.14350330798009947,46.14,49.36,36.24,45.14,71.0,UNDERVALUED
NXST,Communication Services (S&P 400),2025-08-26,0.01863278087638376,0.07,0.925614256438289,0.09608757348469492,0.18663769476087688,4.5767840110094165,3.122189772331784,0.8469655556200186,1.0,-1.0661846082849475,-1.98,42.07,23.95,34.41,-4.7,FAIRLY VALUED
OGS,Utilities (S&P 400),2025-08-26,-0.10099745839582608,0.07,0.28888369375123607,-0.1215991635715159,0.06546985551526799,0.3567445685460527,0.14388006905324685,0.18931169691449065,0.0,-0.7497197157393997,1.36,2.49,14.64,20.78,11.7,UNDERVALUED
OKTA,Information Technology (S&P 400),2025-08-26,0.18521570845358104,0.09080618279691681,1.201619650667821,0.15333627927529828,0.031184837359852145,1.1962252428535067,1.2311985544421142,0.4576515161366907,0.6342134213421342,-0.03418985184216915,-10.34,2.21,-7.52,49.7,46.53,UNDERVALUED
OLN,Materials (S&P 400),2025-08-26,-0.16482254344988234,0.0776805033329486,1.7191883993474204,-0.042865505634421194,0.24431694077946517,1.245981638777008,1.8544954994660525,0.6275854637784216,0.9167270094134685,-1.1446768474686135,22.19,-8.41,-46.61,53.91,-17.05,OVERVALUED
OPCH,Health Care (S&P 400),2025-08-26,0.12563602862514056,0.07,0.44548201487460565,0.16174467566831321,0.04489055804340366,2.2997520603120125,1.6618853645470986,0.5222457525732691,0.9243614931237721,-0.1735041404341409,-18.37,-15.78,-12.28,40.26,-15.87,OVERVALUED
OSK,Industrials (S&P 400),2025-08-26,0.1382464260195564,0.09626381369474216,1.2622507100763172,0.11102827736878618,0.10721285415943532,3.181261695358372,3.4145108369497668,1.221103696368778,1.0,-0.08354399423967485,-16.27,39.98,35.48,40.07,8.9,UNDERVALUED
OVV,Energy (S&P 400),2025-08-26,-0.14310169146615515,0.08661945529343781,1.412189757900685,-0.15905540751630984,0.18125372913111695,1.0441819776686698,1.4237004353449576,0.47452114565450054,0.8039443155452436,-0.6017655193577313,17.72,-0.87,-2.68,45.6,67.23,UNDERVALUED
PAG,Consumer Discretionary (S&P 400),2025-08-26,0.0703298259919487,0.07,0.8056704002578565,0.030672941633108533,0.10096256982271641,3.444002761451701,2.3502733116012684,0.7136069799884908,0.9865424430641822,-0.6904374722297093,45.82,13.59,13.84,28.6,19.48,UNDERVALUED
PFGC,Consumer Staples (S&P 400),2025-08-26,0.07011517625797481,0.07,0.8870058380662842,0.017928659131914063,0.04179945365973433,1.3592624329710257,0.9374156946515186,0.29298882676054133,0.4145854145854146,-0.3183388280294831,7.79,21.89,35.15,25.85,2.98,FAIRLY VALUED
PK,Real Estate (S&P 400),2025-08-26,0.019403907325007408,0.07,1.362080518784586,-0.03669384729429207,0.19644573357415118,4.132873553121476,2.5654874258479334,0.9179379444780029,0.9571428571428572,-2.0195918400944906,6.59,-0.6,-13.84,36.67,47.45,UNDERVALUED
PII,Consumer Discretionary (S&P 400),2025-08-26,-0.08598829638696659,0.07509956201764872,1.2812443844203478,-0.1968794770773639,0.08655338510162341,0.7313144371367559,0.5384828333386134,0.2666471838198326,0.05371900826446281,-0.6341288273967999,38.25,24.88,-31.8,54.87,19.81,UNDERVALUED
PEGA,Information Technology (S&P 400),2025-08-26,0.06587148037640622,0.10286511803769259,1.485011885930704,0.04506720572714531,0.014134103423507838,0.2429156138712859,0.2576445346292851,0.07814791717755666,0.0,-0.02372007854865942,46.82,32.78,49.25,54.79,-35.41,OVERVALUED
PLNT,Consumer Discretionary (S&P 400),2025-08-26,0.12312530939472954,0.07,0.6640389878728336,0.10298265887320947,0.025321818786053774,1.1201920641708287,0.7828656012329821,0.3066050292084823,0.22991967871485944,-0.25652365973561975,10.45,16.45,30.17,31.13,-49.66,OVERVALUED
PINS,Communication Services (S&P 400),2025-08-26,0.1406165641846846,0.10767735765027248,1.4699274872601547,0.19347995513033903,0.007220185246207196,0.2350819009150951,0.25149668096687317,0.08061242764332437,0.0,0.03900325544048592,-3.14,-2.22,11.5,48.65,-35.58,OVERVALUED
POST,Consumer Staples (S&P 400),2025-08-26,0.16362792273814142,0.07,0.20079581983093753,0.13327134887712774,0.12527981202634594,6.849411535043931,4.875593123710082,1.7772768582539453,1.0,-0.9562514069787964,20.93,-0.8,-3.72,19.82,-30.07,OVERVALUED
PPC,Consumer Staples (S&P 400),2025-08-26,0.011664994445056864,0.07,0.07342466821949455,0.029723969006953434,0.047676382136756124,1.243414734974373,0.8951783505810905,0.21143120455859063,0.3369890329012961,-0.13475185049794414,-11.65,-2.82,17.89,35.08,-29.97,OVERVALUED
PR,Energy (S&P 400),2025-08-26,0.5317861928193033,0.08566321965444902,1.401830377491229,0.6023407402945247,0.0869862357253996,15.333135144453578,5.531314687397431,1.5993657111910153,1.0,-0.40759359165843356,-7.6,1.05,-1.59,43.65,78.95,UNDERVALUED
PSN,Industrials (S&P 400),2025-08-26,0.26849965595197456,0.07,0.6909146657460532,0.24028795007816822,0.04685923754759054,4.54750755944171,3.096124879456181,1.001414804118989,0.9949849548645938,-0.1133916471140047,3.86,35.26,-15.54,34.47,-42.36,OVERVALUED
PVH,Consumer Discretionary (S&P 400),2025-08-26,-0.02078854246566275,0.07,1.3840438870393368,-0.06127341961660718,0.1729504597782662,3.825293080886467,2.6685413540203533,0.6612896754273234,0.9979879275653923,-0.6028522056794074,-32.25,5.46,-21.79,50.55,-7.59,OVERVALUED
RBA,Industrials (S&P 400),2025-08-26,0.5719378422818417,0.07,0.7028265228049865,0.1643113381889336,0.03602664910896921,11.977166123947262,2.7661729071823027,0.6534980875915921,0.9948293691830403,-0.17599747766237667,31.63,15.72,36.79,23.61,-24.3,OVERVALUED
QLYS,Information Technology (S&P 400),2025-08-26,0.11384117311883601,0.08855858809889834,1.0528054535113416,0.09579264795530049,0.027888279027088812,0.9656786827875921,0.981619718515482,0.3117247361790418,0.4180045871559633,0.038535310513550816,-27.38,-1.33,5.14,37.66,38.57,UNDERVALUED
RBC,Industrials (S&P 400),2025-08-26,0.055300699222559535,0.08012292687492006,0.9078251715802945,0.04870858168300968,0.01928292867736983,0.45865052493225034,0.4053644921495143,0.11839121024387186,0.0,-0.07899657466361375,34.42,11.4,35.3,28.0,26.47,UNDERVALUED
RH,Consumer Discretionary (S&P 400),2025-08-26,-0.05878487351572781,0.10714759224878481,2.6589851770136326,0.050056352888588986,0.2096849079984818,1.0158219780225137,1.109136250223757,0.5049968845376078,0.5118387909319899,-0.9433722923466945,23.49,-37.48,-21.89,82.52,-29.29,OVERVALUED
RMBS,Information Technology (S&P 400),2025-08-26,0.10630296964730679,0.13974325131024487,2.191573862579925,0.20712096929846438,0.008178442493110729,0.12477264732020565,0.13001160132750064,0.03035296035823286,0.0,0.008685153569554453,-62.1,28.12,60.84,58.22,22.82,UNDERVALUED
RPM,Materials (S&P 400),2025-08-26,0.010868040329562234,0.07667789183329275,0.9152439467277915,0.010868040329562232,0.05544255575837439,1.202879228943087,1.0228851263275138,0.250696186870554,0.5137825421133231,-0.1371795497401345,24.07,3.04,9.82,27.23,-10.35,OVERVALUED
RS,Materials (S&P 400),2025-08-26,-0.09854091189984926,0.08004918701997235,0.8570637080381098,-0.06557520988254682,0.08339363189769015,1.0203764763972276,0.9840240050578605,0.24546074718270527,0.4282800815771584,-0.0703802126279627,85.89,1.61,6.36,30.13,30.7,UNDERVALUED
RYN,Real Estate (S&P 400),2025-08-26,0.04247038532789471,0.07,0.5387261712319064,0.25312383858909426,0.07558974273214744,2.4421194838076556,1.731778503672481,0.4207844431812666,0.9723926380368099,-0.21439481676521632,-44.51,3.43,-3.99,23.61,-10.55,OVERVALUED
RRX,Industrials (S&P 400),2025-08-26,0.07534440422058908,0.08906062362165308,1.5698043034627154,-0.034700113587278224,0.08134701851758452,1.507993778237574,1.5046322971847836,0.5543693568997103,0.8112676056338028,-0.5244555357562517,2.29,13.04,-9.04,45.69,10.61,UNDERVALUED
SAIC,Industrials (S&P 400),2025-08-26,-0.014711010655571899,0.07,0.4125019845172415,0.004701773240193444,0.10976812958236574,2.3851513600595777,1.673487451922205,0.41766147832878797,0.9545454545454546,-0.4129768945723902,6.22,19.41,-6.56,34.69,7.12,UNDERVALUED
SCI,Consumer Discretionary (S&P 400),2025-08-26,0.009413518631237405,0.07,0.31575252302545304,0.02112333887347071,0.053525581669216414,1.1095999051159149,0.7329792803443065,0.235032738932295,0.1504950495049505,-0.4153000032009584,10.17,-0.77,4.42,23.18,6.6,UNDERVALUED
SANM,Information Technology (S&P 400),2025-08-26,-0.022430268517375396,0.0969763639204269,1.2549887145366436,-0.1529616852645895,0.003883923250753049,0.10265280963873245,0.10364895146643516,0.013485992085635605,0.0,0.04966168364661214,138.94,36.71,62.83,42.65,65.53,UNDERVALUED
SEIC,Financials (S&P 400),2025-08-26,0.03313061554209806,0.08844215984719686,1.0351553442241501,0.10696882424303036,0.04295351253027367,0.9560136262994707,0.9559127552927885,0.22649819993849887,0.37047511312217196,0.07137692979574586,23.12,14.31,35.64,24.74,20.55,UNDERVALUED
SFM,Consumer Staples (S&P 400),2025-08-26,0.09788147082329979,0.07,0.7212670615285368,0.12898295605453783,0.03708477021889226,1.7492780299966944,1.275430140659994,0.38330473793664144,0.7415295256534365,-0.09874518161926014,132.27,-4.57,47.42,36.54,-45.68,OVERVALUED
SGI,Consumer Discretionary (S&P 400),2025-08-26,0.0009850468254448685,0.07367478661897374,1.0278657203684274,0.0011166605757907987,0.032518125666632806,0.48369823289284447,0.34433223821940523,0.13423242890774054,0.0,-0.29998491075206546,81.99,31.39,61.4,32.23,-23.07,OVERVALUED
SLAB,Information Technology (S&P 400),2025-08-26,-0.24459918985735796,0.1274062097446798,1.9156743822085638,-0.25294979405771495,0.03358103449122249,0.16895276629748787,0.27937010688597513,0.03971453500373601,0.0,0.05652561600379697,56.93,-0.62,19.85,51.19,53.8,UNDERVALUED
SLGN,Materials (S&P 400),2025-08-26,-0.0444084270291627,0.07,0.7041883915541979,-0.022295662890632503,0.12520418715278586,2.1573787464884218,1.4334815624520512,0.43551250419971027,0.811491935483871,-0.6844480746411421,14.45,-14.83,-8.46,26.87,-9.3,OVERVALUED
SNX,Information Technology (S&P 400),2025-08-26,-0.0317118037491384,0.07999942789940381,1.023163303961395,0.015585327365195311,0.0975638283146382,1.556151892427812,1.376790285817997,0.3609061394426296,0.8403532608695652,-0.23251393422400038,17.44,6.62,23.14,32.68,71.4,UNDERVALUED
SON,Materials (S&P 400),2025-08-26,-0.048445284022697654,0.07,0.6772248382531235,-0.025004658705273214,0.22357207262679737,3.4100445568553064,2.1734899551875575,0.7443531573457189,0.9412955465587044,-1.560307910092941,106.69,2.04,-8.81,27.49,30.22,UNDERVALUED
SN,Consumer Discretionary (S&P 400),2025-08-26,0.2195270993029188,0.11996481861374035,1.8400072575913198,0.29972165474374135,0.016146768197779784,0.45944637378111775,0.49510260904872894,0.1993439610496007,0.024024024024024024,-0.03457852300944479,27.9,11.91,31.94,53.56,51.82,UNDERVALUED
SPXC,Industrials (S&P 400),2025-08-26,0.16533192442281974,0.10003460325325134,1.3826358059401522,0.13938662991040662,0.03556608425793329,1.0255032346752075,1.1234308031305107,0.4202644585942029,0.5378630705394191,-0.05140920148770384,-13.99,27.01,21.64,39.25,6.47,UNDERVALUED
SSD,Industrials (S&P 400),2025-08-26,0.027055371278501772,0.07787751952623266,0.8853175643738236,0.008282579795943903,0.03789179913658556,0.9397914434139748,0.8214694035235635,0.19402299203120751,0.2049239681390297,-0.02982580123251081,41.91,15.59,5.18,31.69,-2.74,FAIRLY VALUED
ST,Industrials (S&P 400),2025-08-26,-0.012042695388721714,0.08434642877996894,1.7144290261803514,-0.02992032756962088,0.04344986207419736,0.2598942641291895,0.2241508195223707,0.17633964386962608,0.0,-0.5339669389554763,29.29,13.55,-12.35,47.65,28.3,UNDERVALUED
STRL,Industrials (S&P 400),2025-08-26,0.09349137309998401,0.11890066034288818,1.7832378231766555,0.0727740034245516,0.022457407923445555,0.43100678573380774,0.45301359457900425,0.12005519590653162,0.002,0.03282559159572828,97.88,139.81,148.05,59.51,77.69,UNDERVALUED
TEX,Industrials (S&P 400),2025-08-26,0.07725570554909167,0.08644853550638128,1.5140029411382887,-0.004852484472049689,0.0649429168555683,1.1160173709099064,1.085161460967421,0.4780767511150993,0.5220978196817914,-0.6532218376043536,53.52,23.45,-5.43,45.42,25.47,UNDERVALUED
THC,Health Care (S&P 400),2025-08-26,0.03840410808444861,0.0700907096898333,1.0165394569605235,0.00539778253258121,0.20894245116472643,6.555501816540634,4.705698180159586,1.1146057130050397,1.0,-0.5929888885059773,-38.73,36.65,9.43,44.95,51.41,UNDERVALUED
TKR,Industrials (S&P 400),2025-08-26,0.008448312386233336,0.07905783142413478,1.2148381330167226,-0.04109876284336339,0.05873883834674811,1.0116121029078353,0.8563674585924247,0.2757370714292445,0.3030927835051546,-0.33111308220651153,3.56,-0.57,-5.06,36.36,59.85,UNDERVALUED
THO,Consumer Discretionary (S&P 400),2025-08-26,-0.21534281169300806,0.08501103085986407,1.1028626390967096,-0.09694616919050802,0.07419766418149441,0.3656387559290968,0.7226811901316142,0.18376772789261697,0.09422492401215805,-0.111979523194193,74.24,9.04,3.9,41.12,-26.22,OVERVALUED
TNL,Consumer Discretionary (S&P 400),2025-08-26,0.040799330527055755,0.07,1.3624410371693045,0.0304,0.15106585586442364,3.8857450520991166,2.5369896316323923,0.839644842255073,0.970498474059003,-1.374431747410053,14.13,12.14,46.49,34.56,18.59,UNDERVALUED
TOL,Consumer Discretionary (S&P 400),2025-08-26,0.027417378839091233,0.07,0.8922854418030983,0.0852234486320424,0.0744445934082223,2.2848833850563306,1.6591429739858545,0.3633739516332649,0.9742857142857143,-0.12159314514204486,57.8,22.83,-6.66,36.35,6.17,UNDERVALUED
TTEK,Industrials (S&P 400),2025-08-26,0.21803979555214803,0.07,0.546277157562277,0.14950171916286167,0.04008570427700387,3.474289364365188,2.541512653461714,0.9288202170222091,0.9801980198019802,-0.0801540834649916,3.89,24.64,-21.38,31.69,0.16,FAIRLY VALUED
TTC,Industrials (S&P 400),2025-08-26,0.007623718161386739,0.07678866746861633,0.8783831092791606,0.0067205481858912414,0.04210748554808649,0.8670463679918966,0.7288801554880047,0.18200985344907605,0.07613469985358712,-0.1040631025970674,-19.88,1.96,-8.95,30.97,22.68,UNDERVALUED
TXRH,Consumer Discretionary (S&P 400),2025-08-26,0.15686702842474443,0.07383622366619196,0.8260769341053965,0.16012791924816783,0.025662168665929165,1.5579196987763202,1.2835925003746746,0.4892405444550578,0.6864053377814846,-0.05325442556327597,13.31,0.18,5.13,28.55,17.08,UNDERVALUED
UFPI,Industrials (S&P 400),2025-08-26,-0.16872138485171162,0.07944996587554112,0.8959008060345641,-0.07842129207867024,0.03524559919206751,0.4542948019372284,0.5509815369687123,0.09090142217154014,0.000697350069735007,0.12980996964398078,25.86,-2.84,-15.03,32.46,-14.76,OVERVALUED
UGI,Utilities (S&P 400),2025-08-26,-0.15534766806428058,0.07,0.4582775563053213,-0.19242831541218638,0.1518868309644375,0.9509046341763776,1.013058231193261,0.37855501822835613,0.5137254901960784,-0.9667252624712973,58.89,7.32,48.87,26.64,13.47,UNDERVALUED
USFD,Consumer Staples (S&P 400),2025-08-26,0.05459229089755535,0.07083606125380042,0.8312954729855474,0.06405034132089783,0.054368743822298594,1.6689678852389043,1.1851729202110768,0.32236656006025743,0.7063953488372093,-0.29988260515348797,36.5,10.06,32.29,23.53,39.48,UNDERVALUED
UTHR,Health Care (S&P 400),2025-08-26,0.2190283250711722,0.07,0.5994162055613607,0.23626208378088076,0.07495746021352277,6.780398099958161,5.022314937408505,1.7705456997361422,1.0,0.10078818135211219,-21.94,-3.03,-11.15,34.26,68.49,UNDERVALUED
VC,Consumer Discretionary (S&P 400),2025-08-26,0.014537567058694911,0.08154883826391753,1.01573179285235,-0.02225594334850784,0.08136660991313671,1.8321212288305602,1.6996751772464243,0.38567805345023476,0.9881889763779528,0.05736717211507766,-26.56,44.89,26.65,35.15,-16.56,OVERVALUED
VAL,Energy (S&P 400),2025-08-26,0.21421636163202562,0.0964765330540942,1.439921414719639,0.32417890371034636,0.08306729196996425,3.423570264419091,3.608091375588904,1.5014445499926652,0.9963369963369964,-0.23048424321941677,-58.06,31.53,-22.71,52.38,82.19,UNDERVALUED
VIAV,Information Technology (S&P 400),2025-08-26,-0.12019106770238719,0.07158046745343682,0.9928402735260886,-0.0955609800198897,0.007849261250883782,0.027313999513455003,0.015347182801129858,0.021288686717521682,0.0,-0.08690996952559402,40.01,-0.97,33.53,38.84,244.59,UNDERVALUED
VFC,Consumer Discretionary (S&P 400),2025-08-26,-0.07420297778273932,0.08198847675656079,2.254482034625579,-0.041448199507890436,0.08778677109062197,0.35170503031161576,0.2780285026435698,0.2851466588599836,0.0076824583866837385,-0.8913448969277616,-50.34,-42.03,-13.18,73.48,-1.85,FAIRLY VALUED
VNT,Information Technology (S&P 400),2025-08-26,-0.032788516916586574,0.07764127906541063,1.177552850800995,-0.037542000516929436,0.0716397001091876,0.96451461493572,0.8134979198949391,0.2407653471174591,0.2417503586800574,-0.28475770006963635,32.36,14.94,24.3,31.13,-24.22,OVERVALUED
VMI,Industrials (S&P 400),2025-08-26,-0.031592299450468264,0.08273774420267226,1.023054897221753,-0.02384996112200504,0.05905820837917321,0.8794455037303054,0.8212550190644067,0.20556999221346803,0.20940438871473355,-0.09385693844559556,28.05,8.59,31.29,36.66,28.91,UNDERVALUED
VNOM,Energy (S&P 400),2025-08-26,-0.003336137682672935,0.08173718166418989,1.0262411112667842,0.03990326481257558,0.046865137865017406,0.6444350640247593,0.576459015279748,0.20189932123753726,0.022501654533421574,-0.27867757088495776,59.91,-8.91,-13.23,36.74,22.37,UNDERVALUED
VVV,Consumer Discretionary (S&P 400),2025-08-26,0.14444946684139248,0.07,0.6948352517943585,0.12157949428472463,0.11694488315834294,6.854488320850222,5.088173630111083,1.6067331267880758,1.0,-0.25825573279174663,-25.11,6.35,-5.82,30.37,-14.04,OVERVALUED
WEX,Financials (S&P 400),2025-08-26,0.05740129894921364,0.07542643346194873,1.4202560360660086,0.031475667189952906,0.09400190998866925,2.467606529048766,1.9929063301872207,0.5852941497604195,0.9648842777334398,-0.5657522103221292,-30.1,8.5,-7.7,45.33,15.51,UNDERVALUED
WFRD,Energy (S&P 400),2025-08-26,0.12823587322794383,0.10376274835622236,1.7528730880915713,0.07361246348588121,0.12746357720195906,3.2458837591135987,3.490372047155109,1.3040882372568345,1.0,-0.19880520085362058,-47.37,-0.5,-42.04,55.35,49.98,UNDERVALUED
WCC,Industrials (S&P 400),2025-08-26,0.009263770518417536,0.09112486014743681,1.6211397599058528,-0.025302431963976198,0.09773825837894179,1.267364623262654,1.2806299226493487,0.43272038600565993,0.7059148700939746,-0.4536084777287852,17.95,25.68,38.6,43.13,50.34,UNDERVALUED
WH,Consumer Discretionary (S&P 400),2025-08-26,-0.030505341329349456,0.07799269437531794,1.1463492717867882,0.007874015748031496,0.06920130178467661,0.8607977566278749,0.7259050782167632,0.23409615213163926,0.14619883040935672,-0.3530204913645796,20.77,-17.69,15.01,31.91,-12.24,OVERVALUED
WING,Consumer Discretionary (S&P 400),2025-08-26,0.32302920218772635,0.08137072404767745,1.0670928779829227,0.36028735694645203,0.004168553227206428,0.33112521990236665,0.21447718226082682,0.10108857144499363,0.0,-0.1026429992363053,-0.67,43.25,-19.14,57.62,-64.79,OVERVALUED
WMG,Communication Services (S&P 400),2025-08-26,0.04194834846635698,0.07,0.5844684495211865,0.06443597813483519,0.024530906433794433,0.6481684547319041,0.4280524197265227,0.13353687108131315,0.0,-0.21284526596396117,25.97,-1.17,18.35,26.79,-16.85,OVERVALUED
WHR,Consumer Discretionary (S&P 400),2025-08-26,-0.08241121704239829,0.07,0.9512758272100872,-0.14638910305833977,0.23571875915953838,3.1933163518271086,2.191706304127921,0.7172591779395646,0.964964964964965,-1.1999164725300038,160.62,-5.42,-0.43,44.46,-55.83,OVERVALUED
WLK,Materials (S&P 400),2025-08-26,-0.12320301565651437,0.07,1.1439418979638254,-0.03235575390500478,0.07010482990468243,0.8234902167829143,0.6979781320386415,0.18732324437132317,0.04239917269906929,-0.2292666064849377,-10.71,-21.89,-41.66,41.0,-6.68,OVERVALUED
WMS,Industrials (S&P 400),2025-08-26,-0.027548028038600236,0.08850368279880072,1.1547382065042564,0.010357376813071474,0.03307276614838551,0.38200212503516984,0.37706265588250415,0.1106234637717289,0.0,-0.08751851997833528,16.34,28.02,-10.49,41.46,-1.51,FAIRLY VALUED
WSO,Industrials (S&P 400),2025-08-26,0.02336981383663228,0.07732636025586083,0.8251764650491629,0.045930903610727804,0.014914439263035895,0.38446929736270524,0.3362683018913286,0.0736152735871905,0.0,0.004958158894821815,31.3,-17.42,-14.23,31.69,-20.17,OVERVALUED
WTS,Industrials (S&P 400),2025-08-26,0.0666592994609605,0.08455208548849819,0.964931607026627,0.09526820016534553,0.027002744372225083,0.7463265447342989,0.7171873624622852,0.18129617295653397,0.07899461400359066,0.020283704657631855,36.96,33.26,49.39,28.41,31.65,UNDERVALUED
YETI,Consumer Discretionary (S&P 400),2025-08-26,0.07102574238466142,0.09391546375182246,1.2601601676598233,0.10318843585358045,0.024823198079998117,0.6250830352255234,0.6392087231122058,0.15540867964814178,0.02644360496492175,0.06279340296585663,-49.22,-4.36,-12.2,45.75,23.01,UNDERVALUED
WWD,Industrials (S&P 400),2025-08-26,0.18114683074220328,0.09102274521667002,1.1505244030256474,0.14056398105241055,0.02554714168706732,1.0272232938489625,1.0804818189514107,0.44742719750759524,0.4859504132231405,-0.04120448530347508,45.32,37.52,56.08,30.65,36.14,UNDERVALUED
AAMI,Financials (S&P 600),2025-08-26,0.10085820265762702,0.08550085076513522,1.1481629678935799,0.18518518518518517,0.04824674568526016,1.3886811600373028,1.3536641325514658,0.4469254198583634,0.7643198090692124,-0.12914386998478478,98.12,107.95,116.82,35.3,78.17,UNDERVALUED
ACHC,Health Care (S&P 600),2025-08-26,0.09919526748770147,0.07,0.8312218794389977,0.07690172354099274,0.039053345536916195,0.7856318799703608,0.31102317900359944,0.3225380305210432,0.02044790652385589,-1.0157886600246775,-78.37,-47.44,-73.03,58.27,25.15,UNDERVALUED
ABG,Consumer Discretionary (S&P 600),2025-08-26,0.05531572998446155,0.07,1.1165985389348572,0.16118005498996804,0.1710457977051737,5.34411623594686,3.644243430626688,0.9924076679504096,1.0,-1.0459164518714603,53.99,-6.7,5.2,37.59,-15.33,OVERVALUED
ACA,Industrials (S&P 600),2025-08-26,0.07044125486368613,0.08109935151757382,1.2059778844284563,0.11352311625287058,0.03621266900598888,0.7466822876027361,0.6514734113701274,0.24483623842771324,0.10053262316910785,-0.31188829928110673,81.38,6.03,8.42,35.43,47.31,UNDERVALUED
ACLS,Information Technology (S&P 600),2025-08-26,0.051844762865829175,0.1163661086604415,1.661604655467873,-0.09971572716884072,0.02761992943982753,0.42924849769403645,0.4493865679845777,0.10074770264248595,0.0005005005005005005,0.03048820225565703,-19.08,35.05,-29.16,51.81,54.46,UNDERVALUED
ACIW,Information Technology (S&P 600),2025-08-26,0.05888478688014698,0.08860209291512529,1.1960004051480384,0.09755682823447125,0.034413706420313266,0.6582694315424861,0.6614382914099926,0.2168084468440638,0.08036739380022963,-0.14605174070081062,18.15,-4.82,-2.71,35.79,7.13,UNDERVALUED
ADNT,Consumer Discretionary (S&P 600),2025-08-26,0.019878896571121407,0.0785588260822843,1.3176125053389163,-0.04592400129912309,0.19120862913038564,3.996591521185197,3.4385120906713875,0.9090938646944968,1.0,-0.6832182949101452,-15.56,50.15,15.5,49.32,-22.6,OVERVALUED
AEO,Consumer Discretionary (S&P 600),2025-08-26,0.03339337701857037,0.07176472992782684,1.589964767707091,0.012710931872734841,0.11359390991168684,3.077248763501425,2.262291016438458,0.5727747783736183,0.9914122137404581,-0.5086678871079292,-35.8,-7.15,-42.94,59.12,34.97,UNDERVALUED
ADUS,Health Care (S&P 600),2025-08-26,0.10178772979681838,0.07,0.493363181664774,0.0906323235891715,0.038272428681781705,1.7031506478584646,1.240129398782386,0.3371192813655609,0.7421383647798742,-0.08409706769366963,4.44,19.3,-14.55,30.47,5.61,UNDERVALUED
ADMA,Health Care (S&P 600),2025-08-26,0.6636538188805401,0.09985931346476407,1.2610493155718083,0.6515461921267162,0.02834333341440989,12.18523000137351,2.202854135265313,0.6643338781279748,0.9927872230808862,0.005197701719008516,-87.45,8.37,-7.07,60.28,-42.92,OVERVALUED
ADEA,Information Technology (S&P 600),2025-08-26,-0.07443128683020672,0.09671182607452922,1.3234519249693828,-0.032830231385742356,0.029706624544772842,0.05092849354911443,0.06577757589433432,0.08119704749316274,0.0,-0.24695896997831424,39.06,-3.17,29.67,49.38,77.0,UNDERVALUED
ADT,Consumer Discretionary (S&P 600),2025-08-26,0.05729878480228967,0.07,0.7175153883204147,0.05278987556804212,0.14584147633904773,4.487623977830315,3.016534656370943,0.8755099347551937,0.9989572471324296,-1.013573307298951,-7.52,16.9,19.36,32.53,-12.52,OVERVALUED
AHCO,Health Care (S&P 600),2025-08-26,0.04773635069419102,0.07,0.912077813740451,0.018998324155195166,0.1281091414990944,2.982533131343257,1.828563133019956,0.7141075743231018,0.8529411764705882,-1.629918227874918,-40.42,-17.03,-11.87,52.98,-41.48,OVERVALUED
AGYS,Information Technology (S&P 600),2025-08-26,0.17965400480391192,0.09294699826484928,1.1606226904372805,0.16069804265067547,0.016749987598794258,0.6258340530026701,0.6601217654804274,0.23375808402007126,0.09275053304904052,0.008599246305111306,-3.78,33.66,-1.95,52.39,4.74,FAIRLY VALUED
AIN,Industrials (S&P 600),2025-08-26,0.09047229570539539,0.08490793040877391,1.2020498110308464,0.07204926522921241,0.07622273110089718,2.0959539102270877,2.045476348250057,0.6065038721292076,0.9939649969824985,-0.13920385878636057,-25.94,-18.06,-28.92,42.77,-6.32,OVERVALUED
ALG,Industrials (S&P 600),2025-08-26,0.0372603092596584,0.0782303412934494,0.8307418584392725,-0.03618380363755592,0.02794939389821497,0.7389606309146513,0.6480294323954624,0.14505546054679755,0.002883922134102379,-0.011406016127487264,15.58,18.23,19.0,29.78,-24.91,OVERVALUED
ALKS,Health Care (S&P 600),2025-08-26,0.1836411958491666,0.07346016086857052,0.6767344902594837,-0.06358824218996577,0.04837644103194041,3.6435803561784845,3.0267395110952857,1.1538133722714559,0.9948586118251928,0.04587512391886719,-77.92,-16.72,3.69,34.34,65.7,UNDERVALUED
AMR,Materials (S&P 600),2025-08-26,-0.15087747536223917,0.08373781249635757,0.8628112014479954,-0.14810436199396385,0.07841540063356688,0.976001454765126,1.1645126406867814,0.20068431351061755,0.7585585585585586,0.2521971324479868,38.54,-2.88,-35.96,57.51,34.06,UNDERVALUED
AMPH,Health Care (S&P 600),2025-08-26,0.21115892906655875,0.07,0.6547262601528746,0.13589801286478015,0.09771843967962195,8.02476305913855,5.894241927084737,2.2642575466138375,1.0,-0.3453539372492502,-36.12,-2.79,-36.73,43.1,-28.54,OVERVALUED
ANDE,Consumer Staples (S&P 600),2025-08-26,-0.19391568773779821,0.07,0.8363016564617795,-0.2367822020605674,0.10808304683531496,0.8724788703912799,1.162990864945945,0.2584667008873573,0.7077077077077077,-0.23157803932580562,-11.42,-4.19,-17.34,40.01,68.63,UNDERVALUED
APLE,Real Estate (S&P 600),2025-08-26,0.07512106085884218,0.07580339653541864,1.1339266991744243,0.06523887483256437,0.1575224538654167,4.859236938124487,4.027624187740649,1.111879940381558,1.0,-0.5550539382513451,-17.9,-8.55,-5.51,30.12,39.62,UNDERVALUED
APAM,Financials (S&P 600),2025-08-26,0.05797836549704005,0.0905175899981251,1.2293253858140163,0.14015655332463023,0.10147424109175034,2.315607617291509,2.3444151599286727,0.6518760643426735,1.0,-0.010867140472046326,15.88,14.48,20.94,31.47,-1.44,FAIRLY VALUED
APOG,Industrials (S&P 600),2025-08-26,-0.028054462537232205,0.07213455589632012,1.0151715041338425,-0.03948503185028039,0.09299536031162076,1.7188688216654668,1.2989385890980305,0.32887472902536474,0.79491833030853,-0.33641493795048355,8.47,-5.65,-32.71,46.35,-4.25,FAIRLY VALUED
ASO,Consumer Discretionary (S&P 600),2025-08-26,-0.03676802600708806,0.08020675286754077,1.5204269831292472,-0.03666672024426188,0.09618334342632007,1.2201476070124724,1.0708745776551416,0.3434996585999589,0.5357142857142857,-0.412321893817573,12.6,6.46,-0.46,49.44,-14.12,OVERVALUED
ASTH,Health Care (S&P 600),2025-08-26,0.3334881682479558,0.07,0.586456535895228,0.4672223420143784,0.055078821669305694,7.103489870453719,4.040551356755616,1.1261185584811955,0.998989898989899,-0.12551557982220418,-13.05,-13.7,-37.05,63.81,27.9,UNDERVALUED
ATMU,Industrials (S&P 600),2025-08-26,0.03383635905786919,0.08858847527337275,1.2501144886359767,0.025489834776733614,0.020609999470106312,0.3020593381302785,0.2976232124117364,0.10522563994800382,0.0,-0.12294840721579894,55.51,13.46,28.84,34.31,12.45,UNDERVALUED
ATEN,Information Technology (S&P 600),2025-08-26,-0.033821082036327055,0.09093228079172459,1.091369361501974,0.03971394517282479,0.012011634483099951,0.23177909660840537,0.2330187336784001,0.041006259741064886,0.0,0.06622505675095215,17.8,-14.07,30.69,33.96,49.77,UNDERVALUED
AWI,Industrials (S&P 600),2025-08-26,0.0827792926885178,0.08107185714530603,0.9283474151026057,0.11619827053736875,0.041098543970934855,1.290632641150288,1.187125571800127,0.35215067109645326,0.6625487646293888,-0.060961115959463394,75.34,30.52,58.13,25.57,-9.15,OVERVALUED
AZZ,Industrials (S&P 600),2025-08-26,0.09177174525426213,0.09338488533569957,1.2645325147973017,0.026115561440671075,0.05650216435429006,1.1403734507952796,1.1744387129724505,0.42317812865179677,0.5938009787928222,-0.2555645709487477,50.4,20.12,39.71,35.33,21.45,UNDERVALUED
BCPC,Materials (S&P 600),2025-08-26,0.0059914447525764025,0.07154283854721179,0.6749788715169768,0.03387215848419245,0.031953016825307705,0.8607123085825934,0.6525022515517828,0.14267904247326327,0.0009199632014719411,-0.030195287942117975,3.98,-5.96,-5.49,22.42,11.29,UNDERVALUED
BCC,Industrials (S&P 600),2025-08-26,-0.1046103358496635,0.08366722510897528,1.0888395760250618,-0.01666377849872299,0.13766209398522072,1.5370065013617098,1.5888715523388064,0.36161469474380237,0.9850839030453697,0.05873678945552542,35.7,-14.42,-32.97,37.7,-6.93,OVERVALUED
BFAM,Consumer Discretionary (S&P 600),2025-08-26,0.1529912856366915,0.07,0.7050521150072437,0.11072272301910012,0.01361550186238624,0.5612311762923179,0.3568633180774196,0.18220863889103422,0.0010111223458038423,-0.24659619953221873,4.51,-7.5,-12.7,31.86,-38.06,OVERVALUED
BGC,Financials (S&P 600),2025-08-26,0.11518880368969175,0.07875551500547845,1.0968636996026395,0.11445373915581933,0.03749707679661366,1.277604868339636,1.124178480570063,0.3546200851358033,0.6047652417659425,-0.15645979231621251,55.15,4.63,5.92,36.79,7.64,UNDERVALUED
BHE,Information Technology (S&P 600),2025-08-26,-0.04071080506650815,0.0913828262305192,1.3512078411698856,-0.0644144226650736,0.06218346960056335,0.8231283968593552,0.8273062340339081,0.21260458619328446,0.2081967213114754,-0.03509462271359799,28.9,2.27,-2.62,38.95,81.55,UNDERVALUED
BL,Information Technology (S&P 600),2025-08-26,0.11774617882407723,0.07,0.9443996426751534,0.10735666004515285,0.07948674221548906,4.465339508942133,3.3100540650466996,0.9703433976729884,1.0,-0.009233464911369584,-99.13,8.0,4.09,35.96,-39.67,OVERVALUED
BNL,Real Estate (S&P 600),2025-08-26,0.029367815074359926,0.07,0.42669245789202587,-0.025035674933617528,0.10908559705786121,3.0036948692593612,2.0785727303287054,0.5430983400605287,0.978978978978979,-0.5853012177336151,9.08,13.99,7.99,20.86,23.36,UNDERVALUED
BOX,Information Technology (S&P 600),2025-08-26,0.04888996220508557,0.07,0.4998429119190141,0.05048369487184182,0.010099704774860564,0.3462039742754403,0.2514649232339409,0.060078347769869346,0.0,-0.02154322423061843,4.55,-4.27,9.45,30.34,5.58,UNDERVALUED
BRC,Industrials (S&P 600),2025-08-26,0.014990986613487411,0.07261024862411594,0.7172859669014148,0.007155390606991861,0.03515109620457649,1.0096733312859498,0.8034498613374229,0.1636414573229333,0.13808664259927797,0.03357847236514372,27.88,5.1,5.67,24.79,20.34,UNDERVALUED
CAKE,Consumer Discretionary (S&P 600),2025-08-26,0.0413099073128993,0.07,1.06060376167836,0.041342019471999294,0.049389917752673554,1.1423595589305027,0.6980293906151677,0.2653436422649893,0.14402451481103168,-0.5841580174970442,-15.07,17.18,55.68,37.86,75.13,UNDERVALUED
BTU,Energy (S&P 600),2025-08-26,-0.07781861056276551,0.09927333768851947,0.9641823274226968,-0.14353003012109083,0.3479612522299807,3.6300614541137866,3.813568071040039,0.9106715422279791,1.0,0.11484654110069739,25.29,20.53,-26.77,56.09,60.59,UNDERVALUED
