ticker,category,as_of_date,growth_rate,wacc,beta,revenue_growth,fcf_yield,dcf_over_price,mc_mean_over_price,mc_std_over_price,mc_prob_undervalued,net_cash_per_share_over_price,relative_vs_history_pct,momentum_6m,momentum_12m,annualized_volatility,realized_return_pct,realized_label
AOS,Industrials (S&P 500),2024-08-31,0.026345933562428314,0.07777010597797104,0.8783345883559754,0.026345933562428408,0.06043855294966941,1.543759556755438,1.3516633388876114,0.3044168498543327,0.8797653958944281,0.015587955737256213,-45.36,-0.87,17.37,24.16,-22.27,OVERVALUED
ACN,Information Technology (S&P 500),2024-08-31,0.04087131107332076,0.07169687804317222,0.7530056438546807,0.04087131107332082,0.030301677883753247,1.0282497494474012,0.8042061964574435,0.17201087204928414,0.14325323475046212,0.028525342576661655,15.44,-10.15,7.32,22.53,-44.88,OVERVALUED
ABT,Health Care (S&P 500),2024-08-31,-0.08118571461297042,0.07,0.2343863297407278,-0.08118571461297047,0.03469757665604562,0.6044856135160392,0.4551181966638216,0.10262312639348936,0.0,-0.04635768712528926,25.98,-4.67,12.37,18.67,5.08,UNDERVALUED
ABBV,Health Care (S&P 500),2024-08-31,-0.06435387742446685,0.07,0.29061519855268536,-0.06435387742446688,0.03206526755034158,0.41894569214617833,0.2883748795957075,0.09672345741051665,0.0,-0.14345838313756026,117.95,12.94,38.74,18.86,42.43,UNDERVALUED
A,Health Care (S&P 500),2024-08-31,-0.0021904205607476968,0.0764847201252389,0.9114421766816213,-0.0021904205607476634,0.015541806902031888,0.3233944172653384,0.2753639500950132,0.06422919910752159,0.0,-0.02785772314779756,13.99,0.39,18.9,27.42,11.09,UNDERVALUED
ADBE,Information Technology (S&P 500),2024-08-31,0.10240826990798602,0.09585466905356262,1.3015545437614027,0.10240826990798592,0.015310815108385485,0.4226609015683192,0.44050351100225726,0.14266000676916044,0.0021152829190904283,0.011711970268628644,44.9,1.14,2.69,33.74,-52.61,OVERVALUED
AKAM,Information Technology (S&P 500),2024-08-31,0.0539907881705024,0.07,0.6734312748423104,0.053990788170502346,0.04591003404316715,1.4413827224432836,1.0112342570100663,0.2743574524442948,0.502,-0.2627338604724532,24.96,-8.05,-3.09,24.31,8.1,UNDERVALUED
APD,Materials (S&P 500),2024-08-31,-0.007764635471626757,0.07,0.4817457928525648,-0.007764635471626794,0.026284446593842006,0.5371695769211918,0.36014022542853075,0.10365973234950862,0.0,-0.1598698940553258,24.01,18.63,-3.08,29.72,13.32,UNDERVALUED
ALLE,Industrials (S&P 500),2024-08-31,0.11580427274672211,0.07270348379581827,0.8932522644343222,0.11580427274672209,0.07456494427646695,3.662455207160548,2.8603574449934013,0.8963358533366521,1.0,-0.13022393467305518,5.71,8.63,23.92,22.66,19.13,UNDERVALUED
ABNB,Consumer Discretionary (S&P 500),2024-08-31,0.18073580188117644,0.1049870871507584,1.5373915416238966,0.18073580188117633,0.024804755232689792,0.9410588595680851,1.0310849075962685,0.40829643271194854,0.44111675126903555,0.061060519593063245,81.38,-25.8,-10.82,35.32,57.7,UNDERVALUED
LNT,Utilities (S&P 500),2024-08-31,-0.04233055885850179,0.07,0.36130165522366753,-0.04233055885850178,0.08066695227538533,1.176048997001863,0.7122864082283801,0.28655544146597484,0.1831275720164609,-0.6745144867689555,9.08,22.26,20.57,18.7,27.01,UNDERVALUED
MO,Consumer Staples (S&P 500),2024-08-31,-0.00899071925754058,0.07,0.3449330246655376,-0.008990719257540603,0.16084603106473544,3.962526525380898,2.884140080242838,0.6434488105603914,1.0,-0.27334981612488474,-12.27,41.38,32.94,18.04,43.11,UNDERVALUED
GOOGL,Communication Services (S&P 500),2024-08-31,0.0868277022726951,0.09480089900437244,1.27708014866925,0.08682770227269514,0.028983297761485772,0.7232510925897649,0.7416138593544829,0.23073662123222494,0.13773087071240106,-0.00152118280722475,55.43,22.66,20.12,27.71,110.12,UNDERVALUED
GOOG,Communication Services (S&P 500),2024-08-31,0.0868277022726951,0.0946820812038764,1.2741053733701693,0.08682770227269514,0.028678463020403257,0.7172629301655566,0.7492524905215383,0.2322624268736449,0.1377497371188223,-0.0015051836144829316,56.19,23.17,20.35,27.52,106.4,UNDERVALUED
AMT,Real Estate (S&P 500),2024-08-31,0.03802849026478938,0.07,0.43626379483040667,0.03802849026478943,0.0288362982373101,0.5298134191474186,0.27533056712999027,0.15281408552280265,0.0,-0.45736955971220294,17.42,10.57,27.99,25.83,-15.89,OVERVALUED
AME,Industrials (S&P 500),2024-08-31,0.07258236282076513,0.07048483524792615,0.7958257026970026,0.07258236282076504,0.06107735041388762,2.4151503423422467,1.7915338814501385,0.4293666150124268,0.989310009718173,-0.07602729108505969,12.43,-5.25,7.92,20.06,41.59,UNDERVALUED
AMGN,Health Care (S&P 500),2024-08-31,0.07092656612088288,0.07,0.7308765911502236,0.07092656612088288,0.03986818645056478,1.3208548249299041,0.9044273586494255,0.2828603890912551,0.37356919875130074,-0.3170708818352835,16.81,21.17,34.15,24.63,37.19,UNDERVALUED
APH,Information Technology (S&P 500),2024-08-31,-0.005410758139903327,0.09253948565261716,1.285139746542739,-0.005410758139903351,0.027738810044665954,0.3961397399896965,0.40639380792741286,0.11050788276553009,0.0,-0.03599788540539959,73.92,20.97,53.91,22.88,130.65,UNDERVALUED
AON,Financials (S&P 500),2024-08-31,0.07188075967625607,0.07,0.4000269010567467,0.07188075967625611,0.04939922281594425,1.873081376372582,1.3590982454037952,0.3507205342405467,0.8297029702970297,-0.16698225238032202,7.67,9.26,3.98,21.0,3.7,FAIRLY VALUED
APA,Energy (S&P 500),2024-08-31,-0.2524604966139955,0.07,0.5300512932455191,-0.2524604966139955,0.3031738623634027,1.1918729306569014,2.9218912106277353,0.6520303702434342,1.0,-0.6565075340496319,11.42,-3.64,-33.06,31.9,69.58,UNDERVALUED
ADI,Information Technology (S&P 500),2024-08-31,0.02427061267844155,0.1033235271989048,1.5441917192031849,0.024270612678441477,0.037289614333871623,0.5165502139525656,0.5511458889755462,0.16014926551973138,0.02089704383282365,-0.05356119986309904,38.22,21.12,31.55,29.68,62.52,UNDERVALUED
AMAT,Information Technology (S&P 500),2024-08-31,0.028388598022105915,0.12857614992363647,2.088962405998251,0.028388598022105877,0.0207245593890512,0.2292786872611278,0.23850203105766246,0.048733998070525496,0.0,0.0008223534919199944,107.91,-5.49,30.11,38.55,155.57,UNDERVALUED
AAPL,Information Technology (S&P 500),2024-08-31,-0.02800460530319937,0.08217960717600895,1.0087595322670422,-0.028004605303199367,0.023072079936311687,0.3697803064594363,0.33869393278116944,0.08404598212488743,0.0,-0.022971759661951436,65.11,31.11,22.52,22.4,37.08,UNDERVALUED
ADM,Consumer Staples (S&P 500),2024-08-31,-0.07504234117137343,0.07,0.4672875828204896,-0.07504234117137343,0.12214714388572787,2.0844475677822065,1.5137833715317621,0.394972339325995,0.9134419551934827,-0.28150185142641215,-23.34,16.52,-20.57,32.91,43.39,UNDERVALUED
APTV,Consumer Discretionary (S&P 500),2024-08-31,0.14649208073646292,0.07606446368061578,1.1481850924878088,0.14649208073646292,0.04229518029249763,2.0763436673682927,1.7814959365525607,0.7368191830217793,0.8766485647788984,-0.25787534031885767,-35.17,-8.87,-29.49,37.13,-34.25,OVERVALUED
ARES,Financials (S&P 500),2024-08-31,0.18866036774372819,0.07327799921105375,1.2270398780878888,0.18866036774372816,0.07187566162573113,4.992408413152586,3.935317895479192,1.7993653498984674,0.9915682967959528,-0.5438833358316636,-3.62,9.25,45.55,27.28,1.93,FAIRLY VALUED
AJG,Financials (S&P 500),2024-08-31,0.17792903421982076,0.07,0.3604442677585673,0.17792903421982084,0.01710133817114111,1.01934950347901,0.7254806068957962,0.2695127033453285,0.1523046092184369,-0.11809758879314824,33.33,20.93,27.84,17.81,-9.55,OVERVALUED
T,Communication Services (S&P 500),2024-08-31,0.013972055888223478,0.07,0.06867631693552038,0.013972055888223553,0.09415697296787141,1.7287168400363362,0.9808655480686529,0.4401048246104203,0.47219413549039435,-1.141695990275143,-57.29,22.2,43.77,21.08,38.55,UNDERVALUED
AZO,Consumer Discretionary (S&P 500),2024-08-31,0.07414237923041944,0.07,0.39736023697221673,0.07414237923041946,0.04035692388147158,1.4997577721760718,1.0523536065608832,0.2975470641987695,0.539714867617108,-0.18750917941206366,27.07,3.3,25.68,21.28,-6.9,OVERVALUED
AVB,Real Estate (S&P 500),2024-08-31,0.0672707278269915,0.07,0.6712260202216651,0.06727072782699157,0.06684933207802318,2.3872520827204866,1.699605881412806,0.4433363638636504,0.9487179487179487,-0.2591264939365878,51.5,24.08,27.31,20.03,-12.45,OVERVALUED
ADSK,Information Technology (S&P 500),2024-08-31,0.09830169830169821,0.09860004368510426,1.4184134231891115,0.0983016983016983,0.019825319426505304,0.48081176094638384,0.5060563988763036,0.16488679624777253,0.01134020618556701,-0.013278886599812066,9.81,-0.88,16.43,27.69,-2.86,FAIRLY VALUED
AVY,Materials (S&P 500),2024-08-31,-0.07467392386578608,0.07,0.8654290395758091,-0.07467392386578607,0.0222587248980588,0.22430815323971545,0.13140002476727558,0.06742685734063332,0.0,-0.1766955922437146,52.79,3.43,19.68,17.59,-14.23,OVERVALUED
BKR,Energy (S&P 500),2024-08-31,0.20561542824730572,0.07,0.6135645617819641,0.20561542824730572,0.05791794034447873,4.265638371680824,3.1289345926614507,1.0551285329180515,0.9980449657869013,-0.09982820692302666,-64.56,21.03,-0.3,24.72,85.32,UNDERVALUED
BDX,Health Care (S&P 500),2024-08-31,0.02660307366189718,0.07,0.4197446485429253,0.02660307366189719,0.0300621986989064,0.702667846232932,0.45165423924212017,0.1491857533695928,0.0,-0.2729960807932253,10.17,3.69,-11.9,19.6,2.84,FAIRLY VALUED
BAX,Health Care (S&P 500),2024-08-31,0.030128268867455565,0.07,0.48826148236732936,0.030128268867455503,0.03078876050170863,0.4152549450841824,0.15533790536319983,0.1523568274764303,0.0,-0.5869113128448449,-26.3,-9.26,-3.58,28.7,-28.7,OVERVALUED
BBY,Consumer Discretionary (S&P 500),2024-08-31,-0.061471337854766994,0.07,0.9367983648942272,-0.061471337854766946,0.0584580866585497,0.9155686895694356,0.6626094210564771,0.16545283165500257,0.028237585199610515,-0.12966678251820882,25.76,32.39,37.71,33.0,-5.55,OVERVALUED
TECH,Health Care (S&P 500),2024-08-31,0.028132261335258146,0.08620227805711227,1.1120307352236547,0.02813226133525808,0.02567258221937065,0.5225691223890313,0.5026566550725489,0.1265876980521439,0.0,-0.023759326747929823,-20.53,-0.98,-5.19,36.55,-1.34,FAIRLY VALUED
BIIB,Health Care (S&P 500),2024-08-31,-0.03320423850433485,0.07,0.6884906943602908,-0.033204238504334835,0.15021972410086057,3.398893208299374,2.5146263439270986,0.5326360663700132,1.0,-0.2119433321556447,90.88,-7.36,-23.41,26.01,4.68,FAIRLY VALUED
BLK,Financials (S&P 500),2024-08-31,-0.0007833044256699839,0.08005232670064878,1.018896707592063,-0.0007833044256700051,0.036498257151009586,0.7705853836747353,0.7009766673174724,0.16285423480313144,0.0374331550802139,-0.007525012561716076,15.17,9.46,32.21,19.54,31.85,UNDERVALUED
BMY,Health Care (S&P 500),2024-08-31,-0.024978877358694973,0.07,0.3892070633605643,-0.024978877358694945,0.148226760969733,3.048649898496042,2.199562968409381,0.5266506849308088,0.9978858350951374,-0.3261027268886444,-23.39,0.75,-14.97,26.26,43.83,UNDERVALUED
BF-B,Consumer Staples (S&P 500),2024-08-31,-0.011825922421948909,0.07,0.5050928660662174,-0.011825922421948912,0.06130782061850857,1.390923517917196,1.006886290901258,0.22646200779878528,0.4959183673469388,-0.13050566405702957,-42.58,-23.67,-29.97,26.22,-33.98,OVERVALUED
BRO,Financials (S&P 500),2024-08-31,0.1785012629806344,0.07,0.5311788943576177,0.1785012629806343,0.04125989598489073,2.8807928337407174,2.115618404237558,0.7606805753892528,0.9641393442622951,-0.11268136138009671,31.67,25.59,42.79,18.61,-30.38,OVERVALUED
BSX,Health Care (S&P 500),2024-08-31,0.12285128528623246,0.07,0.5344952658465066,0.12285128528623246,0.015047836963181727,0.7041014663962056,0.5102080468473404,0.15242335412190616,0.0019398642095053346,-0.07196335836639092,27.83,21.3,51.63,19.05,-39.64,OVERVALUED
BG,Consumer Staples (S&P 500),2024-08-31,-0.11440980485483099,0.07,0.324326056294153,-0.11440980485483103,0.06088384246814647,0.6462575140060762,0.5385467432011503,0.16356462446479694,0.010080645161290322,-0.22034315371399926,-30.38,14.07,-8.87,23.56,22.08,UNDERVALUED
BKNG,Consumer Discretionary (S&P 500),2024-08-31,0.2501462843768285,0.08688445465451733,1.2028300620193064,0.25014628437682856,0.06538623562634632,4.175346533171789,3.9784225757629814,1.5412039854436401,0.9994040524433849,-0.02022489671461922,23.06,13.49,26.51,26.26,36.4,UNDERVALUED
AVGO,Information Technology (S&P 500),2024-08-31,0.07878806131976024,0.13269938423662103,2.227165950153947,0.07878806131976027,0.02063421068564264,0.24723301267894315,0.2577215867485805,0.06749037986106557,0.0,-0.03784583179381107,175.52,16.98,79.53,43.21,127.78,UNDERVALUED
CDNS,Information Technology (S&P 500),2024-08-31,0.1483183115563893,0.11567366924630056,1.740739378925773,0.14831831155638936,0.014608284138197999,0.36956965101042305,0.3960758869870473,0.14076168416975418,0.0030015007503751876,0.003335683020197444,36.7,-15.25,11.85,30.3,16.61,UNDERVALUED
CAH,Health Care (S&P 500),2024-08-31,0.130444613568931,0.07,0.10914342683999337,0.13044461356893108,0.10861354712204108,6.115181195281009,4.513857972582475,1.3492355949068429,1.0,-0.022671207698867823,-92.23,1.04,31.74,21.19,108.01,UNDERVALUED
CPT,Real Estate (S&P 500),2024-08-31,0.08383095906817473,0.07,0.7812176764144256,0.08383095906817473,0.0319521585280706,1.091209853875029,0.745809380014723,0.2414959323210025,0.15462868769074262,-0.2785474131647829,35.99,32.06,21.21,23.87,-7.1,OVERVALUED
CAT,Industrials (S&P 500),2024-08-31,0.1284433001834182,0.07720174284939522,1.1863195107836766,0.12844330018341832,0.05669136261891907,2.5415588426041356,2.2275367953575618,0.8058068251961734,0.9768656716417911,-0.17810267875147795,1.19,5.97,28.9,25.53,134.7,UNDERVALUED
CDW,Information Technology (S&P 500),2024-08-31,-0.0999086265774548,0.07,0.8659514684536858,-0.09990862657745476,0.05279303089500666,0.5514721717967674,0.43198344986747605,0.1273643454536223,0.0,-0.177669924630972,23.74,-8.04,8.01,22.77,-39.05,OVERVALUED
CBOE,Financials (S&P 500),2024-08-31,-0.046734874321081255,0.07,-0.2425992063016464,-0.04673487432108122,0.012699997067333353,0.21939846346208033,0.15229544419841123,0.04076374666205346,0.0,-0.04991172229555404,-27.19,9.15,38.86,20.05,45.1,UNDERVALUED
CNC,Health Care (S&P 500),2024-08-31,0.06539049582488743,0.07,0.33219874902861707,0.0653904958248874,0.02908679236537649,1.1010795185215638,0.8158446131229521,0.1867438968040193,0.17681728880157171,-0.03996831519059831,-41.84,0.65,27.87,25.23,-18.64,OVERVALUED
CHTR,Communication Services (S&P 500),2024-08-31,0.010828921550479542,0.07,0.909662297465571,0.010828921550479435,0.17191716267721388,3.0111512067373267,1.765027172380053,0.7734584380163965,0.8247524752475247,-1.9316385727993166,0.37,24.54,-20.67,39.1,-57.48,OVERVALUED
CF,Materials (S&P 500),2024-08-31,-0.4072054353656356,0.07,0.5436041530451946,-0.40720543536563564,0.15065083009508906,0.1883220401201349,1.5189675562758806,0.29888280911678927,0.9712586719524281,-0.08021160131744241,91.91,5.4,10.49,28.5,58.12,UNDERVALUED
COR,Health Care (S&P 500),2024-08-31,0.09885871571731775,0.07,-0.036722234735489426,0.09885871571731782,0.08399645469789332,3.9667158119856367,2.9073758980440223,0.7817704115882594,1.0,-0.04636506621416391,68.13,2.05,37.39,16.43,33.46,UNDERVALUED
CRL,Health Care (S&P 500),2024-08-31,0.03856807995855194,0.08543459488817841,1.4460222356821901,0.03856807995855193,0.03678501369915068,0.5615471009513955,0.529491433778273,0.2021895191230827,0.014970059880239521,-0.27478185648383024,-11.45,-23.63,-4.39,35.4,47.38,UNDERVALUED
CVX,Energy (S&P 500),2024-08-31,-0.16462113466572204,0.07,0.37189626805488796,-0.16462113466572204,0.13258456831306317,1.5411734341526728,1.663601032582857,0.32164107906739575,0.9880715705765407,-0.05020880826106455,21.77,1.5,-4.18,20.61,51.12,UNDERVALUED
CHD,Consumer Staples (S&P 500),2024-08-31,0.09158047473770359,0.07,0.04956514155042101,0.0915804747377037,0.03351587884002035,1.4545803316555368,1.0542386266555508,0.2835372815089121,0.5444214876033058,-0.08529128791801885,-26.91,1.49,6.49,17.63,-2.0,FAIRLY VALUED
CI,Health Care (S&P 500),2024-08-31,0.08215741262133225,0.07,0.2825699635832238,0.08215741262133217,0.05724516649052332,2.2072715073008378,1.557362478702555,0.4206875129357027,0.9134241245136187,-0.22717879608941,44.99,8.32,33.27,26.89,-21.09,OVERVALUED
CSCO,Information Technology (S&P 500),2024-08-31,0.10553368116841555,0.07,0.6768845624108903,0.10553368116841554,0.06654869175343404,3.4851320225025564,2.631693013537926,0.7589858092465602,0.9989868287740629,0.008838846997416097,10.31,4.6,-9.04,20.15,127.4,UNDERVALUED
CTAS,Industrials (S&P 500),2024-08-31,0.08857378182209619,0.07220473628617968,0.7740748394064252,0.0885737818220963,0.023712862381998837,1.0082628362297426,0.8013108215963219,0.21869937250374513,0.18449197860962566,-0.029039016149470315,47.36,28.46,61.1,18.93,2.9,FAIRLY VALUED
CME,Financials (S&P 500),2024-08-31,0.11146750607642342,0.07,0.034097320893112175,0.11146750607642347,0.04630713372631276,2.256544478569574,1.6687387002808425,0.437303942678102,0.959203036053131,-0.007192366317588463,15.41,-1.46,11.49,16.9,36.32,UNDERVALUED
CTSH,Information Technology (S&P 500),2024-08-31,-0.0038604076590488257,0.07,0.7051315628322707,-0.0038604076590487957,0.05704925458642633,1.5818090466177674,1.1902248071407662,0.23046846957010114,0.7797131147540983,0.03502366572261476,44.34,-0.84,10.38,19.5,-18.64,OVERVALUED
CL,Consumer Staples (S&P 500),2024-08-31,0.08292981577336223,0.07,0.17562706468622283,0.08292981577336228,0.03679473767209843,1.5163985263576467,1.10411818166357,0.2913814905400656,0.6167664670658682,-0.09701362913790845,6.44,23.99,48.39,14.58,-11.73,OVERVALUED
KO,Consumer Staples (S&P 500),2024-08-31,0.06394753976374301,0.07,0.2042407543560468,0.06394753976374291,0.03757391627367322,1.4047990178677554,1.017941045166824,0.2682582445720288,0.5105740181268882,-0.11084972241707147,4.48,23.08,25.01,13.4,32.17,UNDERVALUED
CMCSA,Communication Services (S&P 500),2024-08-31,0.0011941331005460576,0.07,0.6377200910512725,0.001194133100546007,0.16513896448604715,3.9393722202756045,2.783975708694811,0.681031682658974,1.0,-0.6680368174525058,4.73,-3.97,-12.91,22.53,-22.73,OVERVALUED
ED,Utilities (S&P 500),2024-08-31,-0.06426292278238677,0.07,0.1017499361556286,-0.06426292278238672,0.08436042194862765,1.002312081737541,0.5796015528289632,0.27908408308450283,0.06808943089430894,-0.7259873682680201,-9.76,15.87,18.26,17.43,14.02,UNDERVALUED
FIX,Industrials (S&P 500),2024-08-31,0.2575609294255288,0.11446625881244969,1.7322191293968323,0.2575609294255288,0.018982678009915176,0.8675022353606826,0.8842004599835305,0.3533418089868378,0.32030075187969925,-0.004115775752209655,85.45,10.7,92.28,42.77,375.95,UNDERVALUED
COP,Energy (S&P 500),2024-08-31,-0.28477335847325913,0.07,0.337476434612303,-0.2847733584732591,0.09739595260046195,0.37901443137865404,1.0456820883428062,0.22019692857718895,0.5741293532338309,-0.10565579883106162,44.49,3.32,-1.42,21.73,26.22,UNDERVALUED
STZ,Consumer Staples (S&P 500),2024-08-31,0.053868776844466115,0.07,0.5666739862291057,0.053868776844466074,0.031177472305965664,0.8704811566306836,0.5729922457702098,0.18906891134012013,0.01016260162601626,-0.29627951346155523,-58.99,-2.15,-6.17,19.0,-41.4,OVERVALUED
CEG,Utilities (S&P 500),2024-08-31,0.019558101472995082,0.0962028613171371,1.5091485317559405,0.01955810147299509,0.01941537872292762,0.18253632844416254,0.1901624958845062,0.08455038596749845,0.0,-0.14428283238957998,-30.32,12.37,90.3,42.92,40.37,UNDERVALUED
CPAY,Financials (S&P 500),2024-08-31,0.09646266598076703,0.07,0.9744029574951061,0.096462665980767,0.04394462251835207,1.9350958051975613,1.3681944707752616,0.4427289611298019,0.780835881753313,-0.23567280601240556,25.94,12.03,16.13,25.58,30.57,UNDERVALUED
CTVA,Materials (S&P 500),2024-08-31,-0.013119450014322576,0.07402954984856534,0.7961169059210034,-0.013119450014322544,0.032350101406331704,0.7650759755832004,0.6236791822408895,0.1292065593786898,0.0,0.003937185379481922,3.25,7.19,14.51,30.68,41.54,UNDERVALUED
COST,Consumer Staples (S&P 500),2024-08-31,0.06757316460604357,0.07478236513860384,0.8330455980049694,0.06757316460604351,0.0067831934159014165,0.2532031022486456,0.2115660252149363,0.04905602257126702,0.0,0.012322121364531912,62.48,17.9,67.21,19.39,5.76,UNDERVALUED
CSX,Industrials (S&P 500),2024-08-31,-0.013195987342624393,0.07,0.6395018331096183,-0.013195987342624386,0.07296196642455083,1.524405365095721,1.077977112291081,0.26610325998019346,0.603,-0.27010100945914306,8.71,-10.07,15.05,17.69,52.58,UNDERVALUED
CMI,Industrials (S&P 500),2024-08-31,0.21340029920923276,0.07,0.7292037693449939,0.21340029920923273,0.037920841738053955,2.8425836662272017,2.0445303586964707,0.7092280130103797,0.9579579579579579,-0.11696113429585302,59.16,16.68,39.55,22.98,95.64,UNDERVALUED
CRH,Materials (S&P 500),2024-08-31,0.06802554777984904,0.08558031849366252,1.3403116515602156,0.06802554777984904,0.052249587176863906,1.273824201175741,1.2421320157828681,0.3610846908252921,0.7157956547269524,-0.10876269108850324,88.0,10.03,62.99,29.06,4.88,FAIRLY VALUED
DRI,Consumer Discretionary (S&P 500),2024-08-31,0.08602376094128417,0.07,0.5532890918830315,0.08602376094128415,0.07833900500269647,3.3313374796334863,2.4165641309226187,0.6972905350113272,0.9940652818991098,-0.29614656739803596,-5.07,-7.45,5.39,20.52,46.61,UNDERVALUED
CVS,Health Care (S&P 500),2024-08-31,0.10949647560835674,0.07,0.3912036811851836,0.10949647560835682,0.28158474799070643,12.595996511523502,9.148676457114249,2.6191751520924194,1.0,-1.0419103543225068,-42.05,-20.9,-8.73,30.08,76.54,UNDERVALUED
DHR,Health Care (S&P 500),2024-08-31,-0.10332920466914386,0.07,0.7633414989594098,-0.10332920466914386,0.02937023347661206,0.4207291428395189,0.32949554380490403,0.08451775624207057,0.0,-0.06954934615098975,54.22,5.35,15.14,23.21,-18.81,OVERVALUED
DVA,Health Care (S&P 500),2024-08-31,0.04567251001602601,0.07,0.5122405107616652,0.045672510016025986,0.10941994134147444,3.1316063382032207,2.1207108823495995,0.6161209197505331,0.9780658025922233,-0.8009029003405885,16.66,20.03,47.35,34.99,16.11,UNDERVALUED
DE,Industrials (S&P 500),2024-08-31,0.17483717483717487,0.07,0.7647655159781782,0.17483717483717484,0.04375822662381512,2.938943400189591,2.0606584316237773,1.0091729545393497,0.8869475847893115,-0.5315934669809735,-29.93,6.66,-4.73,23.27,65.29,UNDERVALUED
DECK,Consumer Discretionary (S&P 500),2024-08-31,0.18208572469885187,0.09851232053732673,1.3567141020099387,0.18208572469885198,0.01694223521616348,0.7307961779524661,0.7756141374341621,0.3002133717987266,0.18863049095607234,0.05031023203501533,45.35,3.53,81.31,39.95,-44.42,OVERVALUED
DVN,Energy (S&P 500),2024-08-31,-0.2040273358025979,0.07,0.6258450990493157,-0.20402733580259794,0.11914284610767163,0.6005630598897308,1.0582858838557776,0.22520128116199364,0.5836653386454184,-0.20739465085469763,10.45,2.65,-8.38,25.98,16.59,UNDERVALUED
FANG,Energy (S&P 500),2024-08-31,-0.12826677817269494,0.07,0.45306547581136425,-0.12826677817269497,0.043728297387138994,0.3852787751984586,0.3399001750106253,0.10403568184921295,0.0,-0.18746598764652272,67.5,11.48,36.5,24.57,13.69,UNDERVALUED
DAL,Industrials (S&P 500),2024-08-31,0.1476019137242497,0.07,1.2514632868686306,0.14760191372424974,0.16991313531357413,10.540835411143762,7.665484603835692,2.8782765078250137,1.0,-0.9182035014192077,-38.18,2.76,0.14,31.16,95.16,UNDERVALUED
DELL,Information Technology (S&P 500),2024-08-31,-0.13563894781087182,0.10099827439661194,1.842349938675547,-0.13563894781087185,0.10492952678296177,0.4760337511012443,0.6782194520246342,0.22024319202802578,0.0891946992864424,-0.23536767578313084,74.55,-4.42,109.05,60.1,288.03,UNDERVALUED
DG,Consumer Staples (S&P 500),2024-08-31,0.022374133049444467,0.07,0.504945445878706,0.02237413304944452,0.08774241546554364,1.7486646311970817,1.0345959384335965,0.41980605126139814,0.5196770938446014,-1.0089287029845053,-33.82,-43.64,-39.0,46.34,52.24,UNDERVALUED
DLTR,Consumer Staples (S&P 500),2024-08-31,0.08886870194335406,0.07,0.647712396267355,0.08886870194335399,0.08201813393793826,3.2246287119514676,2.293268956069416,0.6550061471436486,0.992992992992993,-0.37712279508198665,-32.74,-42.3,-30.95,31.26,52.03,UNDERVALUED
DPZ,Consumer Discretionary (S&P 500),2024-08-31,-0.012739252192672135,0.07,0.7148287965964303,-0.012739252192672152,0.04635109500885959,0.8284136809545141,0.5266834651221651,0.1811594878794359,0.0009606147934678194,-0.36648379737396486,3.49,-7.38,8.24,28.11,-16.48,OVERVALUED
DOW,Materials (S&P 500),2024-08-31,-0.2158096376225792,0.07,0.7763270908614601,-0.21580963762257918,0.10251898816995927,0.527691897245649,0.9388719068182698,0.24074424429569105,0.42512562814070354,-0.3992126103159008,166.86,-3.62,3.39,19.46,-31.47,OVERVALUED
DOV,Industrials (S&P 500),2024-08-31,-0.020358803871510234,0.0707504325603723,0.8511326245032628,-0.020358803871510244,0.026775410258455132,0.5168382122337051,0.35882304418045075,0.10166120969671635,0.0,-0.12838407200187094,37.38,11.45,27.01,20.6,9.44,UNDERVALUED
EBAY,Consumer Discretionary (S&P 500),2024-08-31,0.03236345074017355,0.07,0.7302208593147562,0.032363450740173556,0.04828164599315157,1.3845854787038114,0.9751868430575796,0.2413559928485239,0.4695912263210369,-0.20959586576289763,23.59,22.66,34.81,24.48,81.57,UNDERVALUED
ETN,Industrials (S&P 500),2024-08-31,0.11777178103315333,0.09937251071696328,1.5128415961453774,0.11777178103315343,0.016889331072393477,0.3609207353807334,0.3836136118103716,0.15034056073246319,0.0005175983436853002,-0.07781883213419818,54.8,4.47,35.04,28.03,38.58,UNDERVALUED
ECL,Materials (S&P 500),2024-08-31,0.07981505236893671,0.07,0.5757376097052875,0.0798150523689367,0.02118283534205929,0.8029527307182732,0.5679705899988365,0.16186799606818034,0.006958250497017893,-0.11036114942806009,32.4,12.62,39.23,20.1,13.48,UNDERVALUED
EOG,Energy (S&P 500),2024-08-31,-0.21395632713956325,0.07,0.31122651410761265,-0.21395632713956328,0.07486734603594124,0.4907534556094599,0.8106799016243604,0.1435014717920054,0.09285714285714286,0.01647102012516204,6.89,12.75,4.29,23.17,26.17,UNDERVALUED
EW,Health Care (S&P 500),2024-08-31,0.12231182795698925,0.08212357701735064,0.9880490234522822,0.12231182795698925,0.007749788210396379,0.30573934383806767,0.2872743367590101,0.0882360302035474,0.0,0.010634210966103216,0.46,-19.6,-8.51,41.91,28.4,UNDERVALUED
EFX,Industrials (S&P 500),2024-08-31,0.02791769161688329,0.08516727853396262,1.231658408895458,0.02791769161688337,0.02023268043471023,0.2923670548040326,0.2752435144281074,0.10363028273978013,0.0,-0.14755369123737458,58.71,14.29,49.61,29.81,-36.29,OVERVALUED
EQR,Real Estate (S&P 500),2024-08-31,0.050740353468510246,0.07,0.6820466004460785,0.0507403534685103,0.07787969617715047,2.552925389613735,1.8004773322289456,0.45078270341887217,0.9792899408284024,-0.29245756223070124,21.99,21.59,20.48,20.29,-7.71,OVERVALUED
EQIX,Real Estate (S&P 500),2024-08-31,0.12735784111248805,0.07150883408631581,1.0000829621835894,0.12735784111248796,0.02046364313201634,0.8215490781338516,0.5876137987489155,0.22225206237087347,0.0446343779677113,-0.20329150461367923,3.66,-7.71,9.04,25.82,35.39,UNDERVALUED
ESS,Real Estate (S&P 500),2024-08-31,0.0389472583634447,0.07,0.8002606596873195,0.03894725836344468,0.03382470096566017,0.8399736658054625,0.5321456667072515,0.17638521810813879,0.0,-0.3265770786204462,33.42,26.32,31.7,22.14,2.61,FAIRLY VALUED
EXE,Energy (S&P 500),2024-08-31,-0.3205453115441754,0.07,0.6217287416649797,-0.3205453115441755,0.12919101967454186,0.4010763086582626,1.3997614852152356,0.2793917237001061,0.921,-0.11196884629922933,-15.96,-7.53,-12.99,24.13,36.19,UNDERVALUED
EXPD,Industrials (S&P 500),2024-08-31,-0.45521906846608606,0.07,0.6444322868627509,-0.45521906846608606,0.08381060183514268,0.16959703022660363,0.9434688600448732,0.15483372858132705,0.3840725806451613,0.05679359425387464,120.2,3.5,7.0,20.14,54.6,UNDERVALUED
EXPE,Consumer Discretionary (S&P 500),2024-08-31,0.1004542727350648,0.07565693211188969,1.2094565645156328,0.10045427273506471,0.0733121571937103,2.9811042170352553,2.4987477821400406,0.7682814677498748,0.9984459984459985,-0.12438849494144645,1.73,2.63,28.32,43.26,135.96,UNDERVALUED
EXR,Real Estate (S&P 500),2024-08-31,0.3305705836802362,0.07087151119211338,0.9920396468397485,0.3305705836802362,0.04452673178765344,5.2727509446828655,2.9707878234790623,0.9418022000199542,0.9874274661508704,-0.3254250754197989,48.7,22.6,42.79,29.99,-9.23,OVERVALUED
XOM,Energy (S&P 500),2024-08-31,-0.16047657866683385,0.07,0.16717217612728655,-0.16047657866683387,0.08469310275802576,0.8897564882267724,0.9889318676385257,0.19077984106915086,0.4792719919110212,-0.02284266680376514,51.49,14.85,9.79,20.29,50.2,UNDERVALUED
FDS,Financials (S&P 500),2024-08-31,0.13103587411844075,0.07,0.6362444103724162,0.13103587411844078,0.047504910176053794,2.8091762577404666,2.076944788146889,0.7071995495428505,0.9639175257731959,-0.09008234169576905,-24.52,-8.6,-2.2,20.37,-27.33,OVERVALUED
FAST,Industrials (S&P 500),2024-08-31,0.052445348537375036,0.07,0.6366578639016456,0.05244534853737501,0.03011856575139149,1.121534312656341,0.8267881580075396,0.19279718041977276,0.20892494929006086,-0.008380975014034982,42.67,-7.65,22.13,21.31,54.83,UNDERVALUED
FDX,Industrials (S&P 500),2024-08-31,-0.02730852420830787,0.07,0.8071191232223321,-0.027308524208307913,0.0664652676798379,1.0235136406875527,0.6191087270347493,0.23668554718422863,0.05595116988809766,-0.552988701465702,13.47,22.35,16.79,28.81,41.09,UNDERVALUED
FICO,Information Technology (S&P 500),2024-08-31,0.09895445337515518,0.08603211404985028,1.1064822465598463,0.0989544533751552,0.011133783175030242,0.30150891177774725,0.2939512346819909,0.09945911300328969,0.0,-0.04118452869441451,210.44,32.97,91.28,30.6,-33.55,OVERVALUED
FE,Utilities (S&P 500),2024-08-31,0.03298820130026492,0.07,0.28627341453585603,0.03298820130026487,0.06094359174881937,0.9762595828543553,0.4428177156486271,0.3058216038259009,0.016267942583732056,-1.0649153533039009,13.19,20.35,27.19,17.62,16.48,UNDERVALUED
FIS,Financials (S&P 500),2024-08-31,0.011419753086419737,0.07,0.8588212204795889,0.011419753086419753,0.06712584814647689,1.6067476312836237,1.0887214535642238,0.3057538909860868,0.6159921026653504,-0.4137819750249757,12.95,19.89,51.81,23.36,-48.21,OVERVALUED
FISV,Financials (S&P 500),2024-08-31,0.07645035800868238,0.07,0.7351369099080138,0.07645035800868241,0.03634819528669961,1.2915712974265128,0.9015215496720064,0.2638406963813376,0.36489151873767256,-0.21243360706940007,16.37,16.41,43.83,17.17,-70.57,OVERVALUED
FTNT,Information Technology (S&P 500),2024-08-31,0.200887399827953,0.07057496664729287,0.7270494520486853,0.2008873998279531,0.018071389178886763,1.4474248011780224,1.1159990008773777,0.3918010943084814,0.5672514619883041,0.006948024033050422,12.44,7.45,27.4,39.32,96.57,UNDERVALUED
F,Consumer Discretionary (S&P 500),2024-08-31,0.1147307616872395,0.07,1.2673406480844331,0.11473076168723942,0.11881452366802336,2.7001356883065646,1.1805838988987924,1.140331790148677,0.5283926852743022,-3.198150540551608,-49.94,-9.71,-1.1,38.0,40.83,UNDERVALUED
FLEX,Information Technology (S&P 500),2024-08-31,-0.07322293172408956,0.08507028095398456,1.2509205083015826,-0.07322293172408954,0.10994217479933746,1.2719572443948957,1.2203775941776978,0.3159373007230794,0.720048163756773,-0.09631028831640844,82.99,8.41,56.27,36.2,239.55,UNDERVALUED
BEN,Financials (S&P 500),2024-08-31,-0.05146641209382141,0.07,1.0108240889088398,-0.05146641209382137,0.1295117075631452,2.0149725887835226,1.299711065402897,0.43524169736308016,0.7304609218436874,-0.819834746490987,49.3,-25.13,-20.56,30.73,87.92,UNDERVALUED
GD,Industrials (S&P 500),2024-08-31,0.07270281929606415,0.07,0.3972635034099442,0.07270281929606415,0.022129448501655803,0.8016637780209561,0.5640592735774131,0.16499301399418956,0.0039100684261974585,-0.11632364772005598,19.56,10.06,34.92,17.7,33.99,UNDERVALUED
GEHC,Health Care (S&P 500),2024-08-31,0.06602693419115635,0.07679789442134989,1.1526665119213633,0.06602693419115642,0.0669575689287514,1.9867763071163607,1.690884322871687,0.45227938331897266,0.9530791788856305,-0.19148924301158113,22.6,-8.46,20.59,30.17,-12.37,OVERVALUED
GE,Industrials (S&P 500),2024-08-31,0.21308212361440004,0.0870179167921441,1.1786351388676188,0.21308212361439993,0.04706274401531279,2.8357786484162437,2.9016336766408295,1.2759971627510556,0.9807355516637478,-0.028320119019543927,-11.78,36.36,92.08,27.71,99.65,UNDERVALUED
FCX,Materials (S&P 500),2024-08-31,0.0032923617208078237,0.09055654844982715,1.3610792596878765,0.003292361720807726,0.04826456836499345,0.7530065019812061,0.7561773599100466,0.2160220409376903,0.15350635008282718,-0.0822395540596759,33.08,16.24,12.47,34.43,64.96,UNDERVALUED
GEN,Information Technology (S&P 500),2024-08-31,0.14561350618028346,0.07008456634414852,0.8309113956500772,0.14561350618028338,0.05523052239286291,3.1782634997266976,2.2723407893153778,0.9328553424388789,0.9392378990731205,-0.49146906944078345,30.03,23.15,33.56,30.78,10.49,UNDERVALUED
GPC,Consumer Discretionary (S&P 500),2024-08-31,0.04501440149297786,0.07,0.7374940243622371,0.04501440149297793,0.033897824588385445,1.010822094306028,0.6883267098913084,0.19875546283730564,0.06567164179104477,-0.2023726153980072,-18.52,-3.81,-4.26,25.47,-0.79,FAIRLY VALUED
GIS,Consumer Staples (S&P 500),2024-08-31,-0.011794448149217152,0.07,-0.13906418048539182,-0.011794448149217186,0.07532190031247665,1.5165854500845217,1.040953452128751,0.2808311832174414,0.5419103313840156,-0.35300468481367536,-8.64,14.35,10.84,19.33,-39.38,OVERVALUED
GNRC,Industrials (S&P 500),2024-08-31,-0.11875163892246143,0.096375960902571,1.5402683602201015,-0.11875163892246147,0.03435767562120818,0.13505681805430758,0.18046160577901915,0.08227138752848523,0.0,-0.1628081266119637,95.77,38.25,31.75,38.09,32.08,UNDERVALUED
GILD,Health Care (S&P 500),2024-08-31,-0.006048165389831772,0.07,0.20228751594860314,-0.006048165389831751,0.04824669156062008,1.0886110563160833,0.7628035506251595,0.19349260008555755,0.11295034079844206,-0.2033771555474128,-15.67,11.82,7.64,24.21,92.31,UNDERVALUED
HAL,Energy (S&P 500),2024-08-31,0.13405922057446906,0.07,0.582184908289791,0.13405922057446915,0.09054145173749294,5.379055062637932,3.980521420983457,1.3839528936258247,1.0,-0.24879065471257708,-37.99,-10.75,-18.01,26.74,20.61,UNDERVALUED
GDDY,Information Technology (S&P 500),2024-08-31,0.039791753232468974,0.07249546191918858,0.8677108584206258,0.0397917532324689,0.051897178192926885,1.5128332448364163,1.1714827990875067,0.278212480959151,0.7004444444444444,-0.14620643871406744,71.29,50.47,130.88,24.41,-41.35,OVERVALUED
HCA,Health Care (S&P 500),2024-08-31,0.07861139242607873,0.07,0.6537342306029315,0.07861139242607873,0.07175058299276393,2.6780831072640354,1.868052449770319,0.5352715078987326,0.961577350859454,-0.3953793507475997,45.05,26.46,43.88,24.01,4.23,FAIRLY VALUED
HSIC,Health Care (S&P 500),2024-08-31,-0.02435360164465883,0.07,0.5379776577153481,-0.02435360164465881,0.03978718149109132,0.7185884198113728,0.4703293509414938,0.14544391473026086,0.0,-0.28184675863623493,15.73,-8.13,-7.83,24.46,25.39,UNDERVALUED
HLT,Consumer Discretionary (S&P 500),2024-08-31,0.16664766898438388,0.07318010879463588,0.9379526424339846,0.1666476689843839,0.03672000245000937,2.087337505096993,1.642732260858784,0.6145609152139968,0.8697552447552448,-0.16803664309672478,54.81,8.67,48.21,19.83,50.64,UNDERVALUED
HSY,Consumer Staples (S&P 500),2024-08-31,0.07156895659149276,0.07,0.26018325626376104,0.07156895659149266,0.03278950470500484,1.2600258973094371,0.8938839611864643,0.24591155205135612,0.3244019138755981,-0.12740959271385827,-22.09,6.37,-7.69,20.48,3.81,FAIRLY VALUED
HD,Consumer Discretionary (S&P 500),2024-08-31,-0.030075665648049865,0.07555379507343508,0.9840902289816374,-0.03007566564804991,0.05190267328807349,0.8902254365902504,0.7295103560551627,0.18891741042181381,0.09211553473848556,-0.1385974627184711,23.29,-1.27,14.46,20.68,-5.14,OVERVALUED
HON,Industrials (S&P 500),2024-08-31,-0.06927761800033838,0.07,0.6346194191132848,-0.06927761800033835,0.08343403034455073,1.2044977561592505,0.8778323983576475,0.24936311208300438,0.3140578265204387,-0.21150041451204635,2.44,5.48,13.1,16.05,10.56,UNDERVALUED
HPE,Information Technology (S&P 500),2024-08-31,0.0224241998877035,0.07,1.3324288096517711,0.022424199887703538,0.08835508724663999,2.417978199756097,1.6929910003873598,0.42680747717940243,0.944558521560575,-0.39092607395684364,18.43,14.46,17.27,34.34,186.86,UNDERVALUED
HRL,Consumer Staples (S&P 500),2024-08-31,-0.02799594118409099,0.07,0.2850785163062188,-0.027995941184090996,0.12199086858303028,2.8530754261471523,2.099646702957231,0.4501692886835763,0.9960435212660732,-0.1580774981736107,-8.29,-1.93,-12.67,28.11,-19.13,OVERVALUED
HST,Real Estate (S&P 500),2024-08-31,0.08233136335846747,0.07125360434620143,1.081408571776511,0.0823313633584675,0.08048149767090486,2.953004377920683,2.1593640414562234,0.5957715126217267,0.9915254237288136,-0.33311809458932223,-4.0,-14.2,18.43,23.8,49.17,UNDERVALUED
HWM,Industrials (S&P 500),2024-08-31,0.17252339749249512,0.08472116857324036,1.116134516524476,0.17252339749249515,0.0282628268793961,1.2224933670158584,1.2099778139143629,0.4981439185755242,0.6076876143990237,-0.08179092715619703,63.8,42.8,96.05,31.57,184.48,UNDERVALUED
HPQ,Information Technology (S&P 500),2024-08-31,-0.14611349546971864,0.07,0.7991707560339222,-0.14611349546971864,0.11930441488450329,1.1697735873873663,1.1952116608009158,0.2660442786668346,0.7643504531722054,-0.2331175902509442,45.7,26.59,26.07,29.03,-11.04,OVERVALUED
HUBB,Industrials (S&P 500),2024-08-31,0.08589502617271982,0.0904286382695731,1.3287035757850119,0.08589502617271974,0.04147236585633715,1.0313798290894476,1.062634319629431,0.3557423296101523,0.5013683634373289,-0.09293335693571952,29.1,3.78,24.35,29.47,20.05,UNDERVALUED
IBM,Information Technology (S&P 500),2024-08-31,0.02197257558235588,0.07,0.6988479367485402,0.021972575582355856,0.045215667907296385,1.1294351479041151,0.7738948183932333,0.21740604879825295,0.17898022892819979,-0.26733434232873604,-45.92,6.66,43.13,21.4,21.97,UNDERVALUED
HII,Industrials (S&P 500),2024-08-31,0.0728737354814537,0.07,0.5532246168710685,0.07287373548145373,0.06305504599565942,2.4102839373428027,1.739547675121244,0.46617176603400456,0.9622641509433962,-0.2078373219526299,3.37,-3.67,30.91,23.91,10.65,UNDERVALUED
IEX,Industrials (S&P 500),2024-08-31,0.028913542223200084,0.07052644148379393,0.7966157751070141,0.028913542223199976,0.0344297925903748,1.0494879058952953,0.7834676018761874,0.17807407911602885,0.119140625,-0.053540312184400626,-11.93,-12.54,-7.64,19.32,16.52,UNDERVALUED
ITW,Industrials (S&P 500),2024-08-31,0.010984182776801354,0.07,0.5910779537980064,0.010984182776801407,0.04514957607311467,1.1981954284111305,0.8611691233508076,0.20122684541124777,0.2613412228796844,-0.10120266301390453,13.65,-1.17,4.69,15.64,17.25,UNDERVALUED
INCY,Health Care (S&P 500),2024-08-31,0.08867345090120149,0.07,0.29933686229400935,0.08867345090120146,0.009963285298232732,0.6527220637097143,0.5388357193933022,0.07288583193222042,0.0,0.21560119616475337,-49.71,9.95,1.75,26.57,93.76,UNDERVALUED
IDXX,Health Care (S&P 500),2024-08-31,0.08719950916514119,0.09207536838201102,1.229769938009964,0.08719950916514123,0.004050194583715245,0.09167438512631228,0.09535086778938567,0.03460570259197069,0.0,-0.015348651379596139,-4.15,-15.75,-5.88,28.52,13.41,UNDERVALUED
IR,Industrials (S&P 500),2024-08-31,0.16222977198586963,0.08843324405041705,1.1957936299001743,0.16222977198586955,0.026224112867670787,0.9520084289344252,0.96435885685673,0.3509712771751925,0.3917995444191344,-0.031771975619362944,24.09,-0.03,31.5,25.79,-13.09,OVERVALUED
IBKR,Financials (S&P 500),2024-08-31,0.8575858778625953,0.21303334951818764,0.5943269467902837,0.8575858778625954,0.19561642019478764,25.874239335075654,3.6398112815670056,0.41200169111069324,1.0,0.2731353585060841,20.05,16.51,42.39,23.84,181.27,UNDERVALUED
ICE,Financials (S&P 500),2024-08-31,0.027708592777085927,0.07,0.6297775818842527,0.027708592777085927,0.11640977436309997,3.5551891936470765,2.5725545160009458,0.5593210962767816,1.0,-0.24355143913832836,7.52,17.78,38.82,16.15,0.55,FAIRLY VALUED
INTU,Information Technology (S&P 500),2024-08-31,0.1290271884331291,0.09439494162558551,1.307402830583818,0.12902718843312902,0.012280353328628436,0.32969208277134204,0.34945132312721194,0.11833004359949419,0.0005285412262156448,-0.022118731896652335,13.45,-5.45,17.03,26.59,-41.56,OVERVALUED
IQV,Health Care (S&P 500),2024-08-31,0.039833448993754406,0.08150521683194306,1.2711542187354619,0.039833448993754336,0.03849535792553185,0.689495801617741,0.6093696093412015,0.2121538297982907,0.04284772577455504,-0.2742226810438574,-0.82,-0.0,12.99,29.9,1.79,FAIRLY VALUED
JKHY,Financials (S&P 500),2024-08-31,0.06939065842325132,0.07,0.6028448414070658,0.0693906584232512,0.015217622301112252,0.5985648383991797,0.4372034649297025,0.10377062261720903,0.0,-0.021419744182111927,-2.25,0.34,11.83,18.83,-1.9,FAIRLY VALUED
J,Industrials (S&P 500),2024-08-31,0.10920350801803203,0.07,0.8222447679682753,0.10920350801803196,0.0467415539647173,2.086179012923473,1.5027273824318779,0.43391923175447666,0.8732809430255403,-0.17451071525966486,10.49,2.96,12.82,21.33,20.62,UNDERVALUED
JCI,Industrials (S&P 500),2024-08-31,0.08208557445365128,0.07786877405929893,1.0795187656775682,0.08208557445365121,0.05003536825262048,1.5138312664698776,1.296462425605953,0.3761100411227059,0.7503607503607503,-0.1651520313174265,41.29,22.05,26.44,25.23,101.18,UNDERVALUED
JNJ,Health Care (S&P 500),2024-08-31,0.06462057757219641,0.07,0.10537147097702719,0.06462057757219652,0.024030538394325767,0.9537864458857384,0.7027873632269885,0.16945687773619156,0.04757085020242915,-0.01966173055375716,-0.32,5.4,5.83,15.34,69.33,UNDERVALUED
KDP,Consumer Staples (S&P 500),2024-08-31,0.05385217329444414,0.07,0.20598827255438543,0.05385217329444405,0.07937258139440855,2.6404867431284336,1.8439886571198507,0.4576551383935114,0.9796334012219959,-0.30372640284780805,-17.54,27.5,11.75,18.23,-8.15,OVERVALUED
KMB,Consumer Staples (S&P 500),2024-08-31,-0.15013630731102845,0.07,0.2106376500296507,-0.1501363073110285,0.024525451584743504,0.12492365293819017,0.1357549093277442,0.05994206459833433,0.0,-0.1565133028442558,37.72,19.36,16.62,18.07,-18.35,OVERVALUED
KEYS,Information Technology (S&P 500),2024-08-31,0.008118081180811698,0.09563827890984057,1.377799239807408,0.008118081180811807,0.041361278128890094,0.6711938959960339,0.6970121375694356,0.17523820428866516,0.07266982622432859,0.01657416403524404,-18.86,-2.15,15.62,29.19,105.37,UNDERVALUED
KR,Consumer Staples (S&P 500),2024-08-31,0.012012842477303165,0.07,0.1766804235876368,0.01201284247730308,0.03510543915891425,0.5680668738143692,0.29271718230613847,0.15348943789051397,0.0,-0.4729779880820067,10.69,9.01,17.53,20.86,10.46,UNDERVALUED
KHC,Consumer Staples (S&P 500),2024-08-31,0.005852369265622048,0.07,0.15705012313027591,0.00585236926562205,0.058709381650969845,1.2390767448817694,0.8042223132850344,0.2610136883707709,0.26161616161616164,-0.4797148170308853,-17.6,4.65,12.1,20.37,-19.81,OVERVALUED
LH,Health Care (S&P 500),2024-08-31,0.025092928969394634,0.07,0.43659805277473007,0.02509292896939455,0.07562665112334428,2.1498667059142393,1.5225180387177863,0.35907283087090763,0.9250493096646942,-0.2863375545466959,65.26,5.64,11.97,21.3,47.59,UNDERVALUED
LHX,Industrials (S&P 500),2024-08-31,0.13814324229281438,0.07,0.3333465595948792,0.13814324229281444,0.061786102059596025,3.1322719810084165,2.218319776396519,0.6874336982673169,0.9809428284854563,-0.29001919850266067,13.58,10.75,35.99,21.16,18.48,UNDERVALUED
LVS,Consumer Discretionary (S&P 500),2024-08-31,1.5236009732360096,0.07,0.9193290132776551,1.5236009732360096,0.1148184383311186,2769.3008236114383,13.175175156310488,2.9975821348058407,1.0,-0.3171508203908807,-91.16,-22.36,-27.66,28.18,23.02,UNDERVALUED
LLY,Health Care (S&P 500),2024-08-31,0.19559657199716907,0.08015961452067824,0.9644873750419524,0.195596571997169,0.007943467172860257,0.49388306753993494,0.4562419714966127,0.1978797733061256,0.01673360107095047,-0.026314428071252855,81.42,21.55,74.39,30.23,31.44,UNDERVALUED
LYV,Communication Services (S&P 500),2024-08-31,0.3623866047480604,0.07431881329478615,1.1616931427902326,0.3623866047480603,0.046926661057281376,7.110273082800309,3.932115766664653,1.1513698952905689,0.998326359832636,-0.09681332601303302,-10.82,-1.04,15.54,27.63,86.36,UNDERVALUED
LIN,Materials (S&P 500),2024-08-31,-0.015285936938017053,0.07,0.4845629508975293,-0.015285936938017025,0.026545220517177476,0.604847563334383,0.436008148926695,0.10326870457149823,0.0,-0.06960908809492691,16.05,5.62,25.13,15.88,3.27,FAIRLY VALUED
LOW,Consumer Discretionary (S&P 500),2024-08-31,-0.11005676959375221,0.07045875010542983,1.004712483468256,-0.11005676959375225,0.05402182282731262,0.4922556646290274,0.3861370181646615,0.14557198333289995,0.0019193857965451055,-0.28606626937166824,3.08,3.63,10.05,23.02,-9.02,OVERVALUED
LMT,Industrials (S&P 500),2024-08-31,0.024051285160038738,0.07,0.027202449374714898,0.024051285160038797,0.06526524041978586,1.9466625120361052,1.4116429869930063,0.3176021534223518,0.8895582329317269,-0.12382521849500046,-4.35,32.41,29.42,17.5,6.03,UNDERVALUED
MPC,Energy (S&P 500),2024-08-31,-0.16384056623443954,0.07,0.6052263391966092,-0.16384056623443954,0.2676425728474076,2.0232742784230062,2.511723079912708,0.550667311559247,1.0,-0.3679195425940497,68.47,2.92,26.55,28.04,110.35,UNDERVALUED
MAR,Consumer Discretionary (S&P 500),2024-08-31,0.14152987050498234,0.07460079649590591,0.9728850171038428,0.14152987050498242,0.060381142795663284,2.93246300561101,2.3907281288016975,0.8276823300273295,0.9895498392282959,-0.1854658770391087,28.67,-4.62,16.5,21.64,54.69,UNDERVALUED
MRSH,Financials (S&P 500),2024-08-31,0.09729729729729719,0.07,0.34745436588292217,0.0972972972972973,0.030703295801900666,1.4127267171018487,1.0195030162573306,0.31240772553185464,0.4732510288065844,-0.11178557257610465,11.3,13.52,18.39,14.82,-13.38,OVERVALUED
MA,Financials (S&P 500),2024-08-31,0.1286594414714215,0.07009852433558726,0.7286138992332487,0.1286594414714215,0.024751116580783314,1.3650183024811284,1.0105694172397994,0.2913727669416324,0.4811031664964249,-0.015900855117698735,17.75,3.47,17.83,16.41,20.15,UNDERVALUED
MKC,Consumer Staples (S&P 500),2024-08-31,0.04908274938981183,0.07,0.33096176734925337,0.049082749389811824,0.03783098944439401,1.1532162337105984,0.7866532830993664,0.21271182967098246,0.17943548387096775,-0.2178340366695079,-7.62,18.21,-0.17,24.96,-27.12,OVERVALUED
MAS,Industrials (S&P 500),2024-08-31,-0.08214285714285718,0.07274875758119488,0.9630077511744274,-0.08214285714285714,0.04872405335604536,0.6203018430036767,0.48856708917230846,0.14808092245000257,0.0,-0.1538319398758946,47.88,2.98,37.14,26.95,-4.91,FAIRLY VALUED
MCD,Consumer Discretionary (S&P 500),2024-08-31,0.09977568803381942,0.07,0.390778287410701,0.09977568803381934,0.04932079365382817,2.124221226894849,1.5094904226301524,0.46757449350232533,0.8720812182741117,-0.2437795517819219,-12.97,-0.14,4.55,17.51,-2.26,FAIRLY VALUED
MCK,Health Care (S&P 500),2024-08-31,0.11651145057478751,0.07,-0.14065164546171074,0.11651145057478741,0.05080198944727042,2.6282512862950442,1.9462465871772157,0.5658741237174372,0.9829145728643216,-0.03864363625440367,79.0,5.28,36.75,20.38,50.58,UNDERVALUED
MDT,Health Care (S&P 500),2024-08-31,0.03641079834758387,0.07,0.43310546592042537,0.036410798347583824,0.04717740163294319,1.3889013514761392,0.9759296965404819,0.2430834272524417,0.4754262788365095,-0.2180234756055497,8.32,5.94,12.44,18.62,11.16,UNDERVALUED
MRK,Health Care (S&P 500),2024-08-31,0.014034377477523119,0.07,0.2264063380709201,0.014034377477523067,0.014956534883633615,0.35558208693892696,0.2344618346376002,0.06944142276263367,0.0,-0.10051517631540921,350.32,-3.33,11.59,20.01,34.38,UNDERVALUED
MTD,Health Care (S&P 500),2024-08-31,-0.03352289672524156,0.08750782445874,1.1800207144997117,-0.03352289672524159,0.03122832116166364,0.3955632156880462,0.39281171828747674,0.11188863190486874,0.0,-0.06491831679865975,3.69,11.86,18.59,32.55,-3.19,FAIRLY VALUED
MGM,Consumer Discretionary (S&P 500),2024-08-31,0.23132869700479564,0.07,1.4362346007188056,0.23132869700479566,0.2816580772213976,28.685836105964746,20.295001039513444,8.700344790326827,1.0,-2.3321831939814714,81.79,-10.52,-14.53,33.99,14.84,UNDERVALUED
MAA,Real Estate (S&P 500),2024-08-31,0.0636685799949106,0.07,0.7352902719818543,0.06366857999491056,0.0840134239800541,3.0081588901796033,2.1771690252524336,0.5167582602513355,0.9980544747081712,-0.2602667495294956,15.19,28.33,16.76,22.74,-11.39,OVERVALUED
MCHP,Information Technology (S&P 500),2024-08-31,-0.09531088911799213,0.11202236644494658,1.9216835800943723,-0.09531088911799211,0.03205082346835495,0.07811334319036758,0.09955569504053524,0.05407363929511169,0.0,-0.13604392849580538,20.05,-4.51,2.5,35.23,-3.11,FAIRLY VALUED
MDLZ,Consumer Staples (S&P 500),2024-08-31,0.143510287020574,0.07,0.2975534043369269,0.14351028702057403,0.061113772580958375,3.4994834462885676,2.569232083911431,0.8280332974974368,0.9970501474926253,-0.1993262318809674,-34.69,1.68,3.27,17.76,-4.93,FAIRLY VALUED
TAP,Consumer Staples (S&P 500),2024-08-31,0.093552004485562,0.07,0.526010873091632,0.0935520044855621,0.1317408457977257,5.414731426617066,3.877860605140291,1.0324798533098114,1.0,-0.5012003295249334,-65.56,-11.98,-12.37,22.7,-15.67,OVERVALUED
MOS,Materials (S&P 500),2024-08-31,-0.2838715412126409,0.07,0.9400255610840034,-0.2838715412126409,0.14719551064378333,0.4832788218540853,1.455412725317101,0.3469133334763834,0.8905180840664711,-0.42027665744580284,73.68,-7.41,-24.62,32.41,-12.77,OVERVALUED
MCO,Financials (S&P 500),2024-08-31,0.08193123628383314,0.080035894391965,1.0146817095533809,0.08193123628383321,0.018724915403407053,0.5686012432925124,0.5085559622528336,0.1514640628166841,0.0033178500331785005,-0.06034250447602645,46.92,28.01,46.02,20.41,3.91,FAIRLY VALUED
NDAQ,Financials (S&P 500),2024-08-31,-0.02601991647928048,0.07,0.6697311858758552,-0.026019916479280435,0.027959117596408786,0.4393718185942786,0.2590934320535846,0.10129434367515931,0.0,-0.2577246717413371,38.6,27.51,39.56,20.54,38.8,UNDERVALUED
NFLX,Communication Services (S&P 500),2024-08-31,0.0666680478435453,0.08179194576583866,1.0004701757730041,0.06666804784354534,0.02076868473036389,0.5839970305667737,0.5347633545973517,0.14983039060691936,0.0019193857965451055,-0.024467736075987963,90.87,13.89,61.72,32.39,14.27,UNDERVALUED
MSI,Information Technology (S&P 500),2024-08-31,0.09503950834064967,0.07,0.7168843675299,0.0950395083406497,0.03518664068794405,1.5796412435828153,1.158048058517361,0.3083264190892685,0.6663336663336663,-0.06735089942381152,23.7,32.37,57.7,17.45,9.43,UNDERVALUED
MSCI,Financials (S&P 500),2024-08-31,0.12466523584918243,0.0728260344652774,0.851840515543335,0.12466523584918247,0.04158557389705743,1.9836743149136133,1.5722263004951271,0.4824383577578657,0.9,-0.09323818208782497,-1.21,4.62,8.06,28.21,0.58,FAIRLY VALUED
NTAP,Information Technology (S&P 500),2024-08-31,-0.014775227915749811,0.08366865599144122,1.1548023000640084,-0.014775227915749764,0.06086131702607335,1.0017960050027974,0.953185051879663,0.2262043972470313,0.3930564166150031,-0.031207102503789958,65.82,17.85,60.76,32.32,65.79,UNDERVALUED
NEE,Utilities (S&P 500),2024-08-31,0.34157281924031313,0.07,0.5202667600542613,0.341572819240313,0.02158086571689225,3.0355221303467035,1.4462662437515277,0.5366185537744312,0.7866400797607178,-0.44942053414094835,-41.48,48.37,24.21,30.65,11.19,UNDERVALUED
NCLH,Consumer Discretionary (S&P 500),2024-08-31,0.7651419558359622,0.0763074954958115,1.7078852574614358,0.7651419558359621,0.04833196317701598,57.63156076776364,3.423103486560322,1.3332890348484256,0.9851961509992598,-1.793834229904912,-32.43,-7.88,7.97,51.66,-6.37,OVERVALUED
NDSN,Industrials (S&P 500),2024-08-31,0.01480690489592229,0.07334188037193498,0.9170446610039735,0.014806904895922368,0.013657182646902888,0.2482534967688224,0.17722458332494465,0.06271245230568616,0.0,-0.12238634276507829,22.53,-2.76,6.23,21.74,33.65,UNDERVALUED
NOC,Industrials (S&P 500),2024-08-31,0.07343860991202678,0.07,0.006462734689265687,0.07343860991202666,0.017777413049021636,0.5596079777907785,0.3731075448645332,0.12018029012799773,0.0,-0.16539940153802907,78.94,14.23,22.33,21.56,11.38,UNDERVALUED
NUE,Materials (S&P 500),2024-08-31,-0.16375987666216996,0.07,0.7884027632782502,-0.16375987666216998,0.07442811002576502,0.7733633386458927,0.8679854738171713,0.17443948855103672,0.25691699604743085,-0.012718212558280957,62.53,-18.32,-10.61,26.98,63.19,UNDERVALUED
NRG,Utilities (S&P 500),2024-08-31,-0.0862314935167866,0.07,1.064447189660476,-0.0862314935167866,0.24087486612188852,3.794199886639225,2.7932510233144034,0.7175731802228158,1.0,-0.6060898253183777,222.7,48.98,132.71,31.31,39.52,UNDERVALUED
ORLY,Consumer Discretionary (S&P 500),2024-08-31,0.09732155621220473,0.07,0.3484912651862196,0.0973215562122047,0.03193349966745948,1.3998655895804133,1.0198921518515343,0.3000630035183702,0.5009881422924901,-0.11328567353787038,14.66,4.82,20.25,20.17,18.25,UNDERVALUED
NVR,Consumer Discretionary (S&P 500),2024-08-31,-0.09521452585225665,0.08379480924028927,1.0502706470265954,-0.09521452585225663,0.03140189926540997,0.39605323616481636,0.40050172541023416,0.07873272707158638,0.0,0.07585186626797634,129.89,19.87,43.83,25.34,-31.32,OVERVALUED
NVDA,Information Technology (S&P 500),2024-08-31,1.2585452658115224,0.15245814261807678,2.5582582450399523,1.2585452658115222,0.0037704551697893473,6.514188248311759,0.13075988962171403,0.02373787236533926,0.0,-0.0012859120966509292,-9.16,40.06,141.93,50.22,81.96,UNDERVALUED
NXPI,Information Technology (S&P 500),2024-08-31,0.005376751230594445,0.10546246327016791,1.7785780821275892,0.005376751230594471,0.04155833691787317,0.42200192230208344,0.4478427211913681,0.14315615975167878,0.0010136847440446021,-0.11836017848859597,53.05,1.61,26.81,33.9,-9.83,OVERVALUED
OMC,Communication Services (S&P 500),2024-08-31,0.028210314155545202,0.07,0.7903520840283099,0.028210314155545136,0.11352375312106901,3.538102172113002,2.5885672776926865,0.5729454146022447,1.0,-0.11197181420374458,19.07,14.32,28.09,20.18,-6.81,OVERVALUED
ORCL,Information Technology (S&P 500),2024-08-31,0.060195379749369504,0.08594377172633323,1.333132752505468,0.06019537974936942,0.040932638415596426,0.8140240832875533,0.783680107901685,0.25918574391281396,0.2106807511737089,-0.2170489051383088,7.0,24.62,18.96,34.14,2.76,FAIRLY VALUED
ODFL,Industrials (S&P 500),2024-08-31,-0.06292654227735539,0.0861870892718109,1.0612963537297535,-0.06292654227735538,0.015125723616754728,0.18885614798132636,0.18621370022442593,0.044506543326844034,0.0,0.008525631737880738,44.48,-13.36,-9.36,31.07,7.4,UNDERVALUED
ON,Information Technology (S&P 500),2024-08-31,-0.008791525545867263,0.11893184277320674,2.015233702203552,-0.008791525545867263,0.04565512435196083,0.43177980328772236,0.44970508369141554,0.10209671652706803,0.0005002501250625312,-0.02640748128274664,16.85,-2.52,-20.91,50.4,-4.06,FAIRLY VALUED
PKG,Materials (S&P 500),2024-08-31,-0.07968860580325543,0.07,0.55564115085577,-0.07968860580325549,0.019744258711292637,0.20416735257018173,0.1235467185917215,0.05785845582193628,0.0,-0.14119826246523587,89.12,14.55,44.74,19.21,25.07,UNDERVALUED
PANW,Information Technology (S&P 500),2024-08-31,0.2528764882304826,0.09464348118853798,1.2886250887383095,0.2528764882304826,0.0030582157750857824,0.1857772499638287,0.18892089359573588,0.08200064442741822,0.0,-0.010153221504152184,-75.89,21.13,49.08,44.13,92.74,UNDERVALUED
PAYX,Industrials (S&P 500),2024-08-31,0.0541630884144515,0.07,0.568979274275159,0.05416308841445148,0.033415610559550696,1.280987386156925,0.9580937984947228,0.20999869718131942,0.4130879345603272,0.013692960020562939,20.16,8.98,10.73,19.27,0.57,FAIRLY VALUED
PH,Industrials (S&P 500),2024-08-31,0.20195884301263778,0.09060517043377286,1.3936681400779651,0.2019588430126378,0.12666262268792097,5.7601966155989155,5.992196676517825,2.4580473225243575,1.0,-0.1593229868651809,27.67,12.72,45.73,27.33,69.35,UNDERVALUED
PEP,Consumer Staples (S&P 500),2024-08-31,0.05879016575608853,0.07,0.19571999792361575,0.058790165756088524,0.032954652691815016,1.128319171352177,0.8130551906237227,0.2261050759608813,0.21477162293488825,-0.15853233016960241,-5.34,5.37,-0.57,16.88,-11.45,OVERVALUED
PYPL,Financials (S&P 500),2024-08-31,0.08187368268042738,0.08757613456093882,1.2674471522702278,0.08187368268042736,0.03876273136294578,1.0477661140630687,1.0384835953613205,0.29290058924063717,0.4982896237172178,-0.007729452125350684,-35.97,20.76,15.87,34.5,-13.24,OVERVALUED
PNR,Industrials (S&P 500),2024-08-31,-0.00419719540006791,0.08217194683406992,1.110588921724192,-0.004197195400067932,0.041303521173618574,0.6674882304647086,0.6101561432513626,0.17691256292007587,0.015296367112810707,-0.1341244397113887,45.47,13.68,27.83,27.48,-26.46,OVERVALUED
PM,Consumer Staples (S&P 500),2024-08-31,0.10742396574523005,0.07,0.3864541891121342,0.10742396574523015,0.046966570680706476,2.096780627101915,1.4851403366624898,0.4745665582253596,0.8320158102766798,-0.2523367180808241,28.73,40.21,35.52,16.43,67.28,UNDERVALUED
PSX,Energy (S&P 500),2024-08-31,-0.13289605270898286,0.07,0.5154097946347321,-0.1328960527089829,0.17650402055099268,1.9644945260061843,1.8537909386901872,0.4137710710299213,0.9958890030832477,-0.28372631054508146,84.8,-1.15,26.97,24.99,82.79,UNDERVALUED
PNW,Utilities (S&P 500),2024-08-31,0.08593268175705915,0.07,0.2984300513595989,0.08593268175705909,0.08300658552285861,2.4725040034754446,1.5044511001791208,0.6322614182935722,0.7646454265159301,-1.121871889401147,11.17,29.89,18.67,20.28,22.8,UNDERVALUED
PPG,Materials (S&P 500),2024-08-31,0.04022031510183166,0.07,0.8147541093413613,0.04022031510183169,0.047219145031047245,1.4630288130477596,1.0300242413292409,0.2581720244338509,0.5262096774193549,-0.17589973819394322,-2.67,-5.82,-6.61,19.13,-8.89,OVERVALUED
PSA,Real Estate (S&P 500),2024-08-31,0.08022810206106268,0.07,0.7673055694843195,0.08022810206106266,0.059845062917488825,2.4296111998635634,1.7787880134970466,0.4600271749703407,0.967741935483871,-0.15643457408344907,114.47,23.17,29.85,23.04,1.56,FAIRLY VALUED
PEG,Utilities (S&P 500),2024-08-31,0.14663265306122453,0.07,0.44002401910393224,0.1466326530612245,0.01186486451564492,0.7267650540070819,0.5461133561700059,0.17037693215997263,0.012121212121212121,-0.0031509652036955872,-54.97,29.68,37.07,18.23,-1.6,FAIRLY VALUED
PHM,Consumer Discretionary (S&P 500),2024-08-31,0.0036617557268556755,0.09098168423809203,1.354905190090281,0.003661755726855606,0.04622956692515324,0.7303165543940872,0.7360390383663595,0.1848663726626386,0.097669256381798,-0.027105445256418656,141.19,18.99,61.64,31.8,-1.51,FAIRLY VALUED
PTC,Information Technology (S&P 500),2024-08-31,0.08467491867729904,0.08188073255768033,1.0454677502154355,0.08467491867729901,0.05273845323749296,1.5414734790534514,1.4214153630206825,0.39664655178575214,0.8458574181117534,-0.07521444485658275,61.57,-4.34,21.69,20.74,-14.28,OVERVALUED
DGX,Health Care (S&P 500),2024-08-31,-0.06384701001720128,0.07,0.23277897738895795,-0.06384701001720125,0.04371333396539868,0.6121292608694385,0.38953986401312735,0.14838345926519997,0.0,-0.2853640153250509,10.48,26.66,22.04,19.84,59.46,UNDERVALUED
QCOM,Information Technology (S&P 500),2024-08-31,-0.18959276018099547,0.11561768753914377,1.867375915187609,-0.18959276018099547,0.02251107361125573,0.04873290407154599,0.10989078803083839,0.029025569521922034,0.0,-0.03712719686270982,160.75,5.68,55.45,36.49,-4.32,FAIRLY VALUED
PWR,Industrials (S&P 500),2024-08-31,0.22304818060639087,0.10227089300176809,1.6072151138538124,0.22304818060639092,0.010195975995669362,0.30039725124509586,0.324639527879684,0.15507920700379332,0.0010214504596527069,-0.07943690384192428,36.7,13.14,31.3,33.7,141.29,UNDERVALUED
RTX,Industrials (S&P 500),2024-08-31,0.027521841548140857,0.07,0.21126722912984672,0.02752184154814086,0.04877834927712214,1.3458126670727735,0.9374875307700721,0.24297067289507127,0.4106090373280943,-0.24447951021433895,42.46,38.75,47.02,20.76,78.17,UNDERVALUED
RSG,Industrials (S&P 500),2024-08-31,0.10761601657908382,0.07,0.28212315577440145,0.1076160165790837,0.0456264918618313,2.082685675441213,1.493331954015009,0.47301464970920065,0.8497983870967742,-0.20174526884764354,28.73,13.21,46.28,13.87,7.77,UNDERVALUED
RMD,Health Care (S&P 500),2024-08-31,0.18022445821514999,0.08239337363967963,1.0332384895825184,0.18022445821514999,0.01725438396361083,0.8378842613155716,0.7942487892842021,0.31060443402665333,0.2145150931278099,-0.03824744050743473,6.19,36.21,55.13,38.36,-4.96,FAIRLY VALUED
RVTY,Health Care (S&P 500),2024-08-31,-0.16946895092791825,0.07,0.8736656062799744,-0.16946895092791822,0.030601942457718915,0.14814916689496535,0.18784621788359748,0.07695513898788209,0.0,-0.2095421629056274,95.6,13.08,4.99,33.2,1.85,FAIRLY VALUED
ROL,Industrials (S&P 500),2024-08-31,0.14001475616166204,0.07,0.545516085117725,0.14001475616166195,0.02283166303669842,1.440986478952853,1.0819280752089304,0.36428740488648115,0.535183349851338,-0.03012381637948409,18.11,12.02,28.6,23.1,-25.55,OVERVALUED
ROST,Consumer Discretionary (S&P 500),2024-08-31,0.08991909371871132,0.07,0.80974378400557,0.08991909371871128,0.03371525883656589,1.5816909175721867,1.171422876825491,0.30972740913781305,0.688412852969815,-0.017687440693226746,4.03,0.94,24.93,21.11,55.1,UNDERVALUED
ROP,Information Technology (S&P 500),2024-08-31,0.15004281618824233,0.07104943153192052,0.8400309202460053,0.1500428161882423,0.03356513525393117,1.7904535394230294,1.3397437640371987,0.4466954314178986,0.7471264367816092,-0.10545500951495632,-0.81,1.59,11.71,17.1,-24.87,OVERVALUED
SPGI,Financials (S&P 500),2024-08-31,0.11769966908147755,0.07401935481139292,0.8796244895669649,0.11769966908147751,0.02511164571190776,1.0400665946112266,0.8405132348996275,0.24461943232835606,0.24310776942355888,-0.07103733192076456,80.41,21.11,32.39,17.84,-9.76,OVERVALUED
RCL,Consumer Discretionary (S&P 500),2024-08-31,0.5723981900452488,0.08751379126224772,1.4223764998563635,0.5723981900452488,0.06620998757914132,24.507837883863566,5.617242253723136,1.7652932970457849,0.9982758620689656,-0.5269796146538951,-75.41,31.38,66.38,34.55,79.66,UNDERVALUED
SLB,Energy (S&P 500),2024-08-31,0.17955928945213762,0.07,0.6514168520216824,0.1795592894521377,0.04598150236916471,3.2015954635268837,2.4085065340684904,0.8631111829688202,0.9858490566037735,-0.15259093630295142,-27.64,-10.42,-23.81,26.32,28.63,UNDERVALUED
SBAC,Real Estate (S&P 500),2024-08-31,0.02966826077083562,0.07,0.7225607773233934,0.029668260770835564,0.08733466302494951,2.2501725736654,1.4947685417743897,0.43374011925562606,0.8642487046632125,-0.6086152704848882,-16.18,8.38,2.73,28.65,-16.71,OVERVALUED
SHW,Materials (S&P 500),2024-08-31,0.04076951902803305,0.07434871886186985,0.9308878401632084,0.040769519028033,0.03546585059955828,0.9544500861372067,0.756165099004367,0.199737431605777,0.1206611570247934,-0.12458072887790123,22.5,10.04,37.14,21.6,-4.61,FAIRLY VALUED
SPG,Real Estate (S&P 500),2024-08-31,0.06943072471480871,0.07,0.9516359845737558,0.06943072471480863,0.05684115155531977,1.8616149169151492,1.2259748921598046,0.41354591340981733,0.6880733944954128,-0.511525535331039,23.88,12.69,56.12,23.17,44.62,UNDERVALUED
SW,Materials (S&P 500),2024-08-31,-0.10481900954918943,0.07,0.6881860575625264,-0.10481900954918943,0.06403799984502073,0.8237585259372616,0.6351212742630631,0.17806441594901942,0.023373983739837397,-0.23682473325282571,38.64,14.13,21.93,43.22,8.17,UNDERVALUED
NOW,Information Technology (S&P 500),2024-08-31,0.23823326432022074,0.09803951094547368,1.3499995184746725,0.23823326432022085,0.004981665529845512,0.23626836183590216,0.24600838705745637,0.09964045277670447,0.0,-0.0022109355959602606,31.27,10.17,45.2,33.33,-24.12,OVERVALUED
SJM,Consumer Staples (S&P 500),2024-08-31,-0.041094123716175046,0.07,0.0387759086357133,-0.041094123716175025,0.29578125801234123,6.0773353345491525,4.366884676688091,1.0146440900743838,1.0,-0.7512598068771079,-73.13,-4.22,-17.95,23.23,16.24,UNDERVALUED
SNA,Industrials (S&P 500),2024-08-31,0.05488900361383586,0.07083208711857468,0.7962261669793902,0.05488900361383583,0.0521945095472529,1.8913924984230626,1.42274502888416,0.32738463590419364,0.9027645376549094,-0.019527190842385453,14.78,1.08,8.54,21.6,45.29,UNDERVALUED
SWKS,Information Technology (S&P 500),2024-08-31,-0.12999726551818436,0.10526915157486577,1.6480421184825949,-0.1299972655181843,0.05328794723578342,0.3033595397587084,0.3898082305579068,0.10064278119402177,0.0,-0.048491045484414075,53.69,5.92,3.59,34.72,-33.53,OVERVALUED
LUV,Industrials (S&P 500),2024-08-31,0.09561602418745285,0.07,1.023501924317473,0.09561602418745276,0.05860086960564874,2.6628187693812295,1.9860241868307353,0.48399076151250986,0.9919028340080972,0.005317932706135276,-10.89,-14.23,-6.31,37.44,43.8,UNDERVALUED
SBUX,Consumer Discretionary (S&P 500),2024-08-31,0.11551210376337595,0.07,0.9320795952804289,0.11551210376337584,0.03610823956701803,1.680644801678023,1.190027713451392,0.38613384996820904,0.6510468594217348,-0.20485410236291954,-4.03,3.68,-0.48,37.78,15.64,UNDERVALUED
SYK,Health Care (S&P 500),2024-08-31,0.11106293024012137,0.07,0.6907009509913514,0.11106293024012141,0.019580468695783337,0.9239553176353933,0.6621220856518198,0.20043495652950968,0.0611439842209073,-0.07458256177806324,12.8,1.76,28.4,21.24,-7.32,OVERVALUED
STLD,Materials (S&P 500),2024-08-31,-0.15567553940397583,0.07015098291028096,0.8796600887087141,-0.1556755394039758,0.15593497874138773,1.3773636806913874,1.59315054036672,0.3243208933372996,0.9760956175298805,-0.0897659895611109,70.41,-7.61,13.75,28.18,88.35,UNDERVALUED
SYY,Consumer Staples (S&P 500),2024-08-31,0.11202575907686918,0.07,0.44719661487819234,0.11202575907686928,0.053234471902114736,2.614143325607769,1.8573062853112827,0.6584889213956913,0.9183070866141733,-0.27962471493355195,-14.75,-0.6,15.12,19.09,12.58,UNDERVALUED
SMCI,Information Technology (S&P 500),2024-08-31,0.37092884488921407,0.20122531284126685,3.6941320048250756,0.370928844889214,0.0073261594051723675,0.22405085921648482,0.1565430733149155,0.02930118560599915,0.0,0.006484883986563495,342.94,-59.26,59.12,97.19,-16.61,OVERVALUED
TMUS,Communication Services (S&P 500),2024-08-31,-0.012730768747407972,0.07,0.25628269938918713,-0.012730768747407976,0.025778361825799914,0.2196850674696965,0.045983371493733945,0.10313310518290242,0.0,-0.46778238075259126,-7.7,22.52,48.11,14.02,-6.1,OVERVALUED
SNPS,Information Technology (S&P 500),2024-08-31,0.15215414126611826,0.1181855382351791,1.7991852142056264,0.15215414126611831,0.013694071395246955,0.3228999158602159,0.34594196336525074,0.11101317616499913,0.0010005002501250625,0.009573855360681288,53.12,-12.58,13.23,32.01,-23.42,OVERVALUED
TPR,Consumer Discretionary (S&P 500),2024-08-31,-0.003530555763333054,0.07,1.102459820984148,-0.003530555763333084,0.11454842061723669,2.7152241948697244,1.9737284529071877,0.45795404293388076,0.9950932286555446,-0.2853824738247862,22.01,-11.99,27.61,30.41,228.34,UNDERVALUED
TGT,Consumer Staples (S&P 500),2024-08-31,-0.015652492668621676,0.07,0.7828091423332068,-0.0156524926686217,0.03595004244835766,0.6287391556878594,0.41121940336520185,0.12747050546738156,0.0,-0.24136591873554464,-27.62,3.59,25.38,35.11,11.32,UNDERVALUED
TDY,Information Technology (S&P 500),2024-08-31,0.03240757703440433,0.07,0.7291151815537726,0.032407577034404424,0.060942527173901806,1.9085586296245975,1.3845434551370168,0.30460440013822104,0.8772112382934444,-0.12675478976166707,2.93,1.02,3.47,21.46,46.48,UNDERVALUED
TEL,Information Technology (S&P 500),2024-08-31,-0.015171058288802941,0.07891082004715375,1.0281187862091716,-0.0151710582888029,0.022236298917289562,0.3822266799825715,0.3359890558355519,0.08714599106073206,0.0,-0.05699061778068665,38.24,8.3,18.04,21.2,33.64,UNDERVALUED
TMO,Health Care (S&P 500),2024-08-31,-0.04581988199933207,0.07,0.737983535376413,-0.04581988199933207,0.017898967057950108,0.28968656737033277,0.18428320998986453,0.060257504052882084,0.0,-0.11364199898434364,20.36,5.89,10.7,21.24,2.74,FAIRLY VALUED
TXT,Industrials (S&P 500),2024-08-31,0.06325277799362805,0.07,0.8093643266595028,0.06325277799362809,0.07586685842195676,2.8491397482504386,2.0905123937868404,0.4705403645078622,1.0,-0.09641996581136443,16.8,2.07,17.47,22.13,-7.31,OVERVALUED
TXN,Information Technology (S&P 500),2024-08-31,-0.12527461553824648,0.09365575429773665,1.3203791602842356,-0.12527461553824645,0.018820509985440808,0.08937311597929348,0.12000159955202175,0.03948951521094999,0.0,-0.04479514336913039,71.69,26.01,31.51,24.78,30.95,UNDERVALUED
TER,Information Technology (S&P 500),2024-08-31,-0.15174014950658388,0.13869204699993953,2.2473927731367804,-0.1517401495065839,0.019520221861807893,0.11557486818206786,0.14319828641862634,0.016667464393175582,0.0,0.03256154608247434,137.52,29.31,27.16,41.08,182.25,UNDERVALUED
TJX,Consumer Discretionary (S&P 500),2024-08-31,0.08572973405959639,0.07,0.6616673553123293,0.08572973405959629,0.029170107307988906,1.2947308648532827,0.938039383788893,0.2561205605806712,0.3647859922178988,-0.05352469822254639,12.48,20.61,28.63,17.13,22.97,UNDERVALUED
TKO,Communication Services (S&P 500),2024-08-31,1.8284037058379314,0.07,0.6774727333327769,1.8284037058379314,0.051949073013417224,712.494336905398,4.027553239412413,0.9277031560405283,1.0,-0.2927901400449203,38.7,44.77,27.14,35.04,68.73,UNDERVALUED
TT,Industrials (S&P 500),2024-08-31,0.10542343840867452,0.08505810872406454,1.0938947580497438,0.1054234384086745,0.02685226498393367,0.8732358980289624,0.8508937999591507,0.2844426183837777,0.2728915662650602,-0.045585932861518956,79.43,25.85,77.79,26.46,26.79,UNDERVALUED
TSCO,Consumer Discretionary (S&P 500),2024-08-31,0.024711791160640484,0.07,0.8539514908909132,0.02471179116064051,0.01637967506442183,0.3489720666236437,0.21616604680235474,0.07636969557060858,0.0,-0.1659951869002553,13.34,6.49,24.65,24.68,-32.29,OVERVALUED
TYL,Information Technology (S&P 500),2024-08-31,0.05488421817269873,0.0733925159378996,0.8001658130646644,0.05488421817269879,0.016154263362890626,0.5193613788201921,0.4130350237466942,0.0970633322862106,0.0,-0.021374920499979667,74.95,34.17,47.55,25.04,-40.78,OVERVALUED
TSN,Consumer Staples (S&P 500),2024-08-31,-0.007525993769002648,0.07,0.1624598915309001,-0.007525993769002665,0.045365047021738665,0.8279870935885363,0.5079956278428741,0.18396932913281064,0.0,-0.4139740239094431,661.07,22.45,25.13,21.96,-3.65,FAIRLY VALUED
TDG,Industrials (S&P 500),2024-08-31,0.2129305581138332,0.07409561395001306,0.9902993096588731,0.21293055811383313,0.01829659082935524,1.138311553320418,0.9098699155516412,0.43642617239398257,0.39087947882736157,-0.24208834310416852,56.39,17.03,57.51,22.57,-3.0,FAIRLY VALUED
TRMB,Information Technology (S&P 500),2024-08-31,0.0332943448576013,0.0783804022326205,1.0835660492077763,0.033294344857601396,0.035864319586589144,0.7292241639081075,0.6136830913634992,0.18152754036182336,0.009915014164305949,-0.2117276423947074,49.67,-9.37,3.47,29.34,5.27,UNDERVALUED
UBER,Industrials (S&P 500),2024-08-31,0.16952661793769797,0.10612886395224869,1.6017680444835163,0.16952661793769802,0.011884431500505695,0.3114040220520616,0.3430367367408817,0.1421489191742296,0.0015082956259426848,-0.043205341132491096,139.01,-10.05,54.84,37.11,7.41,UNDERVALUED
UDR,Real Estate (S&P 500),2024-08-31,0.07256887832100722,0.07,0.7748733895543796,0.07256887832100731,0.07298458287557778,2.5194770288810147,1.7565289718624535,0.4994088759698618,0.9383838383838384,-0.4445756545659249,-18.53,22.03,16.64,21.75,-7.83,OVERVALUED
UNP,Industrials (S&P 500),2024-08-31,-0.030391959798995005,0.07,0.6298057086989702,-0.030391959798994974,0.03710083794640247,0.5944017524289819,0.3947005669135665,0.12460346611122801,0.0,-0.2207422823931672,28.47,2.15,18.65,17.72,23.51,UNDERVALUED
UAL,Industrials (S&P 500),2024-08-31,0.1949060171282393,0.07,1.4182297094476932,0.19490601712823935,0.2753434757678819,22.44547029230394,16.940158723770317,7.358263039992221,1.0,-2.123848512380296,-29.09,-0.23,-11.58,41.53,153.66,UNDERVALUED
UPS,Industrials (S&P 500),2024-08-31,-0.09348402399888378,0.07,0.8290450080289133,-0.09348402399888377,0.0856059472506894,0.9914486465696986,0.7415158875712032,0.21924424108011048,0.10401647785787847,-0.24331354860897558,26.23,-12.6,-20.5,26.81,-9.57,OVERVALUED
UHS,Health Care (S&P 500),2024-08-31,0.06586921623927089,0.07,0.6765819649431382,0.06586921623927094,0.032017710312126614,0.927988977098498,0.606296806029759,0.21029270384888954,0.029382957884427033,-0.3309468061742198,29.56,36.44,77.33,25.51,-26.75,OVERVALUED
UNH,Health Care (S&P 500),2024-08-31,0.14640827734281014,0.07,0.05251787815564802,0.1464082773428101,0.05150125355842969,3.377288741105396,2.5243417716985292,0.8719500664808271,0.9969262295081968,-0.0711904812158775,-1.51,23.49,25.77,22.16,-31.78,OVERVALUED
URI,Industrials (S&P 500),2024-08-31,0.23105995533413504,0.09839338894670757,1.7140644606023216,0.23105995533413504,0.048132912180273484,2.2884178912608544,2.4792205353223884,1.157479866739345,0.9389549922400414,-0.2508355385491958,41.06,4.56,57.2,37.13,50.26,UNDERVALUED
VLO,Energy (S&P 500),2024-08-31,-0.17925196872714488,0.07,0.5873529607523242,-0.1792519687271449,0.18154363015545777,1.3037361897165478,1.7892549680942231,0.3613111101133752,0.9989909182643795,-0.15555811244163664,29.78,2.78,16.3,28.43,145.48,UNDERVALUED
WELL,Real Estate (S&P 500),2024-08-31,0.1215641851861855,0.07,0.6516942370819574,0.12156418518618547,0.00524899773035702,0.054668419808827924,-0.011101954065744877,0.054319783765466804,0.0,-0.21441020331241906,55.29,30.75,49.37,19.04,103.82,UNDERVALUED
WST,Health Care (S&P 500),2024-08-31,0.021788077176209786,0.07786809260327805,0.8877967689521223,0.021788077176209775,0.022974309306666538,0.5951320930989502,0.5250848462811504,0.11356718802390663,0.0,0.023785223369754128,28.3,-12.48,-22.74,34.4,13.13,UNDERVALUED
WMB,Energy (S&P 500),2024-08-31,-0.005289557683538559,0.07,0.5608399745482563,-0.005289557683538532,0.08129802896320193,1.6381105428583693,1.1139236960033208,0.31796307106579047,0.6272727272727273,-0.46725690971677186,-1.65,28.98,39.4,17.92,66.51,UNDERVALUED
WYNN,Consumer Discretionary (S&P 500),2024-08-31,0.7386748118424467,0.07,1.10215127351699,0.7386748118424468,0.16654209321805016,143.89899553148842,14.594096845703483,3.5487672659564815,1.0,-1.2454278836626438,-63.07,-22.46,-23.32,27.54,33.7,UNDERVALUED
YUM,Consumer Discretionary (S&P 500),2024-08-31,0.034200526161940914,0.07,0.5049342840337292,0.034200526161940956,0.04161770116266713,1.0829003334440939,0.7297154748402526,0.21268732305705565,0.11379657603222558,-0.31417816787023317,-1.18,-1.65,6.35,16.25,14.66,UNDERVALUED
XYL,Industrials (S&P 500),2024-08-31,0.33357479174212235,0.0804851571672206,1.029095651161478,0.3335747917421224,0.00977698030948464,0.8855280475117562,0.6236349828758858,0.196592588262724,0.038280725319006045,-0.042177970168106024,15.56,8.14,34.36,20.96,-15.69,OVERVALUED
ZBH,Health Care (S&P 500),2024-08-31,0.06546203835790143,0.07,0.6249108430983843,0.06546203835790142,0.09339406101164108,3.435092692156596,2.489314113025997,0.6061178014642179,1.0,-0.22993729340055208,-38.11,-7.63,-2.27,20.89,-12.17,OVERVALUED
AAL,Industrials (S&P 400),2024-08-31,0.07794408935900843,0.07,1.5013529803332666,0.07794408935900839,0.6104514811047507,20.285482843346053,13.544465283866707,4.568491047887931,1.0,-5.768969592600426,-26.48,-28.29,-27.9,40.22,28.86,UNDERVALUED
ACI,Consumer Staples (S&P 400),2024-08-31,0.020450819513790686,0.07,0.22356425274288827,0.02045081951379078,0.09858683891215748,1.682584930587622,0.9128305037862557,0.463006211530596,0.4362549800796813,-1.3332435640403946,6.68,-1.32,-10.38,14.79,-33.31,OVERVALUED
AA,Materials (S&P 400),2024-08-31,-0.1525981848847482,0.09827981061539655,1.885942886724963,-0.15259818488474822,0.09924128622553159,0.524977016378757,0.7814384107775056,0.2296260833001312,0.16124031007751938,-0.18294110583609194,642.47,17.48,8.18,51.64,66.62,UNDERVALUED
WTW,Financials (S&P 500),2024-08-31,0.06959169862395664,0.07,0.21955079256677548,0.06959169862395669,0.0520237396590998,1.9282151094968998,1.3870232236197704,0.34604548802587587,0.8526740665993946,-0.15446685125743526,13.62,8.06,43.28,19.72,20.58,UNDERVALUED
ACM,Industrials (S&P 400),2024-08-31,0.09357027458244804,0.07665207427590554,1.0310567555918775,0.09357027458244797,0.03167215414527717,1.0478616150126085,0.8775213144179113,0.2534957282657992,0.29893778452200304,-0.1118710364334804,109.21,12.06,15.22,22.98,-33.65,OVERVALUED
AGCO,Industrials (S&P 400),2024-08-31,0.13919408128744637,0.07,0.8105647315126598,0.13919408128744645,0.08502973992482864,5.3113002272425485,3.9518515477553056,1.3119410241514913,1.0,-0.14037807200073418,-37.61,-14.15,-27.31,26.98,17.12,UNDERVALUED
ALGM,Information Technology (S&P 400),2024-08-31,0.07776281693786191,0.13602039967635562,2.303999717991357,0.07776281693786184,0.03354646691308719,0.41264969601087825,0.4275352890778941,0.09183276070710926,0.0005,-0.013309336144392201,-49.91,-21.07,-35.87,46.13,51.53,UNDERVALUED
AM,Energy (S&P 400),2024-08-31,0.12293457776001171,0.07,0.5757742582347932,0.12293457776001179,0.04354963450951443,1.8656736477989502,1.2526278653321283,0.5124016223831354,0.6522988505747126,-0.4996775602605598,15.92,13.4,31.31,19.69,66.94,UNDERVALUED
AIT,Industrials (S&P 400),2024-08-31,0.1580081854243185,0.08469733857295339,1.1212405307020585,0.1580081854243184,0.015061227073694849,0.6109635358424292,0.6003457897645073,0.22218407193371487,0.06223818073010173,-0.03554462013908947,51.09,10.52,33.94,24.02,68.08,UNDERVALUED
AMG,Financials (S&P 400),2024-08-31,-0.11667239010989006,0.07,0.9398751396500559,-0.11667239010989011,0.11785884883808684,1.3561813361146113,1.1576732971006594,0.30328904598331174,0.6775793650793651,-0.2988132303072436,47.28,9.06,29.75,22.65,106.08,UNDERVALUED
ALV,Consumer Discretionary (S&P 400),2024-08-31,0.1846867224609816,0.07109890904261094,0.9585268407995741,0.18468672246098167,0.05478466643743981,3.759432968450493,2.9630370012056564,1.0766288631077106,0.9950932286555446,-0.19093840111473193,23.38,-11.72,7.61,27.19,28.01,UNDERVALUED
ALSN,Industrials (S&P 400),2024-08-31,0.09606356085229328,0.07351264117268494,1.0330324570281901,0.09606356085229324,0.04412536177899036,1.6954397134294192,1.335104230720647,0.45205526392525064,0.7504317789291882,-0.2446578899246416,40.13,22.46,55.59,28.52,43.0,UNDERVALUED
AN,Consumer Discretionary (S&P 400),2024-08-31,-0.0013377802482861245,0.07,1.2879495442435671,-0.0013377802482860848,0.28889861093621744,6.600632460616381,4.691022721184555,1.1478572645182958,1.0,-1.0757714353684378,55.61,20.38,13.3,32.86,13.54,UNDERVALUED
ANF,Consumer Discretionary (S&P 400),2024-08-31,0.1576433891843989,0.09417401860015803,1.4845385313689812,0.15764338918439885,0.010568320681258616,0.3826946493686882,0.4033917392904211,0.16979043144680925,0.006955591225254147,-0.019790439131092005,25.12,7.48,174.55,53.41,-27.42,OVERVALUED
AMKR,Information Technology (S&P 400),2024-08-31,-0.08298849975005584,0.12303091609899085,2.224789912216164,-0.08298849975005587,0.01002430396340543,0.04307601218519604,0.04697911327459095,0.01597146701723138,0.0,-0.029766813285091957,78.74,-1.47,18.87,48.64,57.45,UNDERVALUED
ARMK,Consumer Discretionary (S&P 400),2024-08-31,0.17504901817886398,0.07,0.735024994471408,0.17504901817886387,0.07132346837379129,4.549154085266717,3.317537317437289,1.3363024876329093,0.9899396378269618,-0.5345548825973845,-36.38,18.75,38.11,24.44,66.27,UNDERVALUED
APG,Industrials (S&P 400),2024-08-31,0.05641964013418721,0.08746391194621507,1.4472439066656189,0.05641964013418725,0.023749669698316166,0.31185954512226327,0.3018743860212397,0.1461590927597896,0.0,-0.25015813237679685,-0.59,-7.42,26.29,28.74,75.15,UNDERVALUED
ARW,Information Technology (S&P 400),2024-08-31,-0.1082118396348366,0.07073683853963932,0.9280289732998807,-0.1082118396348366,0.2863696925610609,3.64312221699908,3.0515804945829137,0.7524043405490703,1.0,-0.4938172667805536,49.51,12.0,1.24,22.98,52.92,UNDERVALUED
ASH,Materials (S&P 400),2024-08-31,-0.08364700961940608,0.07,0.7064039600201016,-0.0836470096194061,0.09026116641210728,1.4318323897873533,1.0698847128767655,0.2783823432634073,0.5761396702230844,-0.2395605105454382,12.44,-5.75,5.15,28.29,-14.61,OVERVALUED
AVAV,Industrials (S&P 400),2024-08-31,0.3259431379223585,0.07344719077743402,0.7742519068510291,0.3259431379223586,0.011172839482289377,1.2662231171407108,0.8146721524307424,0.23243049985073339,0.2407566638005159,0.0023763783772077344,61.56,55.96,110.0,50.44,-20.74,OVERVALUED
ATR,Materials (S&P 400),2024-08-31,0.04972565271296636,0.07,0.6555169862918978,0.049725652712966424,0.041594628186319926,1.4144451251049543,1.0184226809502626,0.24341974556499715,0.5375375375375375,-0.0977400208668485,24.73,8.57,17.02,16.35,-10.12,OVERVALUED
AVTR,Health Care (S&P 400),2024-08-31,-0.07257334540226823,0.07,0.832024967907244,-0.07257334540226824,0.03419917755694861,0.36936915625719074,0.20925416744815065,0.10890721457625722,0.0,-0.3016413775796125,72.28,3.24,19.35,32.24,-44.41,OVERVALUED
AXTA,Materials (S&P 400),2024-08-31,0.06142506142506132,0.07,0.9085546801020824,0.06142506142506143,0.058790064716524544,1.9402933289336008,1.3419389039507439,0.3752341493745553,0.7932790224032586,-0.35291784968814577,3.53,11.62,28.98,24.45,-0.71,FAIRLY VALUED
ATI,Industrials (S&P 400),2024-08-31,0.08803441084462982,0.07877823409668343,1.0683006337449736,0.08803441084462982,0.012182319224234597,0.26167269319098774,0.2160891119579788,0.10881088295926182,0.0,-0.17713676120247682,107.14,28.25,40.92,37.64,225.58,UNDERVALUED
BAH,Industrials (S&P 400),2024-08-31,0.15152824279079824,0.07,0.5744049418579439,0.15152824279079813,0.003749961805140094,0.1018472271921863,0.03750991283466607,0.068466722272347,0.0,-0.15707405007960534,-18.93,7.26,42.12,25.79,-48.95,OVERVALUED
AVNT,Materials (S&P 400),2024-08-31,-0.0748034973063676,0.08360691020333126,1.3780477380155831,-0.07480349730636757,0.05763827462887981,0.4086397918596655,0.37333614635225315,0.18140556360744006,0.0,-0.3767426535888976,47.82,22.89,25.69,30.91,-4.12,FAIRLY VALUED
AYI,Industrials (S&P 400),2024-08-31,-0.013454481915079475,0.08741251289336406,1.1723435631615056,-0.013454481915079504,0.03685668253802475,0.5827205298184217,0.5727649610093968,0.14347824542457394,0.0005733944954128441,-0.024508394605817104,56.19,-0.9,58.32,29.02,34.46,UNDERVALUED
BBWI,Consumer Discretionary (S&P 400),2024-08-31,-0.017328042328042303,0.0772320650750128,1.408293718687026,-0.017328042328042328,0.18216066707352863,3.0255341960007534,2.55302141376291,0.7100218077298428,0.9992313604919293,-0.6845579737023572,-24.31,-31.93,-14.83,41.82,-32.93,OVERVALUED
BCO,Industrials (S&P 400),2024-08-31,0.07476573696395095,0.07,1.1870804972999063,0.07476573696395106,0.07736456276167301,2.687748113943088,1.8407957214835267,0.5656603253720591,0.947261663286004,-0.5577329671865894,25.13,34.11,47.9,26.58,4.02,FAIRLY VALUED
BC,Consumer Discretionary (S&P 400),2024-08-31,-0.060303573001379895,0.07,1.1449323407182272,-0.060303573001379875,0.1760002572460359,3.035103833737814,2.181979751940976,0.5438463448958731,0.992827868852459,-0.4139421083891989,25.11,-9.53,1.97,34.13,9.36,UNDERVALUED
BDC,Information Technology (S&P 400),2024-08-31,-0.036217741517791224,0.07690569279737551,1.1880494351081243,-0.036217741517791203,0.06511149134511528,1.0434532340937213,0.8798098888165673,0.22756647933899754,0.3273942093541203,-0.15944726268347828,46.6,23.36,14.51,43.18,15.33,UNDERVALUED
BJ,Consumer Staples (S&P 400),2024-08-31,0.0338347614426282,0.07,0.5000884513252607,0.03383476144262811,0.01701147563188393,0.28926883418062804,0.13877340731259027,0.08777236833258857,0.0,-0.27772749897771937,-3.71,12.48,18.65,27.16,18.58,UNDERVALUED
BMRN,Health Care (S&P 400),2024-08-31,0.15418940201017262,0.07,0.6044525159165615,0.15418940201017253,0.0314634489080499,1.85731076045562,1.3762533937749317,0.4235815683005578,0.8246887966804979,-0.019801375326459654,-23.63,3.98,-0.19,29.29,-25.97,OVERVALUED
BRKR,Health Care (S&P 400),2024-08-31,0.17141502351128146,0.08089238676814095,1.1686012939995503,0.17141502351128146,0.06355504369103245,3.4584155940594083,3.2908085948607138,1.3761239575867712,0.9961563100576554,-0.0921338397681911,-23.19,-25.27,2.72,36.38,-11.14,OVERVALUED
BWA,Consumer Discretionary (S&P 400),2024-08-31,0.12370399683419064,0.07,0.9778125964068124,0.12370399683419074,0.05697072603801142,2.6357105786144985,1.8803687768358943,0.6038783808372133,0.943762781186094,-0.3142157762082554,-16.48,10.85,-15.56,32.67,101.65,UNDERVALUED
BURL,Consumer Discretionary (S&P 400),2024-08-31,0.11776509651593936,0.07645252677802496,1.2494807132505568,0.11776509651593936,0.015545708373795111,0.4885014848198733,0.38967848908636754,0.20154810241771745,0.009916094584286803,-0.22610558991959903,-15.17,28.71,65.31,43.06,23.03,UNDERVALUED
BWXT,Industrials (S&P 400),2024-08-31,0.11800026334246083,0.0709391872915691,0.8478273662366996,0.11800026334246075,0.014568261872226287,0.6735371194570513,0.4832236943075007,0.1838127519881034,0.008653846153846154,-0.12196577203101372,55.46,-0.59,41.1,27.22,55.89,UNDERVALUED
BYD,Consumer Discretionary (S&P 400),2024-08-31,0.05150368020044005,0.07,1.0438671896851326,0.05150368020044006,0.11373320895491898,3.641313620513717,2.5400402454809563,0.6972376362095439,0.9990069513406157,-0.6001081901854332,5.98,-5.11,-9.25,30.54,38.16,UNDERVALUED
BSY,Information Technology (S&P 400),2024-08-31,0.11767183886188648,0.0917993756708689,1.3486388158193248,0.11767183886188656,0.026700449962763575,0.7481386737569529,0.7866274653655854,0.3054309932575105,0.20846905537459284,-0.0997299542561736,39.14,0.67,3.48,30.22,-28.51,OVERVALUED
CBT,Materials (S&P 400),2024-08-31,-0.09025688498032858,0.08469681570625562,1.2492804653411371,-0.09025688498032863,0.0676866494479584,0.4987509033701267,0.5068251633871855,0.17370240811648924,0.012026458208057728,-0.20089941938922698,13.27,22.48,47.76,32.84,-15.97,OVERVALUED
CCK,Materials (S&P 400),2024-08-31,-0.07208529707177624,0.07,0.6140531507554908,-0.07208529707177624,0.049961604330599305,0.31488250592743927,0.10109930453975989,0.149712861048687,0.0,-0.5989888592031842,10.85,20.22,-1.24,27.4,33.64,UNDERVALUED
CHDN,Consumer Discretionary (S&P 400),2024-08-31,0.36020554757431755,0.07,1.0738134791506293,0.3602055475743176,0.021475987758533526,4.351442042357229,1.859811420269577,0.6561801033038721,0.895112016293279,-0.45701253658378715,5.99,19.34,11.3,24.58,-32.56,OVERVALUED
CHE,Health Care (S&P 400),2024-08-31,0.060635242859009786,0.07,0.34254610051969936,0.06063524285900974,0.006129588776782124,0.252329505272158,0.1900566009699071,0.0387804550563395,0.0,0.014265598394536089,6.6,-7.11,14.95,20.55,-8.02,OVERVALUED
CELH,Consumer Staples (S&P 400),2024-08-31,1.0165329465547948,0.11015450117301788,1.5971197917259798,1.0165329465547945,0.004480968131322312,3.8545687652017793,0.33149555084675864,0.06969855676122125,0.0,0.08551383573171349,-45.49,-56.21,-41.8,58.48,-13.83,OVERVALUED
CHH,Consumer Discretionary (S&P 400),2024-08-31,0.10144163589403044,0.07,0.6550200982786599,0.10144163589403038,0.13049677722891195,6.0544595625126645,4.417425187391093,1.1908658889543826,1.0,-0.26714524070073153,2.92,16.96,1.51,24.74,-12.56,OVERVALUED
CHRD,Energy (S&P 400),2024-08-31,0.06851141029627672,0.07,0.49523927706725185,0.06851141029627668,0.1379112291473194,5.552844509639613,4.079642062085086,0.9728469591933145,1.0,-0.03896320221309496,18.9,-4.23,-1.55,24.29,9.44,UNDERVALUED
CLF,Materials (S&P 400),2024-08-31,-0.04319457131671667,0.0806150159469668,1.1581656959429507,-0.04319457131671669,0.2420433432474688,3.6846933391837777,3.2955281829449303,0.8332893345789615,1.0,-0.4457202874846214,28.74,-36.04,-14.58,37.39,-11.29,OVERVALUED
CLH,Industrials (S&P 400),2024-08-31,0.04694514095813407,0.07915514877627594,1.0872290442889505,0.04694514095813402,0.02931072861489677,0.6540447844895204,0.569717437448611,0.17534085327441606,0.006949270326615705,-0.15422242891958973,86.71,32.72,45.21,25.44,29.83,UNDERVALUED
CMC,Materials (S&P 400),2024-08-31,-0.012783782228289908,0.07500604668139056,1.0119449952973338,-0.012783782228289936,0.06048507160062782,1.2490051139637801,1.0177651223190693,0.23567482840955908,0.5,-0.09246549748020741,56.73,1.66,-3.5,28.95,28.56,UNDERVALUED
CNH,Industrials (S&P 400),2024-08-31,0.0482357437051506,0.07,0.9861010508813562,0.048235743705150526,0.6612301623178423,22.358238494216835,16.02122183357062,3.9222659025941176,1.0,-1.7956772827504741,-18.86,-7.88,-21.85,31.35,10.56,UNDERVALUED
CNM,Industrials (S&P 400),2024-08-31,0.007668019846639673,0.08894869277974288,1.4063465979175218,0.007668019846639603,0.1308085129904964,2.05952723610751,2.062956199572462,0.5755844172410578,0.9988751406074241,-0.22486305697395098,120.9,-2.4,46.25,35.46,-6.33,OVERVALUED
COKE,Consumer Staples (S&P 400),2024-08-31,0.07303727473033605,0.07,0.5171790669325017,0.07303727473033599,0.014008785061765143,0.5901805696785771,0.4354769831031297,0.11293196485714907,0.0,-0.00805094907794372,83.66,60.81,96.13,32.07,40.22,UNDERVALUED
CRS,Industrials (S&P 400),2024-08-31,0.3888253553340957,0.08892601645137184,1.1837760006853968,0.38882535533409573,0.007718947157636266,0.6489294860160794,0.38889204703795016,0.14855241964617108,0.0,-0.09397264633324967,75.61,123.37,133.57,41.63,239.34,UNDERVALUED
CROX,Consumer Discretionary (S&P 400),2024-08-31,0.11458895044564188,0.09886903322007433,1.5644753133833473,0.11458895044564182,0.1186463996031564,3.022660463014631,3.224382644724016,1.1586196224898806,1.0,-0.20886718262931225,-3.76,17.32,50.16,44.18,-15.71,OVERVALUED
CRUS,Information Technology (S&P 400),2024-08-31,-0.0572965988394919,0.1111194871847036,1.6659384145737595,-0.05729659883949185,0.021659356573923434,0.23814882767434944,0.24622360599112336,0.046381885239048536,0.0,0.04459686455375054,2.94,58.08,77.58,36.76,-20.74,OVERVALUED
CVLT,Information Technology (S&P 400),2024-08-31,0.06966313616028752,0.08352559912784048,1.0000260982882119,0.06966313616028753,0.01714946879812597,0.5353001442825605,0.5048883139027058,0.12745057481048747,0.0,0.044428558160312895,171.16,58.7,127.49,34.01,-14.36,OVERVALUED
DCI,Industrials (S&P 400),2024-08-31,0.03756124115405557,0.07151775028387639,0.8171123279879273,0.03756124115405553,0.06990154956219352,2.216391146757331,1.6968133608679385,0.36881867865649837,0.9814643188137164,-0.05476724515329927,29.67,0.82,15.64,18.81,31.86,UNDERVALUED
DAR,Consumer Staples (S&P 400),2024-08-31,0.03917146494506296,0.07,1.151933791496333,0.039171464945062955,0.09458854038989167,2.5882048552889616,1.741198820310758,0.4921141040933098,0.9311023622047244,-0.6775672643281555,-20.8,-2.52,-32.43,39.81,61.33,UNDERVALUED
DINO,Energy (S&P 400),2024-08-31,-0.1633555817301401,0.07,0.6968281544605915,-0.16335558173014003,0.2606327397580109,2.5572135425924425,2.914901721625218,0.6353176671165373,1.0,-0.20229427780513337,54.39,-10.11,-7.51,29.67,109.93,UNDERVALUED
DLB,Information Technology (S&P 400),2024-08-31,0.03664959048263938,0.07,0.6582427622934747,0.03664959048263948,0.034910967727689125,1.2962988886777491,0.9891148027988026,0.17738761389584198,0.47410358565737054,0.10578931818852982,-0.12,-12.93,-14.24,20.57,-5.49,OVERVALUED
DOCN,Information Technology (S&P 400),2024-08-31,0.20225151911604966,0.09175083425848995,2.1513959262195854,0.20225151911604972,0.13375903652408191,5.713388526489264,5.99019853396163,2.606892080992174,1.0,-0.3961925576658777,-35.49,-3.31,38.37,52.18,200.31,UNDERVALUED
DKS,Consumer Discretionary (S&P 400),2024-08-31,0.04982140486431419,0.0736650752320595,1.0904011291977225,0.049821404864314106,0.06121374727188854,1.876171531472721,1.5001051811158428,0.3753199696054021,0.9178662150719729,-0.13527046761095826,62.17,33.18,109.09,38.72,-20.17,OVERVALUED
EEFT,Financials (S&P 400),2024-08-31,0.09801119447421702,0.07,1.0632160843841454,0.09801119447421698,0.05209627767120866,2.430335360372792,1.7767896514219061,0.4790585944136646,0.9693675889328063,-0.04736937949566025,-9.6,-1.6,23.52,27.33,-36.01,OVERVALUED
DY,Industrials (S&P 400),2024-08-31,0.09639376735280547,0.08117419162191926,1.1037041093433588,0.09639376735280542,0.035445419285901725,1.054626009238925,0.9443068940493405,0.305429885229049,0.38268341044282883,-0.15314887466740823,22.38,35.83,76.08,35.58,124.8,UNDERVALUED
ELS,Real Estate (S&P 400),2024-08-31,0.021326547161975684,0.07,0.4168873902567545,0.02132654716197572,0.016134471304361974,0.22762236096733907,0.09754031034303756,0.07685795362873989,0.0,-0.2764945374721719,7.68,9.78,11.7,20.17,-4.16,FAIRLY VALUED
EHC,Health Care (S&P 400),2024-08-31,0.10407947385365413,0.07,0.5150835274765104,0.10407947385365406,0.018537976032683208,0.599541313799252,0.3517473451189831,0.18101302799443547,0.004210526315789474,-0.31125113160843804,16.53,24.76,32.05,20.04,32.72,UNDERVALUED
ELF,Consumer Staples (S&P 400),2024-08-31,0.768925651816379,0.10263164011609081,1.4773615122225539,0.7689256518163788,0.02158271940375147,8.756344226436418,1.2837737696952596,0.37559658547724484,0.7687979539641944,-0.021909766458741653,-9.42,-28.32,7.99,60.32,-32.61,OVERVALUED
ENS,Industrials (S&P 400),2024-08-31,-0.03416618602435062,0.07816069705144674,1.0327516477660668,-0.034166186024350564,0.10265840807464359,1.71339791932028,1.4840427186578566,0.35885927948765695,0.9210526315789473,-0.14483511513880207,-11.07,9.86,-2.58,28.85,89.89,UNDERVALUED
ENSG,Health Care (S&P 400),2024-08-31,0.2326539232938507,0.07,0.7133129886223992,0.23265392329385073,0.007996886234968845,0.5203883246437995,0.3374290468727769,0.15878464147056068,0.0,-0.15947217883951328,55.65,20.25,51.35,21.12,18.55,UNDERVALUED
ESAB,Industrials (S&P 400),2024-08-31,0.06990067399787159,0.08210330791225803,1.1400025692949645,0.06990067399787159,0.051197524422623854,1.2951778395990035,1.1950594357920783,0.3406830883677054,0.6788931788931789,-0.16156105068568258,52.86,5.44,45.88,28.21,-24.71,OVERVALUED
EXLS,Industrials (S&P 400),2024-08-31,0.15482803652010846,0.07544693827536544,0.8638041386025335,0.15482803652010843,0.032185284621065555,1.7135608778060034,1.4583364323788786,0.4966766795463524,0.821993670886076,-0.02218850250677165,-8.97,14.65,25.01,26.27,2.91,FAIRLY VALUED
EXP,Materials (S&P 400),2024-08-31,0.051780459566243,0.10106814790547795,1.6048859694329956,0.051780459566242984,0.05310486523180806,0.8442115100724866,0.8920561124096056,0.27427587637731177,0.2835897435897436,-0.1244299102470362,47.0,-0.15,36.8,31.69,-19.28,OVERVALUED
FCFS,Financials (S&P 400),2024-08-31,0.15495162594148204,0.07,0.6227784282831521,0.1549516259414821,0.11755853418523839,6.699446556796643,4.873422662234446,1.5654248687673928,1.0,-0.33878326967981526,23.43,5.23,36.12,27.11,76.62,UNDERVALUED
FCN,Industrials (S&P 400),2024-08-31,0.1519801855982421,0.07,0.39752646529517666,0.151980185598242,0.043150298283168756,2.5538765051853285,1.9038062390168724,0.5499291610744107,0.9692307692307692,0.0056208541815662184,22.23,11.0,22.87,31.75,-33.01,OVERVALUED
FHI,Financials (S&P 400),2024-08-31,0.11326491512739545,0.07,0.4781127283808515,0.11326491512739537,0.10716412690744975,5.842490473315771,4.359377209873302,1.2803767323002673,1.0,-0.027183262829640453,-25.84,-0.41,5.44,20.19,95.29,UNDERVALUED
FBIN,Industrials (S&P 400),2024-08-31,-0.020495447808596245,0.08611837330182298,1.3987460064451478,-0.02049544780859623,0.0438452096022012,0.46159911526751635,0.44653729340662174,0.16740068802370855,0.0,-0.2524227122323898,65.63,-2.64,16.55,31.97,-41.79,OVERVALUED
FLR,Industrials (S&P 400),2024-08-31,0.12587310826542497,0.0866889047291711,1.254264973068705,0.12587310826542492,0.010956109249725229,0.5224072361714802,0.522428585993525,0.11151801673398343,0.0005790387955993051,0.15951329932500205,75.76,36.88,43.1,32.89,5.21,UNDERVALUED
FLS,Industrials (S&P 400),2024-08-31,0.19514068689282782,0.07537063386172907,1.0007278989953252,0.1951406868928279,0.032052356486296105,1.8038574500724933,1.5312841698156874,0.5632878324676309,0.8324282389449186,-0.13536574794030637,14.76,19.04,28.47,23.67,61.25,UNDERVALUED
FOUR,Financials (S&P 400),2024-08-31,0.2866171749598716,0.09203036039323492,1.758174202634855,0.2866171749598716,0.06243539991760267,3.4444043060011302,3.108987413906475,1.170271344858512,0.9863760217983651,-0.2550732939893216,11.87,2.57,46.33,47.33,-40.91,OVERVALUED
FND,Consumer Discretionary (S&P 400),2024-08-31,0.03503621666733503,0.09432727157740073,1.5083602870614725,0.03503621666733498,0.019722861548267596,0.2364174561371212,0.2461096483828593,0.10208678965713025,0.0,-0.1325528424666939,55.22,-9.22,12.78,38.51,-51.15,OVERVALUED
G,Industrials (S&P 400),2024-08-31,0.02418481816775908,0.07,0.8061954674672009,0.024184818167759126,0.11500649294201584,3.469084542069696,2.5525648416919244,0.5667340778219104,1.0,-0.13444427309752788,-29.72,13.46,6.87,27.91,-1.35,FAIRLY VALUED
GEF,Materials (S&P 400),2024-08-31,-0.133120334230167,0.07,0.808859982813509,-0.3424206630443342,0.10978642081838438,0.6925650576357801,0.6297043809459975,0.25615338052285574,0.060756972111553786,-0.7039495332207271,28.46,0.49,-11.05,24.08,48.61,UNDERVALUED
GAP,Consumer Discretionary (S&P 400),2024-08-31,-0.0465548155737705,0.07,1.437233168032776,-0.04655481557377049,0.07916568763335444,1.2261658769313153,0.8052757810211411,0.25219649709633607,0.222001982160555,-0.4543370570055448,-48.48,18.21,100.42,60.98,-5.45,OVERVALUED
GGG,Industrials (S&P 400),2024-08-31,0.02429880556336972,0.0761928779864357,0.8334338258447422,0.024298805563369802,0.016499327203796,0.470889066384186,0.4053516734218693,0.08341159622690737,0.0,0.03580359709081021,16.26,-8.37,6.87,20.37,0.1,FAIRLY VALUED
GHC,Consumer Discretionary (S&P 400),2024-08-31,0.12495473937652579,0.07,0.930920394471238,0.12495473937652583,0.06598605240916812,3.1282359777681847,2.2572738939131662,0.7041411947099586,0.9831683168316832,-0.3085755679514886,17.6,8.92,36.95,25.37,46.43,UNDERVALUED
GXO,Industrials (S&P 400),2024-08-31,0.08729011453352609,0.07,1.2228621909303905,0.08729011453352607,0.03364739706082837,0.8593261332147984,0.4720162319368817,0.2653417723663245,0.019704433497536946,-0.6071689475598523,-0.92,0.36,-21.76,30.91,-9.29,OVERVALUED
GLPI,Real Estate (S&P 400),2024-08-31,0.09812340615315418,0.07,0.6147415460681684,0.09812340615315415,0.05454820727258922,2.0953992862970967,1.4098761497979462,0.5064223285135898,0.7676560900716479,-0.5004816165787896,3.66,16.12,17.03,18.76,-4.19,FAIRLY VALUED
GPK,Materials (S&P 400),2024-08-31,-0.0012711864406779183,0.07,0.8188626895838548,-0.001271186440677966,0.15689386814450101,3.5654782939155774,2.5287405847633853,0.651079984784703,0.9990521327014218,-0.6051961789739744,-2.09,18.22,36.71,25.65,-58.44,OVERVALUED
H,Consumer Discretionary (S&P 400),2024-08-31,0.13172636224749623,0.07965415804330239,1.1190328184439515,0.13172636224749618,0.061767791645712035,2.329234060842094,2.0756261178519386,0.6558294241236832,0.974272173324306,-0.1601183934162119,64.42,-3.36,35.73,27.09,20.02,UNDERVALUED
HAE,Health Care (S&P 400),2024-08-31,0.1201333150788082,0.07,0.7048182060936021,0.12013331507880821,0.03856089840921029,1.799651357838794,1.2854852836290422,0.37160914826503566,0.7774674115456238,-0.16386228586716547,-8.72,1.07,-15.77,29.46,43.07,UNDERVALUED
HALO,Health Care (S&P 400),2024-08-31,0.25622314865872053,0.07,0.9258787228924845,0.2562231486587206,0.03353859403994342,3.424289974988766,2.310023511765461,0.8410421174402206,0.9541375872382851,-0.17059956874402135,-23.86,56.0,50.02,36.37,69.04,UNDERVALUED
HLNE,Financials (S&P 400),2024-08-31,0.04744937617375222,0.09446529410814161,1.3129146918525139,0.04744937617375221,0.03494192554862247,0.6705611120489238,0.6880106244870796,0.19072570335338532,0.07411328745367919,-0.026803090309032992,83.62,36.75,67.59,28.39,-28.55,OVERVALUED
IDCC,Information Technology (S&P 400),2024-08-31,0.2005137682014182,0.07066168611085025,0.792819086893646,0.2005137682014181,0.3075250431026908,27.645784261568807,21.07769916157237,8.351522822127865,1.0,-0.05415568489407709,74.08,30.91,62.41,26.92,148.2,UNDERVALUED
ITT,Industrials (S&P 400),2024-08-31,0.09883857147638642,0.09546827538353456,1.3009330063480795,0.09883857147638651,0.023270350007837746,0.6082442167942942,0.6314328007308493,0.18282766769281159,0.0430622009569378,0.018157912440013448,52.42,9.29,37.16,25.06,51.78,UNDERVALUED
JEF,Financials (S&P 400),2024-08-31,0.04086239378800305,0.0913394262430027,1.0734079423989176,0.04086239378800304,0.12029696021791596,1.8140483272218284,1.8461493245466638,0.6375911021822375,0.9366540335679481,-0.6326646110681008,29.14,43.03,72.89,24.13,-8.09,OVERVALUED
KEX,Industrials (S&P 400),2024-08-31,0.11020219380239693,0.07301956290140635,0.9264729111489636,0.1102021938023969,0.04081944122375115,1.63366051093379,1.2880779753051932,0.36775872697883155,0.7744493392070485,-0.16444369271098835,19.98,34.23,44.78,25.96,17.44,UNDERVALUED
KNX,Industrials (S&P 400),2024-08-31,-0.03860979120914332,0.07,0.7869897870718346,-0.03860979120914328,0.09445509560775983,1.8400974500460892,1.296854273735185,0.3269571223786874,0.8,-0.3684707937567062,77.35,-3.77,-3.36,30.37,37.89,UNDERVALUED
KTOS,Industrials (S&P 400),2024-08-31,0.15451408215518203,0.08272717298746858,1.1035995443595346,0.154514082155182,0.018676824734704476,0.6884401259491677,0.6472169888224448,0.2347413050782686,0.08040842373962986,-0.08382102426014852,-28.54,27.44,42.57,38.58,151.53,UNDERVALUED
KRG,Real Estate (S&P 400),2024-08-31,0.02412231482451288,0.07,0.7069053023739145,0.02412231482451284,0.08604601775918228,2.2195587113446553,1.472831493777182,0.4300162486967238,0.8375634517766497,-0.5390196075911542,13.12,24.64,21.03,23.89,10.97,UNDERVALUED
LEA,Consumer Discretionary (S&P 400),2024-08-31,0.12327501615489544,0.07,0.9668593307347121,0.12327501615489553,0.0605772674098568,2.8554375593120547,1.9920793710346352,0.6010493588649841,0.9783505154639175,-0.2749355727284969,-14.4,-14.64,-17.63,26.24,16.3,UNDERVALUED
LECO,Industrials (S&P 400),2024-08-31,0.11443787652434279,0.07673148340130638,0.9635614921598664,0.11443787652434283,0.032438310268474706,1.3836694705907087,1.1938878854995936,0.3822586775812852,0.6610169491525424,-0.06631720279844576,9.58,-23.66,1.95,26.43,47.38,UNDERVALUED
LAD,Consumer Discretionary (S&P 400),2024-08-31,0.10126721489438695,0.07,1.41747211399141,0.10126721489438693,0.10282305014029404,3.6987442665299253,2.3984246791775523,0.9552553565630865,0.9438314944834504,-1.2776229591602064,42.39,1.9,-1.52,37.71,25.68,UNDERVALUED
LAMR,Real Estate (S&P 400),2024-08-31,0.03879998425305353,0.07564118893891275,1.2147519143266068,0.03879998425305343,0.06583506871626503,1.5107842740722661,1.2217185470506626,0.3680319728363629,0.6964560862865947,-0.395875647002634,23.33,10.88,44.7,25.97,32.85,UNDERVALUED
LFUS,Information Technology (S&P 400),2024-08-31,-0.06016157384331977,0.092583896437669,1.4072026729391842,-0.06016157384331976,0.026634435307877572,0.27045224135122076,0.2732079369838578,0.08165294894122355,0.0,-0.056922964927635974,48.35,14.27,2.99,27.36,53.13,UNDERVALUED
LOPE,Consumer Discretionary (S&P 400),2024-08-31,0.05441970095664894,0.07,0.58170275707206,0.05441970095664903,0.02576074191225358,0.9894328235115457,0.738057181660268,0.15382222165981532,0.04467005076142132,0.010865470214479866,27.83,6.35,23.68,24.38,0.17,FAIRLY VALUED
LSTR,Industrials (S&P 400),2024-08-31,-0.286858362775702,0.07,0.6947718526253823,-0.286858362775702,0.02785278897258822,0.16340875527202192,0.351203221703181,0.05261739840392529,0.0,0.05593433062861385,79.34,-1.17,-2.09,21.1,5.67,UNDERVALUED
LSCC,Information Technology (S&P 400),2024-08-31,0.1162978756912938,0.14122767538332978,2.301181370207156,0.11629787569129378,0.0318200302337718,0.5052825398666312,0.5264261279994775,0.13369957216074418,0.006,0.017220129885247126,-36.35,-40.27,-51.31,52.99,145.65,UNDERVALUED
MIDD,Industrials (S&P 400),2024-08-31,-0.19608029352917156,0.07,1.0299697202712887,-0.19608029352917153,0.07598882143553953,0.40348361564997165,0.6126492056089954,0.18398980849919247,0.010193679918450561,-0.3634678510654858,1.92,-8.69,-3.41,28.1,-0.72,FAIRLY VALUED
MORN,Financials (S&P 400),2024-08-31,0.08981075590719545,0.07,0.6470526769180199,0.08981075590719555,0.018113617925477197,0.7367025457858092,0.5302200460830749,0.1407874579075768,0.0010141987829614604,-0.06232543205603046,10.25,3.75,35.64,24.99,-29.72,OVERVALUED
MMS,Industrials (S&P 400),2024-08-31,0.059103635528948484,0.07,0.7812036681906023,0.0591036355289485,0.024223756118995233,0.6707043300108251,0.4279891963895706,0.1446839528617995,0.0,-0.2510667977123473,49.36,8.91,15.83,21.8,-34.87,OVERVALUED
MLI,Industrials (S&P 400),2024-08-31,-0.14114660429308057,0.08755562408008337,1.0947918029329184,-0.1411466042930805,0.009934509110751239,0.21069251074096537,0.23277794239292857,0.02141160125473787,0.0,0.1399026254307603,161.09,41.22,90.57,28.21,77.67,UNDERVALUED
MSA,Industrials (S&P 400),2024-08-31,0.16996203417251698,0.07,0.7540737443448561,0.1699620341725171,0.03156872522469897,1.9534654832619345,1.428872303333305,0.46644218527017717,0.8253807106598985,-0.0713197881987077,29.24,-1.47,1.09,20.49,5.49,UNDERVALUED
MSM,Industrials (S&P 400),2024-08-31,0.08596917624644052,0.07,0.7804994901639556,0.08596917624644052,0.11974917126263376,5.226126100900758,3.8246648892769266,1.009642786500835,1.0,-0.11172428547481261,-1.11,-18.64,-16.41,24.2,55.67,UNDERVALUED
MTDR,Energy (S&P 400),2024-08-31,-0.11858420201589204,0.07,0.7693743725348875,-0.11858420201589202,0.14679477051145443,1.6920345678635442,1.439444515141478,0.37606831759157705,0.8768619662363456,-0.3458041352232744,41.35,-9.08,-9.45,32.89,8.63,UNDERVALUED
MTN,Consumer Discretionary (S&P 400),2024-08-31,0.1438894149914962,0.07,0.9763183577351249,0.14388941499149613,0.16198956997435462,10.285073681676893,7.623858550815879,2.6256052611296097,1.0,-0.3986835252034635,-4.0,-14.73,-16.31,28.69,-6.0,OVERVALUED
MTSI,Information Technology (S&P 400),2024-08-31,-0.03963890575706863,0.10926680936702378,1.7057398814676137,-0.03963890575706859,0.021497740002314164,0.18438514386048271,0.19487856789037888,0.054643203677132,0.0,-0.04041377147479578,237.78,16.14,29.17,33.53,145.58,UNDERVALUED
MTZ,Industrials (S&P 400),2024-08-31,0.2268242361095345,0.09536563650941668,1.7582984861183864,0.22682423610953445,0.054490690694260886,2.014291251822579,2.077791262253153,0.893925195784183,0.919202518363064,-0.33073874943846343,8.86,29.03,13.71,47.22,138.69,UNDERVALUED
MUR,Energy (S&P 400),2024-08-31,-0.18276313108095943,0.07,0.581922455811136,-0.1827631310809594,0.09182369595508345,0.6573479391011295,0.8519240614084714,0.2226951001033887,0.2893954410307235,-0.34029417692924724,8.0,-2.44,-15.46,27.07,11.11,UNDERVALUED
NBIX,Health Care (S&P 400),2024-08-31,0.2676160408410022,0.07,0.3777729975532181,0.2676160408410022,0.020224764503731583,1.9898389977533768,1.36894171719046,0.4299915100981051,0.7796780684104627,-0.014137829514424771,-29.37,-4.55,16.69,33.53,20.84,UNDERVALUED
MUSA,Consumer Discretionary (S&P 400),2024-08-31,-0.08174920349226522,0.07,0.4371575952979081,-0.08174920349226523,0.0439070910015217,0.48460232393925956,0.3330036484651033,0.12448926008830008,0.0,-0.20077964004288182,76.31,23.8,64.25,23.57,10.79,UNDERVALUED
NEU,Materials (S&P 400),2024-08-31,-0.024008978591210428,0.07,0.5540170250657636,-0.024008978591210428,0.10119523225620106,2.201726285381902,1.611729228341836,0.33980001351217715,0.9696048632218845,-0.116962021485819,18.69,-9.98,24.37,23.1,68.31,UNDERVALUED
NOV,Energy (S&P 400),2024-08-31,0.18598866933812364,0.07,0.8879856516382665,0.18598866933812352,0.058455218835166134,4.169493399316659,3.087299700145338,1.1191170897023028,0.9949341438703141,-0.23725632727334398,-43.49,6.07,-14.87,33.56,21.58,UNDERVALUED
NXST,Communication Services (S&P 400),2024-08-31,-0.05334868547303784,0.07,1.1029909650752163,-0.0533486854730378,0.15183185813676622,1.835483545178966,1.0570401338946376,0.47570557213613013,0.5315227934044617,-1.2629328332271013,2.41,11.73,9.29,38.03,17.74,UNDERVALUED
NVT,Industrials (S&P 400),2024-08-31,0.16286872031719746,0.10318088412483159,1.7126038526028253,0.1628687203171975,0.03806053467521744,1.0005811993179854,1.0980822478858472,0.4654798610812043,0.5073641442356526,-0.15482873324108948,47.89,-1.61,21.66,32.69,131.82,UNDERVALUED
NYT,Communication Services (S&P 400),2024-08-31,0.05104619331540117,0.07,0.6658228984435927,0.051046193315401105,0.024067487842212205,0.9085593740125903,0.6865123863547691,0.13626104987066476,0.005905511811023622,0.02792697632929716,42.45,29.63,25.38,21.46,21.97,UNDERVALUED
OC,Industrials (S&P 400),2024-08-31,-0.14230099375064031,0.08365011067132692,1.3257738644526245,-0.14230099375064031,0.07987392125476528,0.574966255327305,0.7349811954117943,0.1980800444744359,0.1150990099009901,-0.1175293257488095,79.35,10.79,19.09,31.35,-8.35,OVERVALUED
OGS,Utilities (S&P 400),2024-08-31,-0.07991256805165237,0.07,0.508363767376437,-0.07991256805165234,0.20215038775195251,2.984524277982068,2.108617923815133,0.6201641294794327,0.9744136460554371,-0.8326811551605405,-16.57,16.01,-0.79,23.0,25.38,UNDERVALUED
OLN,Materials (S&P 400),2024-08-31,-0.2712399479533286,0.07,1.051758925000952,-0.2712399479533286,0.21687229063882285,0.6010610985804055,1.9699201661009815,0.49531561941157654,0.9920792079207921,-0.5741072186606423,61.37,-20.74,-23.46,32.16,-54.85,OVERVALUED
OPCH,Health Care (S&P 400),2024-08-31,0.0906496887623629,0.07,0.8586323367547014,0.090649688762363,0.0501390079119555,2.1449446740560836,1.5540054667157341,0.4206550964916784,0.9185475956820413,-0.14715141752038066,-30.34,-2.38,-8.07,31.17,-25.17,OVERVALUED
OVV,Energy (S&P 400),2024-08-31,-0.12684531450577663,0.07,0.7526481666395545,-0.12684531450577663,0.18938001725417786,1.8948887836433126,1.6902399546326188,0.47010913093888,0.9386745796241345,-0.60688318628428,18.9,-11.3,-6.42,29.52,64.25,UNDERVALUED
OSK,Industrials (S&P 400),2024-08-31,0.16613136923448435,0.087108919480936,1.1415267572603418,0.16613136923448443,0.1770264279419071,7.39061567080925,7.400973388419665,2.7655138295476878,1.0,-0.0946747326674169,-38.93,-2.85,5.72,27.61,47.72,UNDERVALUED
PAG,Consumer Discretionary (S&P 400),2024-08-31,0.11151257603865572,0.07,1.1416011351039168,0.11151257603865568,0.09412076576130791,4.098892579493507,2.856059127686378,0.9641170052963598,0.9980487804878049,-0.7124561752176484,48.8,12.44,6.01,27.06,35.88,UNDERVALUED
PBF,Energy (S&P 400),2024-08-31,-0.1816238631825976,0.07230190662126522,0.811067185660768,-0.1816238631825976,0.3233929040136366,2.3425713183794574,3.3411447021258387,0.6215244333572139,1.0,-0.0682688815060451,-5.09,-28.29,-25.68,39.16,126.77,UNDERVALUED
PFGC,Consumer Staples (S&P 400),2024-08-31,0.12497715845255142,0.07,0.8740537303637939,0.12497715845255147,0.04219656933469432,1.7876782696727398,1.2120451037496491,0.4272076605237439,0.6673076923076923,-0.41031471353260673,-21.13,-3.64,20.14,24.72,40.09,UNDERVALUED
PII,Consumer Discretionary (S&P 400),2024-08-31,0.04021422750029102,0.07163026524826295,1.0906562745800477,0.04021422750029107,0.036840336572548295,0.826189572892524,0.5722947081591093,0.20629365664099522,0.01499531396438613,-0.38676236874811387,-6.86,-7.52,-22.75,33.42,-16.13,OVERVALUED
PLNT,Consumer Discretionary (S&P 400),2024-08-31,0.1436358046568429,0.07,0.9555739838034992,0.14363580465684286,0.03895002077526586,2.062391442796807,1.4763602648905836,0.5502979013135997,0.8147389969293757,-0.2965422057134301,2.49,30.67,33.57,35.82,-33.36,OVERVALUED
POST,Consumer Staples (S&P 400),2024-08-31,0.1947976483456384,0.07,0.39343947813027597,0.1947976483456385,0.193691854954333,13.02800163397071,9.5237809304008,3.5158601900281345,1.0,-0.8779682737603995,84.49,11.57,29.05,19.13,-31.09,OVERVALUED
PR,Energy (S&P 400),2024-08-31,0.46433831550745674,0.07,0.7942436438953664,0.46433831550745686,0.14156736034983822,31.079237895580007,10.6866162342084,2.670383602945261,1.0,-0.5344369721549224,55.01,-5.2,5.07,31.05,79.21,UNDERVALUED
PSN,Industrials (S&P 400),2024-08-31,0.2973530679298029,0.07357042147638636,0.8787779277811141,0.2973530679298029,0.019564313768582826,1.888918252235836,1.3050056872128692,0.4073564241182018,0.7677966101694915,-0.0647509295482324,45.98,15.23,67.41,28.12,-50.18,OVERVALUED
PVH,Consumer Discretionary (S&P 400),2024-08-31,0.021442343919682694,0.07299228358202745,1.5487250019810606,0.02144234391968263,0.193170652736757,5.062070967461794,3.930160076065571,0.9181551155141903,1.0,-0.49870879430239773,-39.85,-28.26,18.22,39.29,-20.72,OVERVALUED
QLYS,Information Technology (S&P 400),2024-08-31,0.13218697100197452,0.08583507703195753,1.0620019492335147,0.13218697100197457,0.01250142908249049,0.5297645801972806,0.5255298411152726,0.17530855388531127,0.015476190476190477,0.03786294516211451,-4.89,-25.83,-19.58,32.11,43.83,UNDERVALUED
RBA,Industrials (S&P 400),2024-08-31,1.1222747721767217,0.07,0.804367404620639,1.1222747721767217,0.017421056547310916,36.48571816508211,1.1785771098164761,0.31071691700794735,0.6837121212121212,-0.2610552956017366,88.91,13.83,41.69,29.18,3.06,FAIRLY VALUED
RBC,Industrials (S&P 400),2024-08-31,0.0619342544068604,0.07495129945415954,0.905072375724898,0.06193425440686041,0.024801732349025725,0.6796765732314511,0.5330650701778006,0.15845926704243699,0.0008216926869350862,-0.1405714899074387,3.63,12.1,29.2,26.03,68.69,UNDERVALUED
RH,Consumer Discretionary (S&P 400),2024-08-31,-0.15634440772075686,0.0993804618564237,2.281122349471011,-0.1563444077207569,0.35395743529817547,1.4221887976128138,2.346971018391241,0.7080993780796448,0.9994772608468374,-0.7731728864001618,20.75,-6.42,-30.53,61.63,-37.84,OVERVALUED
RMBS,Information Technology (S&P 400),2024-08-31,0.013905227213259597,0.16015578718782875,2.7365589690059613,0.013905227213259659,0.012298135073587792,0.1066501624756563,0.1079248900866583,0.013110620435082277,0.0,0.013281373357511348,-85.5,-29.12,-20.81,55.66,101.84,UNDERVALUED
RPM,Materials (S&P 400),2024-08-31,0.010868040329562234,0.07517329929231252,0.9684684337884166,0.010868040329562232,0.060916662211793954,1.3836355742272375,1.1369565263081138,0.27691251175965914,0.6602465331278891,-0.1507239372280117,14.26,0.64,18.59,22.23,-2.62,FAIRLY VALUED
RRX,Industrials (S&P 400),2024-08-31,0.19793403476494364,0.07918326780470562,1.3884329414048935,0.19793403476494376,0.040762895097971416,1.6944678552774597,1.4737786727574866,0.6752562960135097,0.7285522788203753,-0.5470028056103714,147.67,-1.97,4.43,39.27,0.18,FAIRLY VALUED
RS,Materials (S&P 400),2024-08-31,-0.13034361233480174,0.07592038553390955,0.8387854521832045,-0.13034361233480177,0.05604954924123583,0.5986337461944499,0.6323668909692599,0.1424124330317167,0.008252063015753939,-0.018664300848300886,80.67,-9.93,2.08,25.4,38.83,UNDERVALUED
SAIC,Industrials (S&P 400),2024-08-31,-0.03374870197300106,0.07,0.6320368629157999,-0.03374870197300104,0.10097510764274638,1.8445627547600771,1.3197986513231206,0.3192481008940963,0.8315054835493519,-0.32542155174813897,-22.71,-8.1,12.36,27.56,0.38,FAIRLY VALUED
SAIA,Industrials (S&P 400),2024-08-31,0.032010807802276275,0.0829180110942042,1.0062208011777072,0.03201080780227624,0.005653171593151484,0.14706768857552077,0.13916657794610351,0.029018042367363998,0.0,0.0158269827137038,72.14,-35.65,-11.82,48.52,-4.78,FAIRLY VALUED
SCI,Consumer Discretionary (S&P 400),2024-08-31,-0.002162018234164398,0.07,0.7203959879827398,-0.0021620182341643666,0.041307755819956084,0.6784268660843755,0.3992019971410386,0.16396429418098404,0.0,-0.4133077304486352,5.84,7.11,26.17,25.24,10.27,UNDERVALUED
SFM,Consumer Staples (S&P 400),2024-08-31,0.0676367765457262,0.07,0.5676217240893413,0.06763677654572615,0.04501049771002702,1.6778008186498699,1.2089057702981914,0.3149174273655959,0.7296222664015904,-0.13852959296572184,141.86,63.65,155.09,31.9,-23.7,OVERVALUED
SEIC,Financials (S&P 400),2024-08-31,-0.03578235864024626,0.07880401929584124,0.8959345756281996,-0.035782358640246266,0.04189871722836668,0.8330716351891742,0.7490522408743081,0.14541513240951007,0.053258584442887176,0.09340151366584279,20.54,-0.16,10.54,17.29,65.06,UNDERVALUED
SGI,Consumer Discretionary (S&P 400),2024-08-31,0.0008534503779566993,0.07857338599427044,1.3076451650572034,0.000853450377956596,0.04173847364362533,0.5488139449121573,0.4385621018800239,0.1771197839784469,0.0006968641114982578,-0.35973090887793757,46.48,-3.14,13.39,34.02,26.08,UNDERVALUED
SLGN,Materials (S&P 400),2024-08-31,-0.06602106621244108,0.07,0.6540651769321707,-0.06602106621244111,0.2070390081462116,3.4063611735669284,2.4749477512202,0.6271767335389592,1.0,-0.5176598942624124,-0.09,21.53,17.3,23.51,-18.07,OVERVALUED
SIRI,Communication Services (S&P 400),2024-08-31,-0.005553704320781949,0.07015648669165929,1.376577494268358,-0.005553704320781961,0.17352577419493145,3.8344579508517023,2.625845080313907,0.7036488560302856,0.998998998998999,-0.939053853714627,-16.77,-19.72,-23.09,51.85,-4.32,FAIRLY VALUED
SLAB,Information Technology (S&P 400),2024-08-31,-0.23615524174255398,0.12682557908279826,2.0069220115500426,-0.236155241742554,0.18557675743318658,0.6918658397139111,1.2849705309104105,0.22288995643618661,0.9545,0.04308505479450741,518.74,-17.12,-12.23,44.13,84.45,UNDERVALUED
SNX,Information Technology (S&P 400),2024-08-31,-0.07680624588070573,0.07,0.8171839878140431,-0.07680624588070571,0.1781006816269625,3.1279880393293102,2.343797486220999,0.5524308927127356,1.0,-0.29014134272562114,7.14,16.28,21.08,23.18,111.19,UNDERVALUED
SON,Materials (S&P 400),2024-08-31,-0.07132235493939831,0.07,0.702896434473105,-0.07132235493939833,0.041461363074095044,0.15329598416956883,-0.02982917405524861,0.12354650209213477,0.0,-0.6084954229691727,-11.81,1.73,2.27,20.47,13.62,UNDERVALUED
ST,Industrials (S&P 400),2024-08-31,0.00616440430034082,0.07,1.0771884007838781,0.006164404300340856,0.06778392804850245,1.4734394829871456,0.9568781348903029,0.29842581067543705,0.44174265450861194,-0.5141162554729329,107.98,10.26,3.87,28.91,12.94,UNDERVALUED
SPXC,Industrials (S&P 400),2024-08-31,0.1918680265589705,0.0947811669610121,1.3558028617385047,0.1918680265589705,0.03844954512352257,1.3790449478268187,1.4603424301342471,0.5599274336448866,0.7937007874015748,-0.061586158436506055,-22.96,41.3,106.45,29.23,25.7,UNDERVALUED
SSD,Industrials (S&P 400),2024-08-31,0.046177685511039845,0.08423119700725791,1.1361117503148908,0.04617768551103995,0.03052615611242453,0.7258613545708622,0.695641401079436,0.17839317137814298,0.056416615003099815,-0.01592580507256799,87.42,-13.46,15.31,31.18,4.72,FAIRLY VALUED
STRL,Industrials (S&P 400),2024-08-31,0.11460883580982872,0.11777289337159957,1.9516940650266479,0.11460883580982867,0.03292005252511213,0.6527033833117157,0.6965697070682781,0.197067555799043,0.06513026052104208,0.019662473625800942,147.66,7.36,44.43,51.38,328.91,UNDERVALUED
THC,Health Care (S&P 400),2024-08-31,0.0724940022947742,0.07,0.9433337278322826,0.07249400229477418,0.06342867346139466,1.8684930680697702,1.1803928976603248,0.4703216623818016,0.6231884057971014,-0.83097508137571,42.75,76.99,113.82,36.68,67.64,UNDERVALUED
TEX,Industrials (S&P 400),2024-08-31,0.16613852421910358,0.09992072361605384,1.4803790275234996,0.16613852421910366,0.09271067107446813,3.248885365668962,3.4800744170136095,1.4273577601939618,1.0,-0.06893408149562394,-18.97,0.24,-5.15,40.65,17.37,UNDERVALUED
THO,Consumer Discretionary (S&P 400),2024-08-31,-0.318216830319034,0.08697170081728378,1.2840380504690816,-0.31821683031903397,0.11467513955105284,0.2559273164081935,1.1066818762195965,0.2853865314496542,0.5820198482194979,-0.15777016692215926,158.15,-14.82,4.29,35.72,-22.07,OVERVALUED
TKR,Industrials (S&P 400),2024-08-31,0.060555518491338,0.07,1.0476128194278338,0.06055551849133809,0.13262777658518057,4.786332751285362,3.4471113904253845,0.8801713087695167,1.0,-0.362480097995069,14.63,-0.11,12.45,25.89,51.8,UNDERVALUED
TNL,Consumer Discretionary (S&P 400),2024-08-31,0.051303616484440706,0.07,1.4372576421331642,0.051303616484440706,0.2283669426476082,6.563032188513909,4.4051650735178525,1.3107512936339385,0.9980487804878049,-1.863463156807935,3.1,0.87,15.23,34.08,73.79,UNDERVALUED
TOL,Consumer Discretionary (S&P 400),2024-08-31,-0.027309563140026083,0.09529254509874481,1.696582698007234,-0.02730956314002607,0.07167151777117584,0.8319754754749109,0.8580963634341539,0.24302342021856102,0.2480127186009539,-0.11439514350420703,116.04,23.32,77.41,36.92,2.69,FAIRLY VALUED
TTC,Industrials (S&P 400),2024-08-31,0.008527698407424733,0.07,0.5732006017285662,0.008527698407424636,0.008212575237495362,0.13401016695986187,0.07219670480588418,0.0353178991837634,0.0,-0.10480293769959603,11.86,-1.2,-8.09,33.45,9.41,UNDERVALUED
TTEK,Industrials (S&P 400),2024-08-31,0.2906643972913614,0.07006096467307031,0.7787580087176004,0.2906643972913613,0.035640575225137576,4.433904803580383,2.826935622586442,0.9156037389115564,0.9815384615384616,-0.07380546769078285,46.66,30.08,51.95,25.1,-21.28,OVERVALUED
TXRH,Consumer Discretionary (S&P 400),2024-08-31,0.15361530332243323,0.07048508161240001,0.8165692725219802,0.15361530332243314,0.02577248751603459,1.7107121086134733,1.310758350523715,0.48101635977851614,0.7178265014299333,-0.06100503914900172,65.89,13.65,65.02,23.31,23.15,UNDERVALUED
UFPI,Industrials (S&P 400),2024-08-31,-0.25017350112016123,0.09685721284222461,1.380982383376511,-0.25017350112016123,0.026728971990071758,0.2033378612466948,0.3410718720258683,0.05544958744035069,0.0,0.10032953297790682,91.92,5.79,17.9,33.18,-25.58,OVERVALUED
USFD,Consumer Staples (S&P 400),2024-08-31,0.04521831047949032,0.07,0.8640535304061417,0.045218310479490265,0.06259785225757988,1.8864409543829743,1.3042121897370063,0.3300737637844693,0.8061325420375866,-0.33977826567174063,6.45,14.06,46.45,23.56,83.19,UNDERVALUED
UTHR,Health Care (S&P 400),2024-08-31,0.20203480865568357,0.07,0.16595977422304545,0.20203480865568352,0.06873085074930502,5.651703573598996,4.235950880062528,1.4503325738531383,1.0,0.02968729884454239,-2.08,58.94,62.04,27.34,43.69,UNDERVALUED
VIAV,Information Technology (S&P 400),2024-08-31,-0.1441504178272981,0.07,1.0798458256461196,-0.14415041782729804,0.029598651736499188,0.25348907280733635,0.2452502145262295,0.07776258923032102,0.0,-0.14361051519062068,-31.26,-11.51,-17.61,38.57,335.77,UNDERVALUED
VAL,Energy (S&P 400),2024-08-31,0.11338533541341644,0.08361803081863506,1.1202868156085062,0.11338533541341654,0.023709722939700195,0.7589581304223728,0.720673726060199,0.2796716781618095,0.1661500309981401,-0.12099772978703294,43.01,-7.47,-18.93,36.28,44.82,UNDERVALUED
VC,Consumer Discretionary (S&P 400),2024-08-31,0.05271565495207664,0.07378996531737918,0.9394400743042886,0.052715654952076675,0.08766784480992958,2.947757719838061,2.382159089070929,0.5446217410805629,0.9991438356164384,0.025268147872482806,-41.58,-9.66,-27.31,31.16,6.12,UNDERVALUED
VFC,Consumer Discretionary (S&P 400),2024-08-31,-0.10583848895143533,0.07,1.0265681087590655,-0.10583848895143534,0.12337518997399073,1.0460968511624615,0.6934949550428205,0.3385467100986886,0.20244150559511698,-0.9862003058658356,377.35,17.19,-4.75,59.66,-17.75,OVERVALUED
VNOM,Energy (S&P 400),2024-08-31,-0.04477763647725086,0.07,0.5426550503313983,-0.04477763647725081,0.05255109345216222,0.8388366986294978,0.5566977031738366,0.1752521884567917,0.004123711340206186,-0.2882419441170452,105.32,31.75,82.43,26.94,5.34,UNDERVALUED
VNT,Information Technology (S&P 400),2024-08-31,-0.028011556337143584,0.07085347291611947,1.1579649246923511,-0.028011556337143573,0.09534061706377246,1.6983116274920098,1.223829066462167,0.32068649961008705,0.739456419868791,-0.373189601991858,39.92,-19.49,11.83,26.75,-5.46,OVERVALUED
VVV,Consumer Discretionary (S&P 400),2024-08-31,0.1677857778496885,0.0707944875983126,1.0149638932513658,0.16778577784968854,0.05007457835526279,3.0949724351516528,2.258857463582588,0.8357132190106829,0.9742612011439467,-0.2503797049253044,-5.01,-4.4,22.53,26.65,-20.06,OVERVALUED
WEX,Financials (S&P 400),2024-08-31,0.08397855866587256,0.07,1.0249881444535622,0.08397855866587255,0.05954381724382743,2.1929574997710453,1.526124691462586,0.4277273519556327,0.8908908908908909,-0.36143111322459665,-25.96,-13.95,-2.63,25.13,4.4,FAIRLY VALUED
WFRD,Energy (S&P 400),2024-08-31,0.1856384206880628,0.0853064746237856,1.192131779143555,0.1856384206880628,0.09434395793391555,4.969410160887657,4.93613828500441,2.1721326707146105,0.9994022713687986,-0.15007962292037233,6.48,-0.31,18.83,39.41,-10.96,OVERVALUED
WCC,Industrials (S&P 400),2024-08-31,0.04505581206436937,0.09288920600923373,2.0005999351204458,0.04505581206436945,0.07977561968447372,0.9531266546018551,0.9876441588312809,0.44100138584767995,0.41504329004329005,-0.657501095089009,13.53,10.21,3.16,46.91,111.34,UNDERVALUED
WH,Consumer Discretionary (S&P 400),2024-08-31,-0.06742323097463288,0.07,0.7611715770856203,-0.06742323097463285,0.09817092703979555,1.3396604320271683,0.960533541074632,0.2929423389959073,0.41837732160312807,-0.34723798993016125,18.28,5.15,6.4,24.35,-0.35,FAIRLY VALUED
WHR,Consumer Discretionary (S&P 400),2024-08-31,-0.013638207260190605,0.07,1.360484529527204,-0.01363820726019063,0.3682443335032446,8.197682569440959,5.832802619786969,1.4171501359879066,1.0,-1.2469005751998221,-8.46,-2.44,-23.34,41.49,-55.46,OVERVALUED
WMG,Communication Services (S&P 400),2024-08-31,0.01993579996621042,0.07,0.7274803635122071,0.019935799966210508,0.01770572553526017,0.29147159745538964,0.14966286152872138,0.08347819028300775,0.0,-0.25745027779762936,38.78,-18.29,-12.2,28.15,-0.76,FAIRLY VALUED
WING,Consumer Discretionary (S&P 400),2024-08-31,0.2867915451120353,0.0908256201974104,1.2654872096209833,0.28679154511203536,0.013585490954019272,0.8911557368940122,0.8196256830454122,0.31816425175596497,0.2534284147010422,-0.057378350568161145,108.56,5.54,141.04,35.25,-70.24,OVERVALUED
WLK,Materials (S&P 400),2024-08-31,-0.2055210839559326,0.07425309567908696,1.1384016917369153,-0.20552108395593263,0.03582796136994221,0.1821842074634957,0.32499336376371163,0.08781389660327447,0.0,-0.12371210529757165,178.28,4.52,12.63,27.73,-43.18,OVERVALUED
WMS,Industrials (S&P 400),2024-08-31,-0.06403134230139418,0.10099259017490904,1.5334312034610058,-0.06403134230139418,0.028112996585931242,0.18691557327942987,0.19664436441153224,0.0676128272638756,0.0,-0.07277193133098363,61.49,-4.65,22.8,34.97,-8.36,OVERVALUED
WTS,Industrials (S&P 400),2024-08-31,0.038797676180853724,0.08179866834459795,1.0136761112703303,0.03879767618085375,0.028712293711627153,0.7178088502098652,0.6576116189620528,0.15650834702180108,0.017408123791102514,0.008013266747601541,23.79,-4.3,5.04,25.33,90.51,UNDERVALUED
WWD,Industrials (S&P 400),2024-08-31,0.2231736745579762,0.07358212602474261,0.8214691948092073,0.22317367455797615,0.02073594294735203,1.4396441963253073,1.13386709994012,0.41273346631607505,0.5808885163453479,-0.061202749517042805,52.59,15.58,29.65,28.49,107.92,UNDERVALUED
WSO,Industrials (S&P 400),2024-08-31,0.001295374538240246,0.09178923656510334,1.2270961796380306,0.0012953745382401492,0.0182834644121839,0.2883539071672673,0.29138347384882146,0.07780795262373431,0.0,-0.01096724916368172,109.31,21.07,33.63,28.4,-29.39,OVERVALUED
AAMI,Financials (S&P 600),2024-08-31,0.02253116011505263,0.07054747830590767,0.9427639054366767,0.022531160115052733,0.040739817256722786,1.0599869585281942,0.7515051501362967,0.19353708302157974,0.10162991371045062,-0.19873215122780935,52.55,7.97,17.99,28.76,281.43,UNDERVALUED
ABG,Consumer Discretionary (S&P 600),2024-08-31,-0.0408969865037353,0.07,1.4796995658519791,-0.040896986503735286,0.2736687765900063,4.914825898972164,3.427166714049035,0.9157009305864588,1.0,-1.0878504922852112,113.24,19.53,6.8,36.86,-11.97,OVERVALUED
ACHC,Health Care (S&P 600),2024-08-31,0.12195032253689964,0.07,0.5383859302621364,0.12195032253689952,0.026317845858579814,1.164371271287257,0.825170051896051,0.26711700724446413,0.24799196787148595,-0.1872022978143804,198.46,-4.31,6.26,32.69,-67.37,OVERVALUED
ACA,Industrials (S&P 600),2024-08-31,0.029026217228464324,0.09545906698441574,1.4205975994156645,0.02902621722846442,0.04001715664513196,0.6084181916608197,0.6341320071708952,0.1901048564599821,0.05238344683080147,-0.10483201088985669,113.24,7.95,17.26,31.93,59.55,UNDERVALUED
ACLS,Information Technology (S&P 600),2024-08-31,0.2289200628697019,0.15037289526964764,2.512906503075258,0.2289200628697019,0.022895826359880623,0.6007266537585164,0.6272072254961606,0.20260001003164066,0.0505,0.034172008024252326,4.82,-4.71,-43.1,49.6,13.23,UNDERVALUED
ACIW,Information Technology (S&P 600),2024-08-31,0.021575341743201637,0.08319692931126099,1.159360473303622,0.02157534174320153,0.01263505142133563,0.11099737276107077,0.09411316676614649,0.06148222584408327,0.0,-0.16759532705236965,104.45,57.67,107.41,31.89,3.54,FAIRLY VALUED
ADNT,Consumer Discretionary (S&P 600),2024-08-31,0.0902202393598186,0.0719247490637974,1.125194489177594,0.09022023935981871,0.28887790347181863,11.312982518240247,8.722980607931168,2.3104010715987244,1.0,-0.6723467326671863,-41.12,-32.21,-42.25,36.31,-11.63,OVERVALUED
ADT,Consumer Discretionary (S&P 600),2024-08-31,0.061827004881896075,0.07,1.2527072616488206,0.06182700488189609,0.14208212843052656,4.245467123113162,2.829099861369812,0.87920524279853,0.9931372549019608,-1.2329626482262444,-23.85,1.03,16.68,40.84,7.94,UNDERVALUED
ADUS,Health Care (S&P 600),2024-08-31,0.1130572377828245,0.07558564391874174,0.8782243715565806,0.11305723778282446,0.05217268970326029,2.1057996824952987,1.771857100183171,0.4797130610950146,0.9562841530054644,-0.05114593894030372,3.96,38.91,51.66,28.18,-9.75,OVERVALUED
ADEA,Information Technology (S&P 600),2024-08-31,-0.11424294824039205,0.09689633688298384,1.5028363026262592,-0.11424294824039204,0.07633514815270231,0.20659208330011194,0.3065909267768538,0.17452700271995478,0.001567398119122257,-0.40936131409728266,42.51,10.11,27.5,41.07,113.03,UNDERVALUED
AEO,Consumer Discretionary (S&P 600),2024-08-31,0.054498216673784405,0.07413883303210297,1.2556245944572832,0.054498216673784475,0.015204674613795328,0.2778788830707337,0.18594976932844878,0.09072596118370976,0.0,-0.2189573568760503,-7.82,-13.71,24.2,40.48,-16.23,OVERVALUED
AIN,Industrials (S&P 600),2024-08-31,0.10921192362064658,0.08198293256843553,1.1880361524301013,0.10921192362064651,0.034558547600571254,1.0638797458004183,0.9805186904917038,0.31971799500328496,0.43551523007128967,-0.12015841314464222,-13.73,1.08,2.7,27.96,-36.14,OVERVALUED
ALGT,Industrials (S&P 600),2024-08-31,0.09037508867948052,0.07,1.6214792739506727,0.09037508867948053,0.6794565244357686,27.16566648569035,19.140010365447143,5.255447160123369,1.0,-2.8873359103184013,-41.3,-42.33,-51.28,50.16,89.25,UNDERVALUED
ALKS,Health Care (S&P 600),2024-08-31,0.49614362359967434,0.07,0.42636556048299906,0.4961436235996744,0.028231208640327392,12.667527581212063,3.2322359020059896,0.8094571760872975,0.9895397489539749,0.017952347935389273,-87.75,-4.91,-2.54,36.4,69.31,UNDERVALUED
ALG,Industrials (S&P 600),2024-08-31,0.1163009640490058,0.08461925316148781,1.0843717525602603,0.11630096404900582,0.045351759863673256,1.421188320010033,1.3878659159126399,0.4553162412709889,0.7947336923997607,-0.08622028291513292,-4.04,-9.31,8.58,29.42,-11.34,OVERVALUED
AMN,Health Care (S&P 600),2024-08-31,-0.27730705544394096,0.07,0.5249568049583668,-0.27730705544394096,0.1894908509322495,0.12269708131483727,1.3573510034326293,0.35109209351280907,0.8207094918504314,-0.6570108651000346,2.26,-8.46,-40.0,47.07,-34.68,OVERVALUED
ALRM,Financials (S&P 600),2024-08-31,0.04643354352632878,0.07658431434059264,1.1246567215453918,0.04643354352632872,0.005818727154473546,0.22819749757490057,0.2028377885258065,0.032692890531051,0.0,0.057577734961662595,-25.96,-20.63,1.66,28.04,-3.9,FAIRLY VALUED
AMPH,Health Care (S&P 600),2024-08-31,0.29140638934481267,0.07,0.7942192924134026,0.2914063893448126,0.07480036705391747,9.310591646495103,5.846892517252761,1.8804922580752381,0.9989868287740629,-0.2045971386076645,39.17,4.41,-8.57,41.98,-55.55,OVERVALUED
AMR,Materials (S&P 600),2024-08-31,-0.15364156161802545,0.08339657817958623,0.9122325460514615,-0.1536415616180254,0.20875486470739385,1.5624278561887068,2.1060670416532328,0.4496707093430247,1.0,0.08332555006304072,144.12,-36.53,17.9,54.54,-15.06,OVERVALUED
APAM,Financials (S&P 600),2024-08-31,-0.018276728230064876,0.08707374158263198,1.2646822382536387,-0.018276728230064886,0.11137077916672562,1.665966034129666,1.6402606943153284,0.4050787887323278,0.9764567392583873,-0.05612699530800601,24.59,-4.06,16.47,29.0,21.89,UNDERVALUED
APLE,Real Estate (S&P 600),2024-08-31,0.08509492360004756,0.07,0.8801353147698303,0.08509492360004749,0.12107727624683048,4.735003588156236,3.336326267503097,0.8872199225787597,1.0,-0.4869530517816824,-5.42,-10.58,2.63,22.76,31.69,UNDERVALUED
ASO,Consumer Discretionary (S&P 600),2024-08-31,-0.036869321116428266,0.07147305987661098,1.206179895959882,-0.036869321116428225,0.09710799513137393,1.6197587761586214,1.1901994409072247,0.31033383059991315,0.7043558850787767,-0.3336523791906003,10.52,-25.53,2.4,37.43,-16.36,OVERVALUED
APOG,Industrials (S&P 600),2024-08-31,-0.016487864198970525,0.08788921463034105,1.1759130406691576,-0.016487864198970498,0.09195458121301135,1.426935519143647,1.4055629768961553,0.34952480770420435,0.8873978996499416,-0.04911051223299232,21.9,19.17,34.79,28.77,-34.68,OVERVALUED
AROC,Energy (S&P 600),2024-08-31,0.17120917537087488,0.09592632535866374,0.9737131954677538,0.17120917537087496,0.030106968332906034,1.0049895105402746,1.0497537162750459,0.38417795573281754,0.46963350785340313,-0.003680087746049577,-16.39,12.13,64.4,32.3,66.89,UNDERVALUED
ATEN,Information Technology (S&P 600),2024-08-31,-0.10215525544164539,0.07,0.5416071843466053,-0.10215525544164544,0.012315316951509723,0.26904567341376234,0.23437783358618805,0.03293842367548686,0.0,0.0804546861162422,6.09,2.12,-5.84,43.84,87.16,UNDERVALUED
ASTE,Industrials (S&P 600),2024-08-31,0.04998038446449593,0.08520231157334858,1.1390958835290048,0.04998038446449588,0.032337007768685436,0.7533809660315012,0.7211071885463394,0.1872491528386857,0.08938212357528494,-0.026491984721448675,-18.59,-15.86,-37.34,45.48,27.47,UNDERVALUED
ASTH,Health Care (S&P 600),2024-08-31,0.21194357796922292,0.09085316384198441,1.3755686535861602,0.21194357796922292,0.0422046639156117,1.8561721820604877,1.9138236583042123,0.7009281472751605,0.9412087912087912,-0.012153238706827496,55.6,8.69,26.23,47.32,-19.19,OVERVALUED
AWI,Industrials (S&P 600),2024-08-31,0.050360879085232346,0.07865739095679057,1.0005104767695001,0.05036087908523234,0.05722814148935581,1.5377350619197407,1.3694886311494536,0.3533986627402658,0.8388017118402282,-0.10394486625632735,46.63,4.78,67.29,26.36,43.21,UNDERVALUED
BCC,Industrials (S&P 600),2024-08-31,-0.18469122448957698,0.10199309462207669,1.567589999748303,-0.18469122448957692,0.10642344136064343,0.6307647298238945,0.9833654453490904,0.21181950811428898,0.38524590163934425,0.0828121517176307,297.2,0.2,30.37,37.74,-35.35,OVERVALUED
BFAM,Consumer Discretionary (S&P 600),2024-08-31,0.1968683787621499,0.07206915573655738,1.0285997599989243,0.1968683787621499,0.0053023649362572145,0.13853794541074133,0.06267761652833044,0.09410246565602154,0.0,-0.2197964395304599,63.23,21.68,49.04,33.72,-48.14,OVERVALUED
BCPC,Materials (S&P 600),2024-08-31,-0.021137402133796335,0.0838646228313562,1.0689037801587535,-0.021137402133796286,0.02975398267947803,0.4785295601408344,0.4544560200218169,0.11985714103060598,0.0,-0.04709628480331249,26.68,12.77,26.68,24.4,2.08,FAIRLY VALUED
AZZ,Industrials (S&P 600),2024-08-31,0.16162895148185052,0.0880833472328943,1.2598438599082353,0.16162895148185055,0.10571443187187668,3.512616081151565,3.5539892300422813,1.3710114923615593,0.9971925884334644,-0.47300859437817344,15.25,15.87,71.22,32.92,69.3,UNDERVALUED
BGC,Financials (S&P 600),2024-08-31,0.1159243530529026,0.07317790895965386,1.0103408022695644,0.1159243530529027,0.028183088320334768,1.1284388239143506,0.8701699291086251,0.2735233852291258,0.30613961312026916,-0.14050263708821706,137.63,21.91,101.48,34.64,20.32,UNDERVALUED
BHE,Information Technology (S&P 600),2024-08-31,-0.01640664220423782,0.09209894322156775,1.5378846575757459,-0.016406642204237838,0.033500796377606216,0.3924516184131917,0.3924792454586539,0.12452700109717174,0.0,-0.12022373680515788,34.82,39.35,68.93,40.11,74.09,UNDERVALUED
BL,Information Technology (S&P 600),2024-08-31,0.12823317486967856,0.07339941550398638,1.4913997383792859,0.1282331748696786,0.06596855468593804,2.923460332413757,2.2865979186229204,0.7780394269282213,0.9820819112627986,-0.3737941474196054,-99.14,-24.18,-17.5,40.19,-36.21,OVERVALUED
BNL,Real Estate (S&P 600),2024-08-31,0.08680704664636463,0.07,0.7787741828841492,0.08680704664636466,0.11358885269595476,4.310610134202791,3.0445659125712323,0.8995799814937522,1.0,-0.6286532049228141,1.43,26.33,21.82,23.97,31.83,UNDERVALUED
BOX,Information Technology (S&P 600),2024-08-31,0.04729864745668966,0.07,0.7076443096106513,0.04729864745668975,0.0055501797611192255,0.18306159511678585,0.13103000741243537,0.032137059301559634,0.0,-0.017264462774530497,-9.32,16.93,23.11,29.25,0.43,FAIRLY VALUED
BRC,Industrials (S&P 600),2024-08-31,0.02288754298950435,0.07,0.39174347731628373,0.02288754298950434,0.04072510517315372,1.3038299168422924,0.9824983981509904,0.1888735754401547,0.47472745292368684,0.020231502484543796,29.02,26.57,49.12,23.76,25.29,UNDERVALUED
BTU,Energy (S&P 600),2024-08-31,-0.007065577390152344,0.08640539733711561,0.692285085659494,-0.007065577390152351,0.4455515331293329,7.952742286112533,7.716844384472792,1.809299273416829,1.0,0.19452166785726935,0.8,-6.84,9.93,33.14,19.66,UNDERVALUED
CAKE,Consumer Discretionary (S&P 600),2024-08-31,0.04127779614405136,0.07,1.1370306586338588,0.041277796144051325,0.060941363570057354,1.1884648012267918,0.6401526941251598,0.3155451896399875,0.14629049111807732,-0.9414201337887502,-24.21,14.18,27.28,33.25,186.01,UNDERVALUED
