ticker,category,as_of_date,growth_rate,wacc,beta,revenue_growth,fcf_yield,dcf_over_price,mc_mean_over_price,mc_std_over_price,mc_prob_undervalued,net_cash_per_share_over_price,relative_vs_history_pct,momentum_6m,momentum_12m,annualized_volatility,realized_return_pct,realized_label
ABBV,Health Care (S&P 500),2025-02-27,-0.06435387742446685,0.07,0.08555026589122217,-0.06435387742446688,0.030175222659099186,0.39425149104819135,0.266176773432826,0.08869295822884499,0.0,-0.13500241801176321,129.89,6.48,18.72,24.78,34.04,UNDERVALUED
AOS,Industrials (S&P 500),2025-02-27,0.026345933562428314,0.07083562705303086,0.638356302337386,0.026345933562428408,0.07600556904486852,2.369421297200734,1.8136948867008895,0.3758074460888433,0.9990262901655307,0.019602908875780124,-56.73,-18.58,-18.49,23.81,-2.25,FAIRLY VALUED
ACN,Information Technology (S&P 500),2025-02-27,0.02645576315757503,0.07,0.6006557412953776,0.012239863382286663,0.040262034527691795,1.2841356848065952,0.9556188060997898,0.1991126159308779,0.43529411764705883,0.004083207222224049,18.56,5.72,-3.99,25.22,-47.62,OVERVALUED
A,Health Care (S&P 500),2025-02-27,-0.024991013700650044,0.07399469641357119,0.7997589586946278,-0.047270598565783695,0.03510253810659305,0.690130007830173,0.553335502262345,0.12764771254212068,0.0,-0.05756629895322955,1.65,-9.63,-3.46,26.06,24.51,UNDERVALUED
ABT,Health Care (S&P 500),2025-02-27,-0.08118571461297042,0.07,0.1095085637811463,-0.08118571461297047,0.028640160281000016,0.4989560230755047,0.3753232877190727,0.09047328253166477,0.0,-0.038264677752168075,51.45,21.33,16.11,19.11,-13.27,OVERVALUED
ADBE,Information Technology (S&P 500),2025-02-27,0.10240826990798602,0.09267385704020405,1.1528486981724442,0.10240826990798592,0.02011639069081248,0.5896075970178213,0.6098315787098657,0.19987144013872893,0.043501611170784105,0.015387983462348655,9.87,-23.01,-20.87,35.46,-37.73,OVERVALUED
AKAM,Information Technology (S&P 500),2025-02-27,0.0539907881705024,0.07,1.0116535345240154,0.053990788170502346,0.06004208981530823,1.8850700654632495,1.2992283420728052,0.3509988325739176,0.7832167832167832,-0.34360876389629946,1.67,-23.14,-27.74,36.81,41.38,UNDERVALUED
ABNB,Consumer Discretionary (S&P 500),2025-02-27,0.18073580188117644,0.09755174508127659,1.2728824269697523,0.18073580188117633,0.02086658902451152,0.8985461464530173,0.9839102016212524,0.39668247248439825,0.39612768184196756,0.051366149595882135,117.84,19.45,-8.29,35.75,32.66,UNDERVALUED
LNT,Utilities (S&P 500),2025-02-27,-0.04233055885850179,0.07,0.040301905926608934,-0.04233055885850178,0.07239729794949881,1.0554851427693464,0.6511786972019326,0.25385696554306225,0.08854166666666667,-0.605365950893452,16.52,12.74,38.28,17.54,13.99,UNDERVALUED
APD,Materials (S&P 500),2025-02-27,-0.023829833172448578,0.07,0.2687942964904493,-0.039634920634920634,0.01619853657065549,0.2120017780980248,0.11548704868410568,0.05904236621909784,0.0,-0.1799537855175817,-13.03,13.78,38.41,23.93,-0.07,FAIRLY VALUED
ALLE,Industrials (S&P 500),2025-02-27,0.11580427274672211,0.07,0.6255522522379939,0.11580427274672209,0.0807128870495134,4.3490772335062315,3.163518217302901,1.0477339716098253,0.9989440337909187,-0.14096100831831182,-1.41,-6.52,-0.03,20.35,28.95,UNDERVALUED
GOOGL,Communication Services (S&P 500),2025-02-27,0.0868277022726951,0.09683360796245444,1.2384681268838784,0.08682770227269514,0.028033253292837967,0.6735045179276303,0.704607318314913,0.21633420898973377,0.10684210526315789,-0.0014713199060566694,60.69,2.57,21.77,28.67,103.23,UNDERVALUED
MO,Consumer Staples (S&P 500),2025-02-27,-0.00899071925754058,0.07,-0.045288197582028206,-0.008990719257540603,0.151058692459949,3.7214102940531757,2.7036780634470508,0.5990826242903133,1.0,-0.2567167217907534,-7.8,8.01,46.24,18.01,34.41,UNDERVALUED
GOOG,Communication Services (S&P 500),2025-02-27,0.0868277022726951,0.09688774240137484,1.2394451004064249,0.08682770227269514,0.027751112626434923,0.6660648700488153,0.6926495702336898,0.2191646695510543,0.10236220472440945,-0.0014565118074585325,61.4,2.55,21.93,28.26,99.73,UNDERVALUED
AMCR,Materials (S&P 500),2025-02-27,-0.07172995780590719,0.07,0.4015610049042943,-0.07172995780590717,0.09068544241464839,1.1881598278652774,0.795808981975614,0.2886168766789809,0.2436028659160696,-0.4740723343717131,23.07,-6.54,18.0,22.42,-0.71,FAIRLY VALUED
AMT,Real Estate (S&P 500),2025-02-27,0.03802849026478938,0.07,-0.06211152382869477,0.03802849026478943,0.03117081765031156,0.5727058771907333,0.2903191358221185,0.1703482846408048,0.0,-0.49439713195039575,11.38,-8.35,12.96,26.51,-9.08,OVERVALUED
AME,Industrials (S&P 500),2025-02-27,0.07258236282076513,0.07,0.6390574869522707,0.07258236282076504,0.05559580143608071,2.2355445290221483,1.6292838169531068,0.40683612615847914,0.9477993858751279,-0.06920401998851294,22.73,11.87,6.04,21.76,28.88,UNDERVALUED
AMGN,Health Care (S&P 500),2025-02-27,0.07092656612088288,0.07,0.5741582121384254,0.07092656612088288,0.042828431840123506,1.418929373934622,0.9684795817120138,0.3059116330012293,0.44172380019588636,-0.34061365364608703,10.68,-4.95,13.16,25.93,47.38,UNDERVALUED
APA,Energy (S&P 500),2025-02-27,-0.2524604966139955,0.07,0.6055987574329177,-0.2524604966139955,0.41435954143918147,1.6289792172413313,4.016214871610955,0.8939937475777058,1.0,-0.8972744505068886,-6.63,-26.68,-29.89,36.55,131.77,UNDERVALUED
AON,Financials (S&P 500),2025-02-27,0.07188075967625607,0.07,0.24944260011007247,0.07188075967625611,0.041874782021731935,1.5877754724362103,1.150588005688955,0.2965526544658636,0.6703967446592065,-0.14154768073936058,24.24,19.17,29.14,19.24,-12.09,OVERVALUED
APH,Information Technology (S&P 500),2025-02-27,-0.005410758139903327,0.11162891380319775,1.6562174530311393,-0.005410758139903351,0.028445101428104805,0.2918414581121733,0.30675575739180383,0.0827223187466602,0.0,-0.03691447109321074,69.75,-1.12,22.31,31.34,136.52,UNDERVALUED
ADI,Information Technology (S&P 500),2025-02-27,-0.11417607544375374,0.11224727036070929,1.6842704724238675,-0.23390946142220995,0.012811083593305319,0.03917626654091499,0.053785035009183205,0.024118514034135938,0.0,-0.052077500843303634,133.97,-2.66,20.4,33.84,69.11,UNDERVALUED
AMAT,Information Technology (S&P 500),2025-02-27,0.02661876696734322,0.1373983400743853,2.245922372321012,0.02485198174755817,0.036868745151357414,0.37783443328819166,0.3883992822878286,0.06681676161091256,0.0,0.01117580531841383,31.7,-19.61,-22.13,42.65,220.36,UNDERVALUED
AAPL,Information Technology (S&P 500),2025-02-27,-0.004184211808589633,0.08158189019134449,0.9094224311730763,0.020219940775141214,0.027152173638955654,0.5127684366601746,0.474764256760147,0.11273942589832196,0.0,-0.02150908503628039,39.01,4.29,30.55,23.99,31.99,UNDERVALUED
APTV,Consumer Discretionary (S&P 500),2025-02-27,0.14649208073646292,0.07312234040895545,1.0036141216857768,0.14649208073646292,0.04631620038008389,2.5138594341147917,1.9658178669956141,0.7633190609392425,0.9233480176211454,-0.28239165438453384,-39.64,-7.78,-17.14,36.91,-28.0,OVERVALUED
ADM,Consumer Staples (S&P 500),2025-02-27,-0.07504234117137343,0.07,0.19751967795201697,-0.07504234117137343,0.15665401074080287,2.673309103137761,1.9527699868210155,0.5006983132496299,0.9841112214498511,-0.36102681285912325,-36.52,-21.47,-8.4,23.46,83.9,UNDERVALUED
ARES,Financials (S&P 500),2025-02-27,0.18866036774372819,0.08009492187332318,1.314426616276645,0.18866036774372816,0.06225028807796623,3.453238452034221,3.2132377329605246,1.5034939171177666,0.9721115537848606,-0.47104810683517545,6.04,15.67,31.28,27.85,-11.72,OVERVALUED
AJG,Financials (S&P 500),2025-02-27,0.17792903421982076,0.07,0.24151745146756828,0.17792903421982084,0.014957264325976617,0.891548942632904,0.6334010027282782,0.23555690313622482,0.06951340615690169,-0.1032911479886691,50.42,15.32,38.01,17.96,-20.89,OVERVALUED
T,Communication Services (S&P 500),2025-02-27,0.013972055888223478,0.07,-0.15080400206943398,0.013972055888223553,0.06791017631205544,1.2468270984088,0.7127205274860521,0.3102804855299653,0.20752797558494404,-0.8234416798935082,-49.58,40.41,69.13,19.72,-0.07,FAIRLY VALUED
ADP,Industrials (S&P 500),2025-02-27,0.06608853998956254,0.07,0.431877168640199,0.06608853998956263,0.02104554799957296,0.8571051557647708,0.6312119734612325,0.14567001395489543,0.003964321110009911,-0.003322704684671564,28.58,14.49,26.59,15.45,-6.86,OVERVALUED
AZO,Consumer Discretionary (S&P 500),2025-02-27,0.06663326303526085,0.07,0.3665435562534595,0.05917664158113705,0.0412392974613598,1.4480671557178135,1.0169837633778842,0.283043664126651,0.5117227319062182,-0.2069948350191962,18.32,8.26,16.57,19.27,-14.01,OVERVALUED
AVB,Real Estate (S&P 500),2025-02-27,0.0672707278269915,0.07,0.4328101227251364,0.06727072782699157,0.06663155235292698,2.379474965341013,1.6922506682046148,0.4393291422225707,0.950354609929078,-0.25828231950940295,51.89,2.28,32.2,18.33,-12.74,OVERVALUED
ADSK,Information Technology (S&P 500),2025-02-27,0.09830169830169821,0.09835751352373438,1.321763336705313,0.0983016983016983,0.018143659670850763,0.4420004047353611,0.4677630198045412,0.15345498407513386,0.006201550387596899,-0.012152520425608103,19.86,9.87,9.89,27.34,-11.1,OVERVALUED
AVY,Materials (S&P 500),2025-02-27,-0.07467392386578608,0.07,0.6069769856504845,-0.07467392386578607,0.02640166323010777,0.26605784242918806,0.14791936166782482,0.07785509432446629,0.0,-0.2095833225860048,32.41,-13.97,-11.97,18.67,1.74,FAIRLY VALUED
BKR,Energy (S&P 500),2025-02-27,0.20561542824730572,0.07238800646982607,0.8219814016527542,0.20561542824730572,0.04625619693329498,3.1375439511051733,2.4701340578008226,0.8434226229906389,0.9902395740905058,-0.07972785585027181,-56.43,24.4,50.07,28.01,48.01,UNDERVALUED
BAX,Health Care (S&P 500),2025-02-27,0.030128268867455565,0.07,0.33163270523059624,0.030128268867455503,0.03311008427134415,0.446563161419462,0.16195700327810322,0.16307362661674227,0.0,-0.6311615898606774,-29.56,-6.22,-13.71,28.2,-23.32,OVERVALUED
BDX,Health Care (S&P 500),2025-02-27,0.034077547961819166,0.07,0.22442746901849245,0.041606442287838115,0.05937582695410785,1.6255513510290307,1.10532278796732,0.29850335130605193,0.6233635448136958,-0.37380294287284477,-6.09,-4.97,-5.5,19.22,10.23,UNDERVALUED
BBY,Consumer Discretionary (S&P 500),2025-02-27,-0.061471337854766994,0.07,0.6230756786808842,-0.061471337854766946,0.0649040585901973,1.0165252964616798,0.7464420668434805,0.19007983056465594,0.0971540726202159,-0.14396469215492771,14.71,1.74,16.95,32.39,4.87,FAIRLY VALUED
TECH,Health Care (S&P 500),2025-02-27,0.023891978308354656,0.08638820618561772,1.0354438169458904,0.019669183303979407,0.023876152488564676,0.4681401158731695,0.4551645069023467,0.11937919311337263,0.0,-0.02785081921661845,3.69,-13.6,-16.0,36.88,18.95,UNDERVALUED
BLK,Financials (S&P 500),2025-02-27,-0.0007833044256699839,0.0785387399284899,0.892887963817101,-0.0007833044256700051,0.03445864104226945,0.7558111675111959,0.6755696514557965,0.15080770050550174,0.008577555396711936,-0.007104495582621816,21.94,7.79,20.85,19.94,24.49,UNDERVALUED
BIIB,Health Care (S&P 500),2025-02-27,-0.03320423850433485,0.07,0.49687202026987287,-0.033204238504334835,0.21989554480985063,4.975388406968924,3.6518514183639335,0.7920491125072748,1.0,-0.3102481699532933,40.98,-31.2,-37.54,25.5,53.24,UNDERVALUED
BSX,Health Care (S&P 500),2025-02-27,0.12285128528623246,0.07,0.5741841751593494,0.12285128528623246,0.012209946048943864,0.5713140658497782,0.4096582979130979,0.12230461063286033,0.0,-0.05839169611581568,55.55,26.27,51.74,17.38,-51.02,OVERVALUED
BMY,Health Care (S&P 500),2025-02-27,-0.024978877358694973,0.07,0.03405920961093494,-0.024978877358694945,0.12316374424238916,2.533166979609192,1.8589974800171079,0.43494353316476225,0.9865563598759048,-0.27096343864290423,-11.63,24.93,22.23,29.43,19.51,UNDERVALUED
BRO,Financials (S&P 500),2025-02-27,0.1785012629806344,0.07,0.3900647257868179,0.1785012629806343,0.03712850706010943,2.592336565885265,1.9059267266336286,0.7039681003734121,0.9294478527607362,-0.10139847960537078,44.84,13.43,39.3,17.47,-37.35,OVERVALUED
BKNG,Consumer Discretionary (S&P 500),2025-02-27,0.2501462843768285,0.08222542190092377,0.9779058148712523,0.25014628437682856,0.05176693001913171,3.7089233558694046,3.2998400857387544,1.2232672831930957,0.9954721862871928,-0.016012250939982178,54.8,27.21,42.66,24.64,7.99,UNDERVALUED
AVGO,Information Technology (S&P 500),2025-02-27,0.2463119100387665,0.15563610713808484,2.7269948959487285,0.4398503587481504,0.013592465125743082,0.2134103072852174,0.21408505584753065,0.07708581949412788,0.0,-0.06361102929407944,278.75,23.29,54.65,57.67,86.39,UNDERVALUED
BF-B,Consumer Staples (S&P 500),2025-02-27,-0.011825922421948909,0.07,0.0730110263816922,-0.011825922421948912,0.08369349090610473,1.898799266120805,1.3662203217768298,0.31479580760182263,0.8687068114511353,-0.17815793316023884,-56.16,-25.95,-41.53,27.87,-9.87,OVERVALUED
BG,Consumer Staples (S&P 500),2025-02-27,-0.11440980485483099,0.07,0.07069245188987333,-0.11440980485483103,0.08282578072604047,0.8791623684991257,0.7050980123289778,0.20562767016538422,0.057911065149948295,-0.2997526600517718,-45.49,-25.71,-18.87,25.02,66.08,UNDERVALUED
CAH,Health Care (S&P 500),2025-02-27,0.1184519571491125,0.07,0.15637744723615907,0.10658652837607754,0.09117745817184754,4.837329094994538,3.6499090038204742,1.0312181709411723,1.0,0.0013409123059153578,-88.41,16.83,18.47,21.21,82.31,UNDERVALUED
CDNS,Information Technology (S&P 500),2025-02-27,0.1483183115563893,0.1254482792225449,1.8804908825555153,0.14831831155638936,0.0158054626041152,0.3499488296213551,0.37287666268355824,0.12297285068327946,0.0025,0.003609048998236165,26.31,-7.57,-17.15,36.92,26.16,UNDERVALUED
CPT,Real Estate (S&P 500),2025-02-27,0.08383095906817473,0.07,0.3832023560979268,0.08383095906817473,0.03191306644636231,1.0898748058928682,0.7290017380476934,0.24274922070584842,0.144,-0.27820662247217587,36.12,1.16,37.2,20.5,-7.21,OVERVALUED
CAT,Industrials (S&P 500),2025-02-27,0.1284433001834182,0.07898527623465836,1.1645965898711557,0.12844330018341832,0.058947199283016546,2.5068595004424026,2.232373298038587,0.7953621617218052,0.9808102345415778,-0.18518965874527826,-2.1,-2.46,5.34,26.58,144.04,UNDERVALUED
CBOE,Financials (S&P 500),2025-02-27,-0.046734874321081255,0.07,-0.5586036203495185,-0.04673487432108122,0.012504975637093513,0.21602937590167018,0.15034568129146844,0.03958717052977662,0.0,-0.049145276806141294,-26.11,-1.0,8.02,21.38,42.87,UNDERVALUED
CDW,Information Technology (S&P 500),2025-02-27,-0.0999086265774548,0.07318544080898753,0.9256373964672794,-0.09990862657745476,0.06609427347910901,0.6118158280309907,0.5146806314089235,0.16013894230342676,0.007425742574257425,-0.22243399154191848,2.6,-20.6,-25.82,27.97,-23.69,OVERVALUED
CF,Materials (S&P 500),2025-02-27,-0.4072054353656356,0.07,0.35793947281512295,-0.40720543536563564,0.15541839906628369,0.19428177040839234,1.5504540824571287,0.2910429412631717,0.9858585858585859,-0.08275001641498617,86.46,-1.32,2.27,31.06,63.12,UNDERVALUED
COR,Health Care (S&P 500),2025-02-27,0.10999159633925548,0.07,0.12339583884095061,0.12123726764954056,0.06425801287065241,3.2321334503679613,2.397360289347209,0.6469166927689076,0.9980295566502463,-0.026158272881153667,53.08,7.12,6.23,17.82,27.82,UNDERVALUED
CNC,Health Care (S&P 500),2025-02-27,0.06539049582488743,0.07,0.23602890950256866,0.0653904958248874,0.03940388296159365,1.4916326260463546,1.0816907123934,0.24215394026148554,0.6182741116751269,-0.054145083932221914,-56.48,-25.4,-27.63,32.27,10.23,UNDERVALUED
CRL,Health Care (S&P 500),2025-02-27,0.03856807995855194,0.07792830686535347,1.2129342467988404,0.03856807995855193,0.044118366348770845,0.871862783601716,0.7241330892243636,0.24364917227658967,0.15201729106628242,-0.329561563018499,-23.0,-18.9,-34.82,36.46,76.76,UNDERVALUED
CVX,Energy (S&P 500),2025-02-27,-0.16462113466572204,0.07,0.3420827518321456,-0.16462113466572204,0.12258118632804664,1.4248933363769958,1.5427209764010577,0.302964150053897,0.9652777777777778,-0.04642060051985945,31.23,8.9,7.42,19.22,39.72,UNDERVALUED
CHTR,Communication Services (S&P 500),2025-02-27,0.010828921550479542,0.07,0.73723995046734,0.010828921550479435,0.1664106806035299,2.9147044652785774,1.69297303693696,0.739292790426798,0.8053892215568862,-1.8697684662415044,1.5,-0.48,23.81,36.76,-58.85,OVERVALUED
CHD,Consumer Staples (S&P 500),2025-02-27,0.09158047473770359,0.07,-0.07601462835775007,0.0915804747377037,0.031052989818584124,1.347691595521494,0.9692640649909051,0.25672155517969214,0.4422507403751234,-0.07902372209824346,-21.57,8.71,10.69,17.46,-9.21,OVERVALUED
CTAS,Industrials (S&P 500),2025-02-27,0.08857378182209619,0.07224265010335074,0.6904869496253031,0.0885737818220963,0.023382644985865026,0.9929878611833155,0.7719083844353549,0.21726597213982068,0.1619217081850534,-0.028634628516096914,49.38,2.11,30.5,22.53,1.47,FAIRLY VALUED
CI,Health Care (S&P 500),2025-02-27,0.08215741262133225,0.07,0.045279218283349285,0.08215741262133217,0.06782742805867585,2.615304636980958,1.8674986967513347,0.4968815606109346,0.9766734279918864,-0.26917475121260986,26.56,-13.71,-9.64,25.29,-6.5,OVERVALUED
CSCO,Information Technology (S&P 500),2025-02-27,0.021549526281104958,0.07,0.697337575028242,-0.05605459840696165,0.08265858965714089,2.491001536865494,1.81918541448687,0.3916657383942117,0.9937238493723849,-0.09486522382531253,62.49,27.66,36.25,18.35,77.53,UNDERVALUED
CLX,Consumer Staples (S&P 500),2025-02-27,-0.040059547976722176,0.07,-0.02645867985127422,-0.040059547976722155,0.011768674546797215,0.09236203852476094,0.03316643037706727,0.03642328127825688,0.0,-0.1502251878860202,-20.37,0.18,4.97,21.3,-26.75,OVERVALUED
CME,Financials (S&P 500),2025-02-27,0.11146750607642342,0.07,-0.1321084259292176,0.11146750607642347,0.0386257546169069,1.882231230861905,1.4114115550531061,0.3594482080423346,0.8779761904761905,-0.0059993040843342015,38.2,21.77,19.16,16.28,13.71,UNDERVALUED
KO,Consumer Staples (S&P 500),2025-02-27,0.06394753976374301,0.07,-0.02864330330850475,0.06394753976374291,0.03787333390296061,1.415993528136304,1.0264659135442402,0.26679807451139387,0.5179282868525896,-0.11173305757041402,3.74,0.56,21.04,14.5,33.22,UNDERVALUED
CTSH,Information Technology (S&P 500),2025-02-27,-0.0038604076590488257,0.07356246708281909,0.731707393751222,-0.0038604076590487957,0.05243838985258374,1.3061254973353056,1.065957086256785,0.2149698778040156,0.5850340136054422,0.03219296466786831,57.5,9.67,7.79,20.44,-25.22,OVERVALUED
CL,Consumer Staples (S&P 500),2025-02-27,0.08292981577336223,0.07,-0.03348061882191777,0.08292981577336228,0.042984123504277154,1.7714778161902203,1.28115308128616,0.3432585862235501,0.7703398558187435,-0.11333266875344941,-7.53,-13.93,6.66,16.86,3.12,FAIRLY VALUED
CMCSA,Communication Services (S&P 500),2025-02-27,0.0011941331005460576,0.07,0.480895635833723,0.001194133100546007,0.1817432109934406,4.335464733229206,3.025794089720776,0.7552572095314731,1.0,-0.7352059923805295,-1.0,-10.65,-13.61,25.7,-14.96,OVERVALUED
FIX,Industrials (S&P 500),2025-02-27,0.2575609294255288,0.14473361810541652,2.3417626949593395,0.2575609294255288,0.018802382984728607,0.5687524696582499,0.570313516270432,0.18097872234778012,0.017,-0.004076684645437507,87.22,6.37,22.91,52.79,371.43,UNDERVALUED
ED,Utilities (S&P 500),2025-02-27,-0.06426292278238677,0.07,-0.1656920995025104,-0.06426292278238672,0.08425705330956916,1.001083927190564,0.5849142096434097,0.27765954146221505,0.07928642220019821,-0.7250978003344076,-9.69,2.1,19.02,17.3,13.88,UNDERVALUED
COP,Energy (S&P 500),2025-02-27,-0.28477335847325913,0.07,0.2538761839260986,-0.2847733584732591,0.11212063244286967,0.4363152329899565,1.1996611837420987,0.24020202235086366,0.7711442786069652,-0.12162923273404128,27.33,-12.08,-10.23,23.0,45.31,UNDERVALUED
STZ,Consumer Staples (S&P 500),2025-02-27,0.053868776844466115,0.07,0.3899533245553481,0.053868776844466074,0.04288250839361742,1.1972880655420701,0.7865042475567677,0.2576794320580151,0.22178606476938176,-0.4075124692017109,-67.62,-27.07,-28.59,27.14,-19.4,OVERVALUED
CEG,Utilities (S&P 500),2025-02-27,0.019558101472995082,0.1097790570977126,1.7179227402313249,0.01955810147299509,0.015267973265346162,0.09413569202431035,0.101818422999815,0.05097653617302946,0.0,-0.1134619344288719,-13.78,27.53,61.45,63.53,10.38,UNDERVALUED
CPAY,Financials (S&P 500),2025-02-27,0.09646266598076703,0.07,0.8016611918734109,0.096462665980767,0.038046272814743085,1.6753627340060773,1.195990398601648,0.3724801906999575,0.6692759295499021,-0.2040402524522641,41.74,20.06,30.85,24.54,13.04,UNDERVALUED
COST,Consumer Staples (S&P 500),2025-02-27,0.058851038876004624,0.07525261273411214,0.753172790199665,0.05020017334599034,0.013615630846406122,0.45571216346469706,0.38044468926218455,0.09119543641980993,0.0,0.0038693516805269226,69.27,12.69,37.95,19.8,-7.85,OVERVALUED
CTVA,Materials (S&P 500),2025-02-27,-0.013119450014322576,0.07,0.5862587673109663,-0.013119450014322544,0.029339594620821557,0.7844773572610412,0.5856954801044071,0.11770056055550977,0.0,0.003570790135403282,13.89,13.71,15.27,23.43,28.37,UNDERVALUED
CSX,Industrials (S&P 500),2025-02-27,-0.013195987342624393,0.07,0.6361961004812516,-0.013195987342624386,0.07785704566585634,1.6266789937229218,1.1451177224349074,0.28852645168077146,0.6642561983471075,-0.2882223116834513,3.33,-4.02,-14.52,22.3,62.81,UNDERVALUED
CRH,Materials (S&P 500),2025-02-27,0.06802554777984904,0.08698324730957739,1.2615321053111603,0.06802554777984904,0.04656332901844267,1.0978008334020333,1.0795450264438005,0.31854370892409145,0.5409064155385521,-0.09692618150153946,108.7,15.59,31.6,27.61,-6.53,OVERVALUED
CMI,Industrials (S&P 500),2025-02-27,0.21340029920923276,0.07286803264560818,0.8296589352955454,0.21340029920923273,0.03226357727158413,2.188033584865741,1.6831401690556795,0.5946046907535828,0.8979033728350045,-0.099512152715206,84.14,20.02,38.56,24.93,66.46,UNDERVALUED
DHR,Health Care (S&P 500),2025-02-27,-0.10332920466914386,0.07,0.5859382180717009,-0.10332920466914386,0.038368384302634145,0.5496278214008472,0.43186195804707234,0.10768802530498016,0.0,-0.09085716132434103,20.4,-23.31,-18.94,23.83,6.06,UNDERVALUED
CVS,Health Care (S&P 500),2025-02-27,0.10949647560835674,0.07,0.4103640869638303,0.10949647560835682,0.24411032797432283,10.919671116891996,7.931558887729295,2.2518239991881863,1.0,-0.903248773693895,-37.69,14.91,-11.61,40.5,53.04,UNDERVALUED
DVA,Health Care (S&P 500),2025-02-27,0.04567251001602601,0.07,0.3939157289816901,0.045672510016025986,0.11253684563662307,3.2208123561062894,2.1894393443252564,0.6611547322214746,0.971830985915493,-0.8237171850081162,14.87,-5.24,15.0,30.46,19.42,UNDERVALUED
DRI,Consumer Discretionary (S&P 500),2025-02-27,0.08602376094128417,0.07,0.5612631182823489,0.08602376094128415,0.06251975239826203,2.658629559752092,1.9144747416262655,0.563442078651006,0.9692765113974232,-0.23634471827518275,13.46,26.43,19.06,28.18,17.0,UNDERVALUED
DE,Industrials (S&P 500),2025-02-27,-0.00747695991378361,0.07,0.6064076445664044,-0.16149913690081,0.031821203539388124,0.35862653116518106,0.1573554784219557,0.1218238408899962,0.0,-0.4537843332026155,14.79,28.75,35.25,24.73,31.71,UNDERVALUED
DAL,Industrials (S&P 500),2025-02-27,0.1476019137242497,0.07,1.0410584687095856,0.14760191372424974,0.12018186499238341,7.455675842548058,5.516306263899731,2.1329831144041536,1.0,-0.6494577893548006,-24.85,47.2,43.87,33.25,38.04,UNDERVALUED
DECK,Consumer Discretionary (S&P 500),2025-02-27,0.18208572469885187,0.10985952286495691,1.53423454026535,0.18208572469885198,0.019559193588745742,0.7028201441034275,0.766150548614315,0.28815808216344313,0.17738693467336683,0.05808133078737957,24.88,-12.79,-4.64,42.72,-35.84,OVERVALUED
DELL,Information Technology (S&P 500),2025-02-27,-0.13563894781087182,0.11340047315599604,2.163003004993473,-0.13563894781087185,0.11158704587084553,0.39919364206568564,0.5834955295091853,0.18377963002717443,0.03460381143430291,-0.25030117298109467,66.12,-2.87,19.54,61.11,312.65,UNDERVALUED
DVN,Energy (S&P 500),2025-02-27,-0.2040273358025979,0.07,0.517227694706081,-0.20402733580259794,0.14611293659754038,0.7365111306237533,1.2907809165041562,0.28441480870319363,0.8297244094488189,-0.2543420982541917,-6.43,-18.22,-16.2,27.54,42.98,UNDERVALUED
FANG,Energy (S&P 500),2025-02-27,-0.12826677817269494,0.07,0.511534510116687,-0.12826677817269497,0.05456451795421657,0.48075392601217176,0.42914472103706697,0.1312956555665136,0.0,-0.23392155331783163,39.49,-19.69,-8.67,27.13,41.86,UNDERVALUED
DG,Consumer Staples (S&P 500),2025-02-27,0.022374133049444467,0.07,0.14848819407264674,0.02237413304944452,0.09695602252050654,1.9322874400436025,1.144607940070894,0.4551713696392147,0.6121635094715853,-1.1148737304430107,-36.95,-39.99,-47.53,44.31,68.23,UNDERVALUED
DLTR,Consumer Staples (S&P 500),2025-02-27,0.08886870194335406,0.07,0.40716806852528326,0.08886870194335399,0.0947199509886816,3.724013933112125,2.6447391787770633,0.7373138020802091,0.9979612640163099,-0.43552627878500516,-39.29,-23.31,-50.87,42.13,75.57,UNDERVALUED
DOW,Materials (S&P 500),2025-02-27,-0.2158096376225792,0.07,0.547881811539386,-0.21580963762257918,0.14069299407426028,0.7241834346739314,1.2689757194746283,0.33264583786999785,0.7625122669283612,-0.5478635560119898,115.11,-26.43,-27.94,21.81,-5.95,OVERVALUED
DPZ,Consumer Discretionary (S&P 500),2025-02-27,-0.012739252192672135,0.07,0.7447065114126319,-0.012739252192672152,0.03953206375070432,0.706539995251241,0.44906365580548213,0.15282018640908288,0.0,-0.31256782258582155,16.55,16.07,9.5,28.99,-28.77,OVERVALUED
DOV,Industrials (S&P 500),2025-02-27,-0.020358803871510234,0.07568641539609074,0.8852869740454938,-0.020358803871510244,0.025284250961274016,0.40625294465621953,0.32240130773707715,0.09788684419221587,0.0,-0.12123418706163529,44.56,8.26,21.11,20.65,3.35,FAIRLY VALUED
EBAY,Consumer Discretionary (S&P 500),2025-02-27,0.03236345074017355,0.07,0.5494156537434202,0.032363450740173556,0.04476157804586005,1.2836395630537547,0.9136573417298771,0.22999016276693793,0.3600802407221665,-0.19431486873430742,31.62,7.87,45.78,27.61,68.34,UNDERVALUED
ECL,Materials (S&P 500),2025-02-27,0.07981505236893671,0.07,0.5719617154863321,0.0798150523689367,0.019975276674563523,0.7571792299611274,0.5433666257091602,0.15561988074988775,0.0019743336623889436,-0.10406984987374397,39.61,7.98,21.48,17.93,7.01,UNDERVALUED
ETN,Industrials (S&P 500),2025-02-27,0.11777178103315333,0.11030118204485552,1.7041546037376727,0.11777178103315343,0.017801836468339542,0.3048751279963426,0.3295391961773934,0.12768594143650827,0.0005065856129685917,-0.08202326769912986,47.44,-1.63,3.67,32.47,46.07,UNDERVALUED
EW,Health Care (S&P 500),2025-02-27,0.12231182795698925,0.0763262017797324,0.771213776904505,0.12231182795698925,0.007593489699123836,0.3476880437805886,0.30075119412803575,0.08874186134463888,0.0,0.0104197391253979,2.55,2.54,-17.47,40.81,25.81,UNDERVALUED
EOG,Energy (S&P 500),2025-02-27,-0.21395632713956325,0.07,0.29923912209120257,-0.21395632713956328,0.07279591019143376,0.4771752489200265,0.7829947611252942,0.1388872646122679,0.04684317718940937,0.016015298595157688,9.98,3.05,17.88,21.89,22.68,UNDERVALUED
EFX,Industrials (S&P 500),2025-02-27,0.02791769161688329,0.07533801910023454,0.9352248376729243,0.02791769161688337,0.025499067240245192,0.5217172481979483,0.41058393420562395,0.12945785327799625,0.0,-0.18596060499989203,30.14,-19.64,-9.03,29.25,-19.7,OVERVALUED
EQIX,Real Estate (S&P 500),2025-02-27,0.12735784111248805,0.07,0.7578588039640244,0.12735784111248796,0.01856982008422399,0.7936478564094369,0.5427505869856103,0.201067342552291,0.02594810379241517,-0.18447774137640782,12.45,12.41,6.43,24.81,22.86,UNDERVALUED
EQR,Real Estate (S&P 500),2025-02-27,0.050740353468510246,0.07,0.4508472053302334,0.0507403534685103,0.07772022235396411,2.5476977784111297,1.8442011887841783,0.44528136421580966,0.9772502472799208,-0.29185869849781504,22.18,2.17,28.78,19.37,-7.9,OVERVALUED
ESS,Real Estate (S&P 500),2025-02-27,0.0389472583634447,0.07,0.5748473835969903,0.03894725836344468,0.033023509834604205,0.8200775711719244,0.520012027780149,0.178499395683174,0.0,-0.3188415879427162,35.86,4.59,38.39,20.84,0.18,FAIRLY VALUED
EXE,Energy (S&P 500),2025-02-27,-0.3205453115441754,0.072281786991432,0.7707595182303664,-0.3205453115441755,0.09785067861839203,0.28460324728570824,1.056225715135705,0.20617668286090973,0.5981900452488688,-0.08480641783073592,8.24,34.76,22.8,23.51,3.16,FAIRLY VALUED
XOM,Energy (S&P 500),2025-02-27,-0.16047657866683385,0.07,0.1887627943402435,-0.16047657866683387,0.08914628008262607,0.9365400312634218,1.0443950733154215,0.20045907654822737,0.553877139979859,-0.024043737995294814,44.09,-4.79,9.46,19.34,58.1,UNDERVALUED
EXPE,Consumer Discretionary (S&P 500),2025-02-27,0.1004542727350648,0.07232594841970078,0.9225730874326599,0.10045427273506471,0.052683985779340886,2.3803226770317063,1.8508135814842286,0.5252208847522282,0.9765421372719374,-0.08938874464290092,37.16,37.46,42.07,37.15,69.56,UNDERVALUED
FDS,Financials (S&P 500),2025-02-27,0.09306258363844977,0.07,0.5465546835365678,0.0563642047884736,0.04810072690488578,2.2584643405303124,1.6914422868898384,0.4795599915180917,0.9459193706981318,-0.06818588446344456,-18.87,10.96,-0.56,20.88,-32.57,OVERVALUED
EXPD,Industrials (S&P 500),2025-02-27,-0.45521906846608606,0.07,0.40461707646035383,-0.45521906846608606,0.08783420443516678,0.17773909145554465,0.9930099129048343,0.1743100902863547,0.48673469387755103,0.05952015686649133,109.51,-3.71,-0.22,18.92,62.02,UNDERVALUED
EXR,Real Estate (S&P 500),2025-02-27,0.3305705836802362,0.07,0.5552556608489163,0.3305705836802362,0.050371406741768134,6.162524022806579,3.3090659444533244,1.0166719544996812,0.9949238578680203,-0.3681410734593043,35.69,-12.24,13.98,25.02,2.69,FAIRLY VALUED
FAST,Industrials (S&P 500),2025-02-27,0.052445348537375036,0.07233947532652989,0.6796535324778663,0.05244534853737501,0.02745521378974524,0.9473466058557946,0.7410214551763309,0.17376213835192109,0.07618213660245184,-0.007639854522827428,56.4,10.67,3.58,22.28,41.14,UNDERVALUED
FICO,Information Technology (S&P 500),2025-02-27,0.11671439959647079,0.08861083476929188,1.0881769062750108,0.1347613601602054,0.0123707220975321,0.347746210850938,0.3489915874114873,0.12434746822893887,0.0,-0.04644798105391544,117.01,7.07,43.9,31.17,-37.38,OVERVALUED
FDX,Industrials (S&P 500),2025-02-27,-0.02730852420830787,0.07,0.540000278244323,-0.027308524208307913,0.07605727290586599,1.1712230915495727,0.716079297274513,0.27748579791909356,0.1703011422637591,-0.6327938493204294,4.26,-11.46,9.3,31.41,61.46,UNDERVALUED
FIS,Financials (S&P 500),2025-02-27,0.011419753086419737,0.07,0.45043167035902193,0.011419753086419753,0.07923608739719448,1.8966225269856265,1.2715338625857626,0.35515870918848724,0.7442326980942828,-0.48843278173437166,0.74,-14.33,5.31,22.73,-38.86,OVERVALUED
F,Consumer Discretionary (S&P 500),2025-02-27,0.1147307616872395,0.07,1.0200603160713255,0.11473076168723942,0.13672794227198729,3.1072295298581527,1.3655804918802343,1.29404260707053,0.5889447236180905,-3.6803290455251787,-51.51,-12.71,-16.71,35.68,62.06,UNDERVALUED
FE,Utilities (S&P 500),2025-02-27,0.03298820130026492,0.07,0.09166304157772424,0.03298820130026487,0.06801314337286463,1.0895072159755432,0.49542990147253646,0.3528251044449146,0.08551307847082495,-1.188447193968119,7.49,-8.86,9.01,18.41,29.99,UNDERVALUED
FISV,Financials (S&P 500),2025-02-27,0.07645035800868238,0.07,0.6309478120900335,0.07645035800868241,0.027404763229682657,0.9737816505343608,0.685857839138538,0.19423250434484324,0.05742574257425743,-0.16016455996907775,47.69,36.09,53.72,19.54,-77.81,OVERVALUED
FTNT,Information Technology (S&P 500),2025-02-27,0.200887399827953,0.07430578244394313,0.7221982702975933,0.2008873998279531,0.01294477817511202,0.9183905594854637,0.7747024221981293,0.29144566184907583,0.20431893687707642,0.004976962699041681,57.28,40.96,53.1,37.91,40.81,UNDERVALUED
FLEX,Information Technology (S&P 500),2025-02-27,-0.07322293172408956,0.10187285504114449,1.6057095179349783,-0.07322293172408954,0.09452292556831016,0.7990921716181628,0.8389074137012863,0.2400887555878237,0.21190354027706515,-0.08280289370853183,110.22,17.29,35.94,38.79,191.93,UNDERVALUED
FOXA,Communication Services (S&P 500),2025-02-27,-0.06256286461476568,0.07,0.30012575407438213,-0.06256286461476564,0.03127520898582902,0.49699359851346553,0.34252163101205635,0.10287018793508067,0.0,-0.14941819741198561,23.59,38.36,93.77,19.98,22.21,UNDERVALUED
FOX,Communication Services (S&P 500),2025-02-27,-0.06256286461476568,0.07,0.29601410569607917,-0.06256286461476564,0.03339200110817006,0.5306314915380624,0.36328999008247875,0.10758912877168146,0.0,-0.15953123177602138,23.24,39.8,98.47,19.31,16.06,UNDERVALUED
BEN,Financials (S&P 500),2025-02-27,0.012173196768670236,0.07,0.7922817876832314,0.08008255408056666,0.08634338615816471,1.7016601308684847,1.0417873052331021,0.3851722775315175,0.537525354969574,-0.9070977142399782,91.47,0.58,-22.54,30.52,85.92,UNDERVALUED
FCX,Materials (S&P 500),2025-02-27,0.0032923617208078237,0.08506999989638624,1.1666113743405073,0.003292361720807726,0.05672108599654593,1.0019135453734838,0.9526773445610445,0.25124367004827486,0.39276960784313725,-0.09664888708545476,14.74,-16.7,-0.68,34.99,93.87,UNDERVALUED
GEN,Information Technology (S&P 500),2025-02-27,0.14561350618028346,0.07,0.7207391786817037,0.14561350618028338,0.05310601261556506,3.0664363037891995,2.1651354034049186,0.8754824558025935,0.9431137724550899,-0.4725641089582559,33.52,4.43,29.75,27.41,6.24,UNDERVALUED
GE,Industrials (S&P 500),2025-02-27,0.21308212361440004,0.09423685258870632,1.2582709752716088,0.21308212361439993,0.04067216987532757,2.087563592247275,2.2455133625246195,0.9923823083613538,0.9450726978998385,-0.024474575712746624,1.7,18.17,64.98,31.69,72.54,UNDERVALUED
GNRC,Industrials (S&P 500),2025-02-27,-0.11875163892246143,0.07927451307942168,1.0283453619222447,-0.11875163892246147,0.03947450606435156,0.2867134173897058,0.30465094203556253,0.10662596266043861,0.0,-0.18705486518135073,73.95,-12.7,22.35,34.39,51.75,UNDERVALUED
GEHC,Health Care (S&P 500),2025-02-27,0.06602693419115635,0.07133621000241995,0.9001858377422021,0.06602693419115642,0.06348027185196471,2.24824926694825,1.6697422609674,0.419231317265192,0.950925925925926,-0.18154466175492281,28.23,5.99,-3.23,27.03,-16.92,OVERVALUED
GD,Industrials (S&P 500),2025-02-27,0.07270281929606415,0.07,0.47320635809810085,0.07270281929606415,0.026063394808241488,0.9441753394108884,0.662882706609575,0.18870525604353097,0.044598612487611496,-0.13700247233164303,3.4,-12.41,-6.21,18.48,57.81,UNDERVALUED
GIS,Consumer Staples (S&P 500),2025-02-27,-0.011794448149217152,0.07,-0.22478827061187662,-0.011794448149217186,0.08913891306858857,1.794787147368048,1.2513528734690533,0.33598406418820137,0.7559523809523809,-0.4177596924914343,-19.11,-14.0,-3.13,19.66,-28.27,OVERVALUED
GPC,Consumer Discretionary (S&P 500),2025-02-27,0.04501440149297786,0.07,0.5007465167175655,0.04501440149297793,0.038977575254751394,1.1622986055417313,0.8079177824945765,0.22107904868183662,0.2,-0.2326991168890343,-27.35,-12.7,-16.13,31.98,14.08,UNDERVALUED
GILD,Health Care (S&P 500),2025-02-27,-0.006048165389831772,0.07,0.16060872142055943,-0.006048165389831751,0.03343800131900163,0.7544761466439736,0.5190548973131869,0.13575617143880572,0.0,-0.14095320063355216,15.37,48.03,59.64,23.59,33.28,UNDERVALUED
GDDY,Information Technology (S&P 500),2025-02-27,0.039791753232468974,0.07925122081492258,0.9544679886750691,0.0397917532324689,0.04966335126376253,1.1744857462824825,1.0435033971262797,0.27298131661199126,0.538249483115093,-0.13991322795793398,78.01,6.2,54.31,27.81,-43.87,OVERVALUED
HAL,Energy (S&P 500),2025-02-27,0.13405922057446906,0.07,0.714784120556388,0.13405922057446915,0.10666290019613006,6.336828074715436,4.591268487321956,1.5190370156186614,1.0,-0.29308932278085714,-45.49,-16.54,-23.76,28.24,42.09,UNDERVALUED
HCA,Health Care (S&P 500),2025-02-27,0.07861139242607873,0.07,0.3523189913832347,0.07861139242607873,0.08810496339962441,3.2885086685699285,2.3197833933012255,0.6906291657851404,0.993006993006993,-0.48549965412960683,25.76,-17.43,3.01,26.44,27.98,UNDERVALUED
HD,Consumer Discretionary (S&P 500),2025-02-27,-0.030075665648049865,0.07,0.7069900312516788,-0.03007566564804991,0.04875072018467656,1.007918902598003,0.7181220892928885,0.16133877950593153,0.027411167512690356,-0.13018069581489025,30.29,5.77,6.46,21.05,-10.91,OVERVALUED
HSY,Consumer Staples (S&P 500),2025-02-27,0.07156895659149276,0.07,-0.03510142134092244,0.07156895659149266,0.03612686504430968,1.388273045109009,1.0006601793185275,0.2739083846908988,0.4853683148335015,-0.14037751416908265,-28.48,-8.32,-5.09,25.77,14.38,UNDERVALUED
HSIC,Health Care (S&P 500),2025-02-27,-0.02435360164465883,0.07,0.46624079160047505,-0.02435360164465881,0.038921043659421735,0.7029452756510443,0.4548153721637887,0.14217783976382586,0.0,-0.2757111609075305,17.73,-0.06,-7.36,26.55,22.66,UNDERVALUED
HLT,Consumer Discretionary (S&P 500),2025-02-27,0.16664766898438388,0.07457899179601941,0.8637848701387187,0.1666476689843839,0.03109157546833453,1.6863191609356714,1.3739306412406718,0.5284427606366018,0.7375713121434393,-0.14228005505718802,78.8,18.81,27.6,19.41,27.55,UNDERVALUED
HON,Industrials (S&P 500),2025-02-27,-0.06927761800033838,0.07,0.5521427717783972,-0.06927761800033835,0.08131996922075659,1.173978052514611,0.8693363875678823,0.2361252910802571,0.2847424684159378,-0.20614139251418995,4.64,3.5,9.4,19.07,7.76,UNDERVALUED
HRL,Consumer Staples (S&P 500),2025-02-27,-0.02182978502757904,0.07,0.04425580093569301,-0.015624512283639733,0.06803525823345832,1.5869064472669752,1.1546248306051003,0.25529958690597504,0.7089249492900609,-0.14586679074535966,-16.95,-10.22,-4.78,26.73,-8.97,OVERVALUED
HST,Real Estate (S&P 500),2025-02-27,0.08233136335846747,0.07,0.9506582440324128,0.0823313633584675,0.0865648310216251,3.326092444706808,2.3728234110575124,0.6430310518020736,0.9961612284069098,-0.35829740254442505,-9.06,-4.88,-16.92,22.71,60.44,UNDERVALUED
HPQ,Information Technology (S&P 500),2025-02-27,-0.07730878165753918,0.0704879969341391,0.8582810520481099,-0.0029599017089243828,0.14654839335984987,2.296031053142525,1.7237530215306471,0.42044347160159945,0.9708249496981891,-0.2645334269554886,12.53,-5.38,18.79,32.15,-4.45,FAIRLY VALUED
HII,Industrials (S&P 500),2025-02-27,0.0728737354814537,0.07,0.6413343678214859,0.07287373548145373,0.10161433375761691,3.884215649872562,2.7748069967372486,0.7203586324705366,0.998995983935743,-0.3349335595066828,-29.1,-36.34,-38.79,41.18,78.31,UNDERVALUED
HUBB,Industrials (S&P 500),2025-02-27,0.08589502617271982,0.10084480232810451,1.5202793662469707,0.08589502617271974,0.04478542722965985,0.898699330529676,0.9540458342261005,0.33000104000973807,0.3604710701484895,-0.10035743098598006,20.36,-4.25,1.74,31.13,29.64,UNDERVALUED
IBM,Information Technology (S&P 500),2025-02-27,0.02197257558235588,0.07,0.7208380709040588,0.021972575582355856,0.035572269459098575,0.8885541954216893,0.6023836641884558,0.16800343701387174,0.005,-0.21031845157050386,-34.35,29.28,41.58,24.84,-4.04,FAIRLY VALUED
HWM,Industrials (S&P 500),2025-02-27,0.17252339749249512,0.10173382438719343,1.4160786927772382,0.17252339749249515,0.02044523831691647,0.6078453983796898,0.6687481021117953,0.285935850754491,0.1152073732718894,-0.05916729437595927,121.7,37.82,102.85,35.29,105.79,UNDERVALUED
IEX,Industrials (S&P 500),2025-02-27,0.028913542223200084,0.07390496018880142,0.8009581173690634,0.028913542223199976,0.03645622279881243,0.9954511602315046,0.7981155435057575,0.17892652038780016,0.1457286432160804,-0.05669152797214782,-16.57,-4.22,-16.85,23.06,23.37,UNDERVALUED
ITW,Industrials (S&P 500),2025-02-27,0.010984182776801354,0.07,0.5220141651357689,0.010984182776801407,0.043266745518987494,1.1482282048258052,0.8367947103745648,0.18699114651697518,0.21421319796954313,-0.09698230298720029,18.15,5.99,2.17,15.84,12.36,UNDERVALUED
IDXX,Health Care (S&P 500),2025-02-27,0.08719950916514119,0.08211019142825964,0.9188741493744939,0.08719950916514123,0.004420289118632707,0.12875896834247205,0.11804086945328819,0.03780551132481959,0.0,-0.016751164734579497,-12.05,-8.61,-23.31,28.09,23.77,UNDERVALUED
INCY,Health Care (S&P 500),2025-02-27,0.08867345090120149,0.07,0.4664872136173344,0.08867345090120146,0.008939455403668986,0.5856481677342688,0.47867838645061905,0.06941495971188359,0.0,0.19344595887807933,-42.37,11.5,19.97,31.06,73.85,UNDERVALUED
ICE,Financials (S&P 500),2025-02-27,0.027708592777085927,0.07,0.4490708689462928,0.027708592777085927,0.1094551050752128,3.3427915214330226,2.4005844234314684,0.5271667809533551,1.0,-0.22900094522092954,13.01,6.98,24.76,16.4,-5.45,OVERVALUED
IR,Industrials (S&P 500),2025-02-27,0.16222977198586963,0.09281358965807858,1.2270949949515761,0.16222977198586955,0.028857085200981646,0.9528771369870747,1.0090634824908575,0.35737769916120277,0.4330966684871655,-0.03496196847832214,13.12,-8.3,-7.99,27.18,-4.36,FAIRLY VALUED
IBKR,Financials (S&P 500),2025-02-27,0.8575858778625953,0.18188089877264246,1.0274677159451997,0.8575858778625954,0.12373488368864827,22.345974031112682,2.9291615391777275,0.4142843150343504,0.999,0.1727685834469028,115.99,60.61,91.2,30.75,77.91,UNDERVALUED
INTU,Information Technology (S&P 500),2025-02-27,0.1312222065773725,0.08946255243392202,1.1065940211308947,0.13342149220489977,0.015891986558269167,0.5174893326668027,0.5232404491813055,0.18059068877793683,0.018089315997738834,-0.01783061818581026,-3.36,-3.81,-9.75,30.79,-38.86,OVERVALUED
IQV,Health Care (S&P 500),2025-02-27,0.039833448993754406,0.07089096903534367,0.9617429254129409,0.039833448993754336,0.051922291708557895,1.37657969032472,0.9451139718088157,0.2852081851053254,0.4260869565217391,-0.36986979224366506,-20.95,-24.98,-25.05,27.07,37.29,UNDERVALUED
JNJ,Health Care (S&P 500),2025-02-27,0.06462057757219641,0.07,-0.13410335307540647,0.06462057757219652,0.02395761786462352,0.9508921864348874,0.6936137981191066,0.16716919738851432,0.03462749213011543,-0.019602067146166535,-0.02,2.1,4.97,16.51,68.81,UNDERVALUED
JKHY,Financials (S&P 500),2025-02-27,0.06786574587836203,0.07,0.23347870587903793,0.06634300780381402,0.020518902313026912,0.8199303692205487,0.5979907156417378,0.14232341866307616,0.0019342359767891683,-0.009113611327957936,-4.18,0.91,-0.64,17.02,-1.86,FAIRLY VALUED
J,Industrials (S&P 500),2025-02-27,0.0842489705340359,0.07,0.7038236453301301,0.059855852966708506,0.07029179680458865,2.999699772284372,2.2167347452884636,0.6029829310404398,0.9939148073022313,-0.10458936971084694,-22.0,1.45,3.73,20.43,19.61,UNDERVALUED
JCI,Industrials (S&P 500),2025-02-27,0.05459810237482743,0.08762595054299911,1.2271497636163473,0.027808875554162376,0.04910183987792194,0.9867982599407518,0.9720445413494989,0.29638558232016365,0.40898617511520735,-0.1613650665437545,20.44,19.04,44.75,26.82,72.31,UNDERVALUED
JBL,Information Technology (S&P 500),2025-02-27,-0.07115895669248096,0.0939910640893984,1.3757982747314885,-0.16768485966226732,0.05656791423275621,0.4972059502714824,0.5086140702849788,0.14324934331914374,0.002129925452609159,-0.06035934081961523,26.55,43.39,8.28,38.22,105.87,UNDERVALUED
KDP,Consumer Staples (S&P 500),2025-02-27,0.05385217329444414,0.07,0.040626223438224036,0.05385217329444405,0.08530518708040802,2.8378466675619043,2.0229319796993943,0.5161852495194039,0.9860696517412936,-0.32642805816590015,-21.93,-6.34,17.02,18.23,-1.29,FAIRLY VALUED
KEYS,Information Technology (S&P 500),2025-02-27,-0.04154567852877644,0.10089647476763211,1.4207624678463702,-0.08876281112737922,0.022975375315839926,0.2602979250670328,0.2705822188697178,0.07015996002373728,0.0,-0.008570010972730345,48.98,2.67,3.57,31.82,100.06,UNDERVALUED
KMB,Consumer Staples (S&P 500),2025-02-27,-0.15013630731102845,0.07,-0.007967204302998703,-0.1501363073110285,0.02487726167798747,0.12671564448773215,0.13820945101120663,0.05592087020702825,0.0,-0.15875843824889035,36.03,-0.64,19.91,17.87,-17.18,OVERVALUED
LHX,Industrials (S&P 500),2025-02-27,0.13814324229281438,0.07,0.18811558876809487,0.13814324229281444,0.07067659728991851,3.5829793112809707,2.589050374975847,0.8198424268274733,0.995995995995996,-0.3317504975333526,2.5,-10.07,-1.25,20.02,35.53,UNDERVALUED
KHC,Consumer Staples (S&P 500),2025-02-27,0.005852369265622048,0.07,0.10286502598570323,0.00585236926562205,0.06701519788903264,1.4143731533677029,0.9121804211047256,0.29770363199017374,0.40388349514563104,-0.54758170652773,-24.51,-12.16,-10.27,20.39,-8.47,OVERVALUED
KR,Consumer Staples (S&P 500),2025-02-27,0.012012842477303165,0.07,0.1940147778660117,0.01201284247730308,0.028918884741851156,0.4679576966730511,0.24497747328781885,0.13113282633455364,0.0,-0.38962611636501854,26.77,22.52,35.06,22.86,-9.01,OVERVALUED
KLAC,Information Technology (S&P 500),2025-02-27,-0.06514913792380683,0.13676541679706988,2.267147175507696,-0.0651491379238068,0.025722520217161288,0.10622151421100977,0.11184408459612966,0.029125245229320827,0.0,-0.05204022111994566,64.28,-13.55,4.11,43.08,168.49,UNDERVALUED
LVS,Consumer Discretionary (S&P 500),2025-02-27,1.5236009732360096,0.07,0.715816909412604,1.5236009732360096,0.10135808944931113,2444.651265698194,11.518685467688398,2.6652588863936635,1.0,-0.27997072325089273,-90.27,10.59,-16.49,31.98,8.6,UNDERVALUED
LH,Health Care (S&P 500),2025-02-27,0.025092928969394634,0.07,0.42542989476312587,0.02509292896939455,0.0697543074026011,1.9829314249863588,1.3864953792937735,0.33889436560453967,0.8585558852621167,-0.2641036923370256,76.08,8.61,16.34,21.33,36.13,UNDERVALUED
LRCX,Information Technology (S&P 500),2025-02-27,-0.1447702145151084,0.13819640790486742,2.2628506448147006,-0.14477021451510846,0.045163774526951604,0.19061285295454772,0.24838613764009634,0.03697240222208008,0.0,0.00880189378344202,34.67,-6.59,-17.33,44.38,312.2,UNDERVALUED
LLY,Health Care (S&P 500),2025-02-27,0.19559657199716907,0.07430331147098272,0.7471158901973765,0.195596571997169,0.008396505399943886,0.6239793750205701,0.5243250824534439,0.2197652348737507,0.036555645816409424,-0.02781521375849671,71.88,-4.85,19.09,30.83,38.93,UNDERVALUED
LMT,Industrials (S&P 500),2025-02-27,0.024051285160038738,0.07,-0.07404574223102431,0.024051285160038797,0.08207176726335644,2.447949806060827,1.7801686240115002,0.3867065518887704,0.9781529294935452,-0.15571159239267965,-21.78,-19.39,6.44,20.08,33.34,UNDERVALUED
LIN,Materials (S&P 500),2025-02-27,-0.015285936938017053,0.07,0.46626386447539686,-0.015285936938017025,0.027417551580830694,0.6247241101474001,0.4408011657001258,0.10274318876043814,0.0,-0.07189658726331712,12.6,-1.97,4.74,14.59,6.66,UNDERVALUED
LYV,Communication Services (S&P 500),2025-02-27,0.3623866047480604,0.07689660829984891,1.036660525645042,0.3623866047480603,0.03251508712569107,4.542815899789036,2.6152598296975262,0.7804808472666033,0.9877955758962624,-0.06708113595380678,25.22,45.94,50.69,26.63,29.13,UNDERVALUED
LOW,Consumer Discretionary (S&P 500),2025-02-27,-0.11005676959375221,0.07,0.6990518433408696,-0.11005676959375225,0.054214077530756535,0.5049246940805773,0.38090119372185394,0.13899643003703754,0.0,-0.28708433175655235,2.8,-0.38,6.21,22.07,-8.69,OVERVALUED
MPC,Energy (S&P 500),2025-02-27,-0.16384056623443954,0.07,0.5547421134433683,-0.16384056623443954,0.3166880432230598,2.3940390548503743,2.9679700570469643,0.6398836273482927,1.0,-0.4353407560241266,49.4,-11.89,-11.69,30.4,148.9,UNDERVALUED
MRSH,Financials (S&P 500),2025-02-27,0.09729729729729719,0.07,0.2449106111290049,0.0972972972972973,0.029554505702045913,1.3598683374386973,0.9941797404950771,0.30054576705088726,0.458502024291498,-0.1076030196700393,15.2,4.43,17.15,13.93,-16.63,OVERVALUED
MAR,Consumer Discretionary (S&P 500),2025-02-27,0.14152987050498234,0.07736817716031641,0.9334549768273714,0.14152987050498242,0.05089072280441303,2.268684435311692,1.9528599553870813,0.7007455861854377,0.947289156626506,-0.15631523520539473,48.91,22.33,12.43,21.51,30.38,UNDERVALUED
MAS,Industrials (S&P 500),2025-02-27,-0.08214285714285718,0.07,0.6830475346898578,-0.08214285714285714,0.051489481219034315,0.7251576177039989,0.5271472909707839,0.15242417969702293,0.003036437246963563,-0.16256296907910553,41.0,-4.76,-0.96,23.82,0.49,FAIRLY VALUED
MCD,Consumer Discretionary (S&P 500),2025-02-27,0.09977568803381942,0.07,0.2563672635142463,0.09977568803381934,0.04539421244674124,1.9551053929574718,1.4052223985412635,0.42121582064567786,0.8263598326359832,-0.2243715062947084,-6.92,8.28,8.07,18.29,-10.04,OVERVALUED
MKC,Consumer Staples (S&P 500),2025-02-27,0.04908274938981183,0.07,-0.016768152471299792,0.049082749389811824,0.03667624473180583,1.118015717733993,0.7769891812546452,0.21690597855216606,0.17023346303501946,-0.21118491895516459,-5.24,4.15,23.08,22.13,-29.34,OVERVALUED
MA,Financials (S&P 500),2025-02-27,0.1286594414714215,0.07,0.5699052453518209,0.1286594414714215,0.02112130243646603,1.1688354665423695,0.8725682463117632,0.24594906700601607,0.28215353938185445,-0.013568954307301597,37.67,19.25,19.65,16.06,2.53,FAIRLY VALUED
MCK,Health Care (S&P 500),2025-02-27,0.11651145057478751,0.07,0.09581786687695432,0.11651145057478741,0.04585935540790723,2.3725431061040827,1.7409685557018375,0.4904304369925879,0.9641025641025641,-0.03488391436095236,97.57,13.01,20.19,26.05,35.93,UNDERVALUED
MDT,Health Care (S&P 500),2025-02-27,0.03641079834758387,0.07,0.2811340934308782,0.036410798347583824,0.04530199227093738,1.3336893536275334,0.9141185343159622,0.22784622174886174,0.3595166163141994,-0.2093565449748857,12.0,3.88,11.93,19.82,6.74,UNDERVALUED
MRK,Health Care (S&P 500),2025-02-27,0.014034377477523119,0.07,0.010300597931672326,0.014034377477523067,0.0192741506464628,0.45823065062644225,0.3074735575815725,0.08712142614043614,0.0,-0.12953165058832788,258.66,-21.1,-27.88,23.45,73.17,UNDERVALUED
MTD,Health Care (S&P 500),2025-02-27,-0.03352289672524156,0.08027400084908316,0.9345810950809909,-0.03352289672524159,0.0358573759627704,0.5441752582527188,0.489163936467139,0.125837774914931,0.0,-0.07454132677415332,-8.88,-11.9,3.3,31.98,11.16,UNDERVALUED
MGM,Consumer Discretionary (S&P 500),2025-02-27,0.23132869700479564,0.07,1.3817052651809838,0.23132869700479566,0.3053800901326101,31.101835608580558,22.258396226304033,9.574190953633302,1.0,-2.5286060354093554,77.55,-8.79,-17.45,37.46,24.52,UNDERVALUED
MAA,Real Estate (S&P 500),2025-02-27,0.0636685799949106,0.07,0.2926520797184221,0.06366857999491056,0.08014009978290874,2.86947183201427,2.064136401819332,0.5036895649125311,0.9909819639278558,-0.24826750642158105,19.61,6.18,39.28,19.66,-15.47,OVERVALUED
MSFT,Information Technology (S&P 500),2025-02-27,0.1566996201307127,0.09287798367196157,1.156507751051674,0.15669962013071279,0.04114038641973067,1.5829765149033201,1.68254728428914,0.6597654454856517,0.8745980707395499,-0.0169235552820574,-6.06,-4.77,-2.93,21.19,24.02,UNDERVALUED
MDLZ,Consumer Staples (S&P 500),2025-02-27,0.143510287020574,0.07,0.05240365507412596,0.14351028702057403,0.06762065845507056,3.8720793185721805,2.7747301528618498,0.9128771464788883,1.0,-0.22054883012341972,-39.93,-8.91,-10.14,19.04,5.19,UNDERVALUED
MCHP,Information Technology (S&P 500),2025-02-27,-0.09531088911799213,0.10649270221002803,1.806414034212753,-0.09531088911799211,0.04544461281327543,0.1315780711157097,0.16536285090877206,0.08520035525404188,0.0,-0.1928956259795632,-11.09,-28.41,-29.42,40.18,37.38,UNDERVALUED
TAP,Consumer Staples (S&P 500),2025-02-27,0.093552004485562,0.07,0.405820189401237,0.0935520044855621,0.11383881650631421,4.678933200808966,3.3863912093368103,0.9452648531420422,1.0,-0.4330931079135223,-61.95,17.6,1.9,26.22,-27.13,OVERVALUED
MCO,Financials (S&P 500),2025-02-27,0.08193123628383314,0.07429135814988606,0.7894415270834723,0.08193123628383321,0.018463101100019502,0.6674299453124171,0.5382083150837025,0.15808515062789968,0.006578947368421052,-0.05949878740528464,48.89,2.16,31.49,19.17,2.46,FAIRLY VALUED
MOS,Materials (S&P 500),2025-02-27,-0.2838715412126409,0.07,0.6995449414125342,-0.2838715412126409,0.1650179259860536,0.5417941655050931,1.6467591154479637,0.3882171966623948,0.9511698880976602,-0.47116370634355736,60.47,-11.79,-17.22,33.67,-2.2,FAIRLY VALUED
MSI,Information Technology (S&P 500),2025-02-27,0.09503950834064967,0.07,0.5920811627514734,0.0950395083406497,0.03604527474035899,1.6181880822642363,1.1796920846173402,0.3174035809005952,0.6978851963746223,-0.06899441453566683,20.94,-0.2,32.0,18.99,12.1,UNDERVALUED
MSCI,Financials (S&P 500),2025-02-27,0.12466523584918243,0.07,0.5886624342300218,0.12466523584918247,0.041296980973566565,2.1710333005145768,1.6030366352524452,0.48664350369342874,0.9096325719960278,-0.09259113367588512,-0.58,-0.04,5.45,25.96,-0.12,FAIRLY VALUED
NDAQ,Financials (S&P 500),2025-02-27,-0.02601991647928048,0.07,0.6256751809838177,-0.026019916479280435,0.024785845023763867,0.3895044886855039,0.23067387668911438,0.09369291945887721,0.0,-0.22847372598775056,52.71,14.44,45.36,18.96,23.05,UNDERVALUED
NWSA,Communication Services (S&P 500),2025-02-27,0.029955067398901747,0.07,0.8276486822245032,0.029955067398901646,0.019806988960660753,0.5755907205791275,0.40857049039644716,0.10035807310321232,0.0,-0.07796350125847101,14.17,0.67,6.98,19.89,6.87,UNDERVALUED
NWS,Communication Services (S&P 500),2025-02-27,0.029955067398901747,0.07077733072424951,0.8403190029031959,0.029955067398901646,0.01740603234362366,0.49136585707350355,0.35687497796217743,0.08647663928014278,0.0,-0.06851294900109946,27.43,10.22,16.52,20.5,6.99,UNDERVALUED
NTAP,Information Technology (S&P 500),2025-02-27,-0.014775227915749811,0.09622813666957772,1.386442504299695,-0.014775227915749764,0.06160739135397517,0.7907862177956438,0.8210099828434712,0.20787195877653122,0.18357740585774057,-0.03158965778132863,63.87,-10.41,38.01,32.92,67.82,UNDERVALUED
NFLX,Communication Services (S&P 500),2025-02-27,0.0666680478435453,0.09469237248750081,1.205207921120829,0.06666804784354534,0.015124671726162643,0.3189045154029525,0.3285048576259336,0.09855152697945484,0.0,-0.01781848397412795,160.4,38.43,60.07,29.28,-16.79,OVERVALUED
NEE,Utilities (S&P 500),2025-02-27,0.34157281924031313,0.07,0.17001636177847745,0.341572819240313,0.024876175443792982,3.499033915906083,1.645229689417138,0.6052364653878837,0.8466135458167331,-0.5180452073608167,-46.83,-11.7,27.34,26.08,28.17,UNDERVALUED
NDSN,Industrials (S&P 500),2025-02-27,0.019052536313419965,0.07,0.7960759522331452,0.0233159301111757,0.027123211491245944,0.6489758996649989,0.44117357781094974,0.12502911118737806,0.0,-0.18776339566019457,4.19,-17.83,-21.1,22.98,63.06,UNDERVALUED
NOC,Industrials (S&P 500),2025-02-27,0.07343860991202678,0.07,-0.04022796642665442,0.07343860991202666,0.020057227557823916,0.6313733343975506,0.41750612632283807,0.1436257857091051,0.0,-0.1866105841962598,61.49,-9.5,1.62,19.1,25.67,UNDERVALUED
NUE,Materials (S&P 500),2025-02-27,-0.16375987666216996,0.07533614571741695,0.9602201393652783,-0.16375987666216998,0.08317151686548864,0.7482573734030974,0.9384581235203547,0.19297118882587358,0.37285491419656785,-0.014212278531911591,45.66,-9.6,-29.16,33.85,82.36,UNDERVALUED
NVR,Consumer Discretionary (S&P 500),2025-02-27,-0.09521452585225665,0.0701985044394996,0.6594997561098324,-0.09521452585225663,0.04010507673770255,0.6652400693587227,0.5555045014559034,0.10207140133073,0.001953125,0.09687455181177644,75.91,-20.87,-4.79,23.31,-12.28,OVERVALUED
NCLH,Consumer Discretionary (S&P 500),2025-02-27,0.7651419558359622,0.08128853464636072,1.6773548552311917,0.7651419558359621,0.03645273257872815,37.10435405860905,2.358833756157178,0.9787129784776125,0.9403884795713329,-1.352938204347314,-24.55,31.19,24.25,46.53,-29.38,OVERVALUED
NRG,Utilities (S&P 500),2025-02-27,-0.0862314935167866,0.08447929499336775,1.4376253720843957,-0.0862314935167866,0.19310061283066327,1.9535089625996618,1.9241877720665266,0.5850036049295925,0.9783549783549783,-0.4858801525609782,272.41,26.84,98.39,42.5,11.85,UNDERVALUED
ORLY,Consumer Discretionary (S&P 500),2025-02-27,0.09732155621220473,0.07,0.38292858342439595,0.0973215562122047,0.026660480937862545,1.1687128017668809,0.8521864376538075,0.2568901643940353,0.26995073891625615,-0.09457937812456474,35.03,20.02,25.12,18.81,-1.28,FAIRLY VALUED
ODFL,Industrials (S&P 500),2025-02-27,-0.06292654227735539,0.09130404546217226,1.092822778403746,-0.06292654227735538,0.016644060121725764,0.1899116674821561,0.1947217979827362,0.047297665952768166,0.0,0.009381443877752516,31.18,-9.15,-20.34,34.79,18.18,UNDERVALUED
NVDA,Information Technology (S&P 500),2025-02-27,1.2585452658115224,0.1680784945550561,2.826471502835457,1.2585452658115222,0.003745399392766436,5.247217374179382,0.1100767177591186,0.018338983065894987,0.0,-0.0012773668347889375,-8.56,-6.34,52.71,55.31,80.75,UNDERVALUED
NXPI,Information Technology (S&P 500),2025-02-27,0.005376751230594445,0.10588212815056902,1.7552316998106003,0.005376751230594471,0.04868821113853216,0.49051699986722735,0.5175842219442137,0.16361524653443849,0.01771255060728745,-0.1386664093906199,33.01,-13.42,-10.25,36.64,5.65,UNDERVALUED
OMC,Communication Services (S&P 500),2025-02-27,0.028210314155545202,0.07,0.7820775005937307,0.028210314155545136,0.13740444789870132,4.2823722983323185,3.172204995740712,0.668435146656887,1.0,-0.13552604532439555,0.46,-16.28,-5.5,23.6,12.79,UNDERVALUED
ON,Information Technology (S&P 500),2025-02-27,-0.008791525545867263,0.12359281639405785,2.1958788823462263,-0.008791525545867263,0.07503513251449062,0.6700965018914815,0.6914381292907442,0.15606167561603368,0.041,-0.043401236674974086,-27.72,-37.71,-38.44,47.88,57.68,UNDERVALUED
PKG,Materials (S&P 500),2025-02-27,-0.07968860580325543,0.07,0.557238218958542,-0.07968860580325549,0.01940695982055791,0.20067948186542944,0.12020760518033005,0.05819312908963872,0.0,-0.13878611734499618,92.0,4.04,23.64,20.76,22.93,UNDERVALUED
ORCL,Information Technology (S&P 500),2025-02-27,0.060195379749369504,0.1017690581828902,1.6378125867895725,0.06019537974936942,0.034937176971556426,0.4667085523680886,0.4971665388823164,0.19181465062230652,0.02302968270214944,-0.18525744500775457,22.08,19.54,49.52,37.98,-12.29,OVERVALUED
PANW,Information Technology (S&P 500),2025-02-27,0.20795178100197664,0.10085232645990318,1.3271161129541287,0.1646379502952399,0.004328867632160634,0.19361550984037104,0.20857301613140003,0.0892544178641368,0.0,0.0015650569055675179,-69.69,7.08,19.14,31.6,86.43,UNDERVALUED
PH,Industrials (S&P 500),2025-02-27,0.12093400185710057,0.0922462159388639,1.2854308456186783,0.045371098872279046,0.08097772128822972,2.322857897954211,2.3963965982499578,0.8411383454402734,0.9961915125136017,-0.12174048369536772,15.8,11.83,24.53,25.91,54.45,UNDERVALUED
PYPL,Financials (S&P 500),2025-02-27,0.08187368268042738,0.07952663303059249,0.9835168265654749,0.08187368268042736,0.03969439080524311,1.2986677745078978,1.1652067119261746,0.3128696849609423,0.6675919500346982,-0.007915228947653046,-37.47,-1.2,17.57,33.05,-11.16,OVERVALUED
PNR,Industrials (S&P 500),2025-02-27,-0.00419719540006791,0.07934464614305944,0.9469676352966602,-0.004197195400067932,0.039212388208114825,0.6868839627567095,0.5946788720943846,0.16046460780117913,0.0020394289598912306,-0.12733392816683428,52.31,8.86,22.81,24.72,-30.19,OVERVALUED
PAYX,Industrials (S&P 500),2025-02-27,0.0541630884144515,0.07,0.536565858795201,0.05416308841445148,0.02908551586524754,1.1149932118358454,0.8285590188123757,0.18328677756404813,0.1832512315270936,0.011918585333358598,38.29,15.86,24.64,19.01,-12.46,OVERVALUED
PEP,Consumer Staples (S&P 500),2025-02-27,0.05879016575608853,0.07,-0.05194063854952205,0.058790165756088524,0.036879414479896955,1.2626972820819917,0.8869600322166602,0.2486831016452387,0.32060301507537686,-0.17741286996602945,-14.03,-11.88,-6.7,17.98,-0.9,FAIRLY VALUED
PM,Consumer Staples (S&P 500),2025-02-27,0.10742396574523005,0.07,0.051537939906014046,0.10742396574523015,0.036770379573178295,1.6415807759176277,1.158095328343735,0.36919424757220404,0.6202020202020202,-0.19755576721068827,57.23,28.65,79.35,23.12,30.97,UNDERVALUED
PSX,Energy (S&P 500),2025-02-27,-0.13289605270898286,0.07,0.5632292918806041,-0.1328960527089829,0.19094664330265174,2.125241308137471,1.9741506665736506,0.4682553071587754,0.9939271255060729,-0.30694250729306893,73.91,-3.48,-9.31,26.65,97.75,UNDERVALUED
PNW,Utilities (S&P 500),2025-02-27,0.08593268175705915,0.07,0.17743683711451133,0.08593268175705909,0.0783071921115135,2.332523916952585,1.45800018311073,0.5989507709034362,0.7562688064192578,-1.0583574425386968,14.32,7.36,37.44,17.71,15.84,UNDERVALUED
PPG,Materials (S&P 500),2025-02-27,0.04022031510183166,0.07,0.5996086625695901,0.04022031510183169,0.053285772840903516,1.6509960301166133,1.17326699238211,0.2853027662418696,0.7109768378650554,-0.1984990089510094,-12.09,-9.56,-17.55,19.9,2.81,FAIRLY VALUED
PG,Consumer Staples (S&P 500),2025-02-27,0.024790868960807844,0.07,-0.062049153497934786,0.024790868960807746,0.02878651846821324,0.8440313618798643,0.620965399913917,0.13631829265752513,0.0,-0.061459002762032304,11.89,2.83,10.62,16.19,-13.3,OVERVALUED
PEG,Utilities (S&P 500),2025-02-27,0.14663265306122453,0.07254470064315778,0.48846197444993517,0.1466326530612245,0.011702675585210006,0.6583368643549832,0.5294348837455688,0.1666463878383899,0.012422360248447204,-0.003107892509898608,-54.34,1.59,35.28,20.14,-2.95,FAIRLY VALUED
PSA,Real Estate (S&P 500),2025-02-27,0.08022810206106268,0.07,0.415769012818532,0.08022810206106266,0.06610188776736965,2.68362800575805,1.9762461068915123,0.5134021633825869,0.9810606060606061,-0.1727898702898436,96.91,-9.17,13.7,22.95,12.17,UNDERVALUED
PHM,Consumer Discretionary (S&P 500),2025-02-27,0.0036617557268556755,0.07696943475122864,0.9708027094096765,0.003661755726855606,0.058939068057532726,1.2847168608093333,1.1066385170306505,0.25432301261206974,0.6305828917486752,-0.034557314484132844,90.55,-21.52,-3.03,31.91,25.57,UNDERVALUED
QCOM,Information Technology (S&P 500),2025-02-27,-0.06112130034296592,0.12630441851391766,2.0476766030054803,0.08771635957565606,0.04717240408487856,0.2863707048631763,0.29814275538257967,0.06564998522047512,0.0,-0.040765224814769574,36.53,-10.28,-0.51,38.31,7.49,UNDERVALUED
PWR,Industrials (S&P 500),2025-02-27,0.22304818060639087,0.10671034296459977,1.6461317902611743,0.22304818060639092,0.010813410092680262,0.2892630639613665,0.31400771858403653,0.14291213076957202,0.0005030181086519115,-0.08424733621385341,29.47,-4.05,8.36,37.17,155.91,UNDERVALUED
PTC,Information Technology (S&P 500),2025-02-27,0.09034692809267986,0.08269983577536646,0.9838055040780455,0.0960485977226136,0.048304936631266546,1.4054881602718035,1.3295185319796063,0.3744145971990453,0.7918238993710692,-0.08511883108486153,6.83,-7.56,-10.75,23.16,-5.67,OVERVALUED
DGX,Health Care (S&P 500),2025-02-27,-0.06384701001720128,0.07,0.2823042997110645,-0.06384701001720125,0.03960714125985478,0.5546291692996296,0.3436161803532256,0.1273696273154185,0.0,-0.25855847267117904,19.4,12.79,38.55,20.67,44.48,UNDERVALUED
RTX,Industrials (S&P 500),2025-02-27,0.027521841548140857,0.07,0.25545260099965467,0.02752184154814086,0.04561994121194765,1.2586710223699615,0.8796064114617964,0.22046821835827868,0.33401639344262296,-0.22864941206066822,50.38,10.37,47.51,18.85,66.64,UNDERVALUED
RVTY,Health Care (S&P 500),2025-02-27,-0.16946895092791825,0.07,0.7900563157804723,-0.16946895092791822,0.03391183661855054,0.1641729230050625,0.20876667577123081,0.08511830068091919,0.0,-0.23220616151969,79.81,-9.69,4.83,28.17,12.86,UNDERVALUED
RSG,Industrials (S&P 500),2025-02-27,0.10761601657908382,0.07,0.32036368777011504,0.1076160165790837,0.04059137553608278,1.8528506778794318,1.3134646490380761,0.40088703977184925,0.7590361445783133,-0.17948164840771516,42.02,13.08,27.54,15.23,-4.13,FAIRLY VALUED
RMD,Health Care (S&P 500),2025-02-27,0.14430208014571755,0.07993424494843088,0.8633369630976733,0.10947306803492216,0.026230683825065965,1.163680162009767,1.0705629812938153,0.3505366051534703,0.5190476190476191,-0.018985425381028355,-3.51,-4.11,28.94,37.37,0.24,FAIRLY VALUED
ROL,Industrials (S&P 500),2025-02-27,0.14001475616166204,0.07,0.39512894507483154,0.14001475616166195,0.022146167068406043,1.3977224197339388,1.0398142640682173,0.3479339763764836,0.5009765625,-0.02921938140054607,21.66,4.39,21.96,20.6,-27.78,OVERVALUED
ROK,Industrials (S&P 500),2025-02-27,0.03193680145031963,0.08677648375199798,1.1525906761385671,-0.08765731949657761,0.03226925617397683,0.5682981338895737,0.5450493194806673,0.16128923779298335,0.001177856301531213,-0.11484423265817376,29.83,8.96,3.09,30.13,55.02,UNDERVALUED
ROST,Consumer Discretionary (S&P 500),2025-02-27,0.08991909371871132,0.07,0.6626556227559864,0.08991909371871128,0.0366144824482764,1.7177027950690293,1.2709898861061,0.3320709104896757,0.7676266137040715,-0.019208409164419876,-4.06,-9.55,-6.84,21.64,68.44,UNDERVALUED
ROP,Information Technology (S&P 500),2025-02-27,0.15004281618824233,0.07156841275254255,0.7646580821565495,0.1500428161882423,0.03240709747121615,1.6975390192788904,1.2978030452929166,0.4210263914806399,0.7343470483005367,-0.10181668407783213,2.39,4.18,5.24,18.49,-27.47,OVERVALUED
SPGI,Financials (S&P 500),2025-02-27,0.11769966908147755,0.07,0.6178554721527999,0.11769966908147751,0.024445360310177015,1.1614517288602162,0.8459697754128422,0.24262045942864457,0.25863770977295164,-0.06915250375061151,85.0,4.32,23.72,16.04,-12.16,OVERVALUED
RCL,Consumer Discretionary (S&P 500),2025-02-27,0.5723981900452488,0.09473969842296254,1.4565296879598777,0.5723981900452488,0.045553080319610396,14.132522581930818,3.472703827484442,1.1438196014613615,0.9973516949152542,-0.36256682097141624,-68.11,41.56,94.13,35.65,23.61,UNDERVALUED
SBAC,Real Estate (S&P 500),2025-02-27,0.02966826077083562,0.07,0.10803901526283659,0.029668260770835564,0.0903139184195927,2.3269329176888913,1.5579149497353166,0.44429759555146703,0.8759920634920635,-0.62937701920013,-17.9,-4.08,11.15,26.4,-13.87,OVERVALUED
SLB,Energy (S&P 500),2025-02-27,0.17955928945213762,0.07,0.7582588040367565,0.1795592894521377,0.04847484044826388,3.3752013587626153,2.5250329088438033,0.9275956811525257,0.9799196787148594,-0.16086515033264967,-30.87,-7.35,-13.34,26.63,35.61,UNDERVALUED
SPG,Real Estate (S&P 500),2025-02-27,0.06943072471480871,0.07,0.746330323014287,0.06943072471480863,0.050862729283246116,1.665814519196633,1.094719894641224,0.3798215203151856,0.566793893129771,-0.45772444985898936,33.51,11.29,28.22,20.58,29.41,UNDERVALUED
STX,Information Technology (S&P 500),2025-02-27,-0.11281148429035748,0.08482373101450755,1.1968571107949286,-0.11281148429035753,0.040026195196128815,0.19248540193970096,0.22583359073058243,0.10267385931557617,0.0,-0.20844843592140352,69.55,1.38,14.24,31.45,763.09,UNDERVALUED
SWKS,Information Technology (S&P 500),2025-02-27,-0.1272776300190468,0.10068361755858919,1.5049987551464996,-0.12454949291760958,0.028370063770513643,0.23840298064566157,0.2844780245284685,0.06435558468510975,0.0,0.01726947618860264,20.13,-39.36,-36.43,43.26,11.54,UNDERVALUED
SHW,Materials (S&P 500),2025-02-27,0.04076951902803305,0.07112879434852029,0.7700656087848624,0.040769519028033,0.03678070340113761,1.1056425410094557,0.8151711630852873,0.20525985927407076,0.19962335216572505,-0.1291994062145148,18.6,-1.06,9.14,21.81,-1.08,FAIRLY VALUED
SJM,Consumer Staples (S&P 500),2025-02-27,-0.041094123716175046,0.07,0.030927018891259955,-0.041094123716175025,0.3046040355142775,6.25861449274093,4.530078992623438,1.0365980482465225,1.0,-0.773668928289215,-73.58,-7.74,-7.51,23.73,19.71,UNDERVALUED
NOW,Information Technology (S&P 500),2025-02-27,0.23823326432022074,0.10241712162233134,1.3636759933172828,0.23823326432022085,0.004624874041182161,0.20208595569480095,0.21314954953605897,0.08462403793121558,0.0,-0.0020525863455147135,41.38,10.73,20.05,35.96,-29.56,OVERVALUED
SW,Materials (S&P 500),2025-02-27,-0.10481900954918943,0.07,0.8065693848162173,-0.10481900954918943,0.05793389780773399,0.7452378646334258,0.5725677397636678,0.16329389997729932,0.00861244019138756,-0.2142506000783514,50.45,11.79,32.53,36.7,-2.14,FAIRLY VALUED
SNA,Industrials (S&P 500),2025-02-27,0.05488900361383586,0.07425160725040957,0.7807596645836602,0.05488900361383583,0.04341477919614294,1.4135322571123141,1.1528578521800035,0.2608543043850436,0.695940347970174,-0.01624248768877892,37.54,20.91,26.3,22.33,20.85,UNDERVALUED
LUV,Industrials (S&P 500),2025-02-27,0.09561602418745285,0.07,0.6873540661309654,0.09561602418745276,0.05468660360651097,2.484954839357738,1.8428569753736932,0.44639887478758505,0.9871794871794872,0.004962719493133373,-4.48,6.46,-9.18,34.88,34.19,UNDERVALUED
SBUX,Consumer Discretionary (S&P 500),2025-02-27,0.05911859625859006,0.07,0.6157236965674928,0.0055760015121360034,0.027461022796916718,0.8773490892186179,0.5998699617463724,0.177498428108353,0.011776251226692836,-0.18037070892494067,24.1,17.47,24.73,38.16,-5.58,OVERVALUED
STLD,Materials (S&P 500),2025-02-27,-0.15567553940397583,0.07911739141742673,1.00657414709086,-0.1556755394039758,0.13870900724303367,0.9741830068262287,1.3041026437765768,0.2795598986939717,0.8683666436940042,-0.07984963602592535,89.83,10.66,1.74,32.49,67.54,UNDERVALUED
SYK,Health Care (S&P 500),2025-02-27,0.11106293024012137,0.07,0.5978679341671291,0.11106293024012141,0.018064270429608027,0.852409560871975,0.6168141430370824,0.1966549623211737,0.037298387096774195,-0.06880731948883424,21.61,8.97,11.44,18.45,-14.5,OVERVALUED
SYY,Consumer Staples (S&P 500),2025-02-27,0.07178664657204492,0.07,0.2160384172682786,0.03300360301342942,0.07326275652892845,2.676450570155015,1.8798028798258104,0.5102714598043122,0.9765784114052953,-0.34756765781827137,-16.19,-0.61,-5.39,19.44,15.9,UNDERVALUED
TMUS,Communication Services (S&P 500),2025-02-27,-0.012730768747407972,0.07,0.2684154890096185,-0.012730768747407976,0.01932191307480558,0.16466274335687187,0.03718786198966583,0.07680035553433637,0.0,-0.35062160116711405,13.31,30.37,62.84,20.46,-29.62,OVERVALUED
TGT,Consumer Staples (S&P 500),2025-02-27,-0.015652492668621676,0.07,0.505848380189775,-0.0156524926686217,0.044380661019551126,0.7761843224075645,0.5082804127784419,0.15421353057031637,0.0,-0.29796846655918474,-38.69,-21.58,-16.92,37.57,37.43,UNDERVALUED
TDY,Information Technology (S&P 500),2025-02-27,0.03240757703440433,0.07,0.6178109567304485,0.032407577034404424,0.052661274185087155,1.6492117073874248,1.2051535211326272,0.2653829429313621,0.7585858585858586,-0.10953055357984526,17.3,17.7,17.88,22.29,26.57,UNDERVALUED
TEL,Information Technology (S&P 500),2025-02-27,-0.013480705631017553,0.07932265127453374,0.9589552208748805,-0.011787451665211425,0.05880754842667941,1.0453107351975275,0.9316343820845143,0.21815754512397326,0.3761840324763194,-0.06716431451667716,28.34,0.78,7.49,20.78,34.12,UNDERVALUED
TXT,Industrials (S&P 500),2025-02-27,0.06325277799362805,0.07,0.8200933520675524,0.06325277799362809,0.09441311323661081,3.545634540215083,2.5958692884140016,0.6111128988697937,1.0,-0.11999059061847074,-4.13,-18.14,-16.37,22.82,15.35,UNDERVALUED
TMO,Health Care (S&P 500),2025-02-27,-0.04581988199933207,0.07,0.47351771371572976,-0.04581988199933207,0.021011707754750197,0.34006484700236567,0.2197978407823035,0.07158796415656138,0.0,-0.13340504307281034,4.35,-14.16,-7.33,20.96,20.6,UNDERVALUED
TER,Information Technology (S&P 500),2025-02-27,-0.15174014950658388,0.14156888205702375,2.2307427938243083,-0.1517401495065839,0.024452564397810125,0.14251137966362915,0.1747191427217849,0.018890611751843783,0.0,0.04078915230117284,88.0,-19.14,8.95,45.18,253.57,UNDERVALUED
TXN,Information Technology (S&P 500),2025-02-27,-0.12527461553824648,0.09760778416776973,1.3410478212811732,-0.12527461553824645,0.020795530484309013,0.0904830357009309,0.12493017051487366,0.04167418659385771,0.0,-0.049495936624584805,56.08,-7.93,19.23,29.59,44.69,UNDERVALUED
TJX,Consumer Discretionary (S&P 500),2025-02-27,0.08572973405959639,0.07,0.5628524761520967,0.08572973405959629,0.02753185879619498,1.2220163256119876,0.8960275542911522,0.24335492482637622,0.31809145129224653,-0.05051864972634183,18.83,3.49,24.5,17.07,16.06,UNDERVALUED
TKO,Communication Services (S&P 500),2025-02-27,1.8284037058379314,0.07,0.606416377235157,1.8284037058379314,0.040883569811820744,560.7282338969812,3.0936017967339002,0.7255579796655821,1.0,-0.2304238639185655,67.74,27.32,74.08,27.91,32.79,UNDERVALUED
TSCO,Consumer Discretionary (S&P 500),2025-02-27,0.024711791160640484,0.07,0.6526718350101103,0.02471179116064051,0.01589056449300442,0.3385514736482831,0.20779427417251384,0.07419716641559643,0.0,-0.1610384340710325,16.33,1.04,10.67,25.78,-34.31,OVERVALUED
TDG,Industrials (S&P 500),2025-02-27,0.20934532584727283,0.0731914493754872,0.9267407926389073,0.20577069096431283,0.04030524562526122,2.8108140295055226,2.2095651521187056,0.903467018988742,0.9349955476402493,-0.26256641466845926,34.81,7.43,21.34,24.37,-6.52,OVERVALUED
TT,Industrials (S&P 500),2025-02-27,0.10542343840867452,0.08679007809492563,1.0539868046076255,0.1054234384086745,0.02808177991768896,0.8760526815112871,0.8703602529477956,0.2913805482558095,0.29345904537418976,-0.04767322736929842,71.92,-1.91,22.66,23.87,32.59,UNDERVALUED
TSN,Consumer Staples (S&P 500),2025-02-27,0.00025333677777350516,0.07,-0.10719711121892984,0.008093644220041225,0.017939975173906407,0.11924121784397462,-0.013900950977693642,0.07493564535896938,0.0,-0.3914664552494218,-44.29,-3.12,16.47,21.0,0.8,FAIRLY VALUED
TRMB,Information Technology (S&P 500),2025-02-27,0.0332943448576013,0.0892063405302232,1.247521393035382,0.033294344857601396,0.02876553790793782,0.4193204270331963,0.41097508918217934,0.1479302132444329,0.0,-0.16981946384787075,80.15,24.88,14.41,28.47,-15.56,OVERVALUED
UDR,Real Estate (S&P 500),2025-02-27,0.07256887832100722,0.07,0.40872289354601066,0.07256887832100731,0.07181086634748363,2.478959542660774,1.7431852724102121,0.4975308611067437,0.9344422700587084,-0.4374261200588651,-17.61,3.66,31.8,18.67,-9.32,OVERVALUED
UAL,Industrials (S&P 500),2025-02-27,0.1949060171282393,0.07,1.2782210166652488,0.19490601712823935,0.13156262521211196,10.724732037106198,7.734269020864305,3.4949664126971283,1.0,-1.0148019126378152,-4.28,118.72,105.28,44.22,21.2,UNDERVALUED
UBER,Industrials (S&P 500),2025-02-27,0.16952661793769797,0.0869931860402312,1.0549126643542812,0.16952661793769802,0.011711473571116961,0.462425316528897,0.46760145097646916,0.1840876701560081,0.015133876600698487,-0.042576559996389506,142.39,2.27,-5.77,39.9,5.85,UNDERVALUED
UNP,Industrials (S&P 500),2025-02-27,-0.030391959798995005,0.07,0.4993602216433408,-0.030391959798994974,0.03854672346682242,0.6175666439710783,0.4066909697225631,0.12451006957854559,0.0,-0.22934500102496244,24.53,-1.02,-1.1,19.92,28.32,UNDERVALUED
UPS,Industrials (S&P 500),2025-02-27,-0.09348402399888378,0.07,0.484523355283929,-0.09348402399888377,0.09111157177133225,1.0552122535948907,0.8160348480515683,0.24283632805729208,0.20218037661050545,-0.2589619127991798,20.09,-5.57,-16.58,28.77,-3.75,FAIRLY VALUED
TYL,Information Technology (S&P 500),2025-02-27,0.05488421817269873,0.07,0.5961301798146958,0.05488421817269879,0.015686240969798364,0.5640320049171798,0.4102717942339662,0.090808562069873,0.0,-0.020755644880916885,80.06,4.64,38.73,24.23,-42.5,OVERVALUED
UNH,Health Care (S&P 500),2025-02-27,0.14640827734281014,0.07,0.26886444264736026,0.1464082773428101,0.06439497504494462,4.2228180709488266,3.1633610754301498,1.1219917146057237,0.997997997997998,-0.08901354713886715,-19.92,-19.63,-7.31,29.25,-14.7,OVERVALUED
UHS,Health Care (S&P 500),2025-02-27,0.06586921623927089,0.07,0.4630604476318752,0.06586921623927094,0.040875406532903724,1.1847170308923678,0.7694186295399744,0.2629700898036528,0.20495049504950494,-0.4225032056091092,8.46,-20.8,12.69,29.73,-6.49,OVERVALUED
URI,Industrials (S&P 500),2025-02-27,0.23105995533413504,0.09273518203432127,1.5278788128635934,0.23105995533413504,0.05611031632386919,3.028592472482877,3.181217976362885,1.4647724194797007,0.9760999456816948,-0.29240826652146046,25.03,-13.66,-5.56,34.25,75.17,UNDERVALUED
VLO,Energy (S&P 500),2025-02-27,-0.17925196872714488,0.07,0.466687269608165,-0.1792519687271449,0.20229118072464386,1.4527325081324538,1.987062363537587,0.3988453401340791,0.998972250770812,-0.17333593147922166,18.26,-6.56,-6.65,30.71,173.54,UNDERVALUED
VZ,Communication Services (S&P 500),2025-02-27,-0.02090839332042238,0.07,-0.03248760013835454,-0.020908393320422408,0.05874220090272454,0.45489676640666,0.07048587992456189,0.2225907059237844,0.0,-1.0481986544933928,38.61,7.9,15.68,19.45,25.39,UNDERVALUED
VRTX,Health Care (S&P 500),2025-02-27,0.10508694727177037,0.07,0.5976628723950902,0.10508694727177041,0.028279704273788765,1.4751064981564252,1.1005811144938111,0.2726339752118423,0.6102719033232629,0.078189261205815,57.85,-1.21,10.11,25.45,13.86,UNDERVALUED
V,Financials (S&P 500),2025-02-27,0.1071246580803411,0.07,0.5235290241535708,0.10023581294214927,0.029513238874817386,1.544044599500335,1.1462842106873339,0.3393132998837698,0.6409465020576132,-0.01277282504125213,47.9,31.88,26.56,16.92,3.99,FAIRLY VALUED
VICI,Real Estate (S&P 500),2025-02-27,0.38885383418368225,0.07,0.28675479514365054,0.3888538341836823,0.06062543699136262,9.450577790850247,4.130295853644411,1.1739831367682667,0.997997997997998,-0.5550459954701299,-40.17,0.2,16.37,19.03,-10.11,OVERVALUED
VTRS,Health Care (S&P 500),2025-02-27,-0.051393680016233456,0.07,0.5874918444750733,-0.05139368001623347,0.12122757651492605,1.0331053229941793,0.3625560345525796,0.4088174009424307,0.07048008171603677,-1.6213700250803071,72.17,-17.73,-25.01,32.04,80.58,UNDERVALUED
GWW,Industrials (S&P 500),2025-02-27,0.0820856317310219,0.07424074431160047,0.7662908641642411,0.0820856317310218,0.027442573648426966,1.0406323118785916,0.8501641093115269,0.23618123075642197,0.25819344524380494,-0.04250112298369557,51.84,4.89,5.1,20.99,30.29,UNDERVALUED
WMT,Consumer Staples (S&P 500),2025-02-27,0.0602595499019285,0.07,0.31430075248527,0.06025954990192855,0.012841666186619149,0.43082466357749505,0.3028417391907808,0.0836609677179455,0.0,-0.06690101937040335,60.3,27.42,64.37,19.76,8.74,UNDERVALUED
WAB,Industrials (S&P 500),2025-02-27,0.15725902894044497,0.08417866750314469,1.0616899427759285,0.15725902894044486,0.04384901174773192,1.6645650548612698,1.594665292387435,0.5767414607646557,0.8669920683343502,-0.10783399788957969,37.97,10.19,32.21,24.14,62.49,UNDERVALUED
VST,Utilities (S&P 500),2025-02-27,0.07655885780885785,0.12544616617968063,2.5405493136660255,0.07655885780885781,0.029457650829182475,0.19084169460837946,0.20772878252836588,0.11102920959836604,0.0005,-0.24696243669399795,-39.75,54.31,157.59,69.57,7.75,UNDERVALUED
DIS,Communication Services (S&P 500),2025-02-27,0.05092061011698057,0.07,0.4782747538995147,0.027705910144210217,0.04175760418815958,1.3106779714350827,0.9257405587548743,0.24392162752563626,0.40405014464802314,-0.21630305802350094,-2.8,23.0,2.65,22.6,-1.77,FAIRLY VALUED
WEC,Utilities (S&P 500),2025-02-27,-0.07339487777939857,0.07,-0.0366286619354443,-0.07339487777939858,0.05693720827238637,0.5201965226790122,0.25343980599970867,0.185213053779447,0.0,-0.5921757038660218,11.62,16.01,41.39,16.47,8.07,UNDERVALUED
WM,Industrials (S&P 500),2025-02-27,0.03695806680881297,0.07,0.3346090490370686,0.03695806680881308,0.007103882624971219,0.06645577565570374,0.005328880808700442,0.037667319051024606,0.0,-0.17508497242095575,32.79,10.52,12.09,18.32,0.24,FAIRLY VALUED
WAT,Health Care (S&P 500),2025-02-27,-0.005228879566184674,0.0769499288987623,0.8830877867391743,-0.005228879566184694,0.029733893134146958,0.5366139030071647,0.4544620601046465,0.11679398454272802,0.0,-0.09273281393231662,17.33,10.78,12.15,34.29,8.48,UNDERVALUED
WELL,Real Estate (S&P 500),2025-02-27,0.1215641851861855,0.07,0.29989753933242147,0.12156418518618547,0.004141525162751528,0.043134070136228685,-0.010366189571778761,0.04142580411884072,0.0,-0.16917234447130472,89.48,27.18,68.02,18.43,60.43,UNDERVALUED
WST,Health Care (S&P 500),2025-02-27,0.021788077176209786,0.07,0.32554220301531983,0.021788077176209775,0.03233393028494666,1.046350645659603,0.7841585286662693,0.1498217055821113,0.07878151260504201,0.03347520676176978,-9.74,-26.36,-37.73,53.03,59.74,UNDERVALUED
WMB,Energy (S&P 500),2025-02-27,-0.005289557683538559,0.07,0.6956157332141195,-0.005289557683538532,0.0648795610721131,1.3072874504295493,0.88383823228857,0.2493661847500648,0.349238578680203,-0.37289247472479137,15.31,26.38,67.76,22.52,33.74,UNDERVALUED
WTW,Financials (S&P 500),2025-02-27,0.06959169862395664,0.07,0.1544436772737566,0.06959169862395669,0.04506085164563932,1.6701416614659306,1.1922714243375578,0.2905997358912735,0.7233400402414487,-0.1337929167393647,28.82,17.08,23.41,16.9,3.61,FAIRLY VALUED
WYNN,Consumer Discretionary (S&P 500),2025-02-27,0.7386748118424467,0.07,0.8366404456728779,0.7386748118424468,0.1443955515607071,124.76350229125734,12.552784396134916,3.069146161501223,1.0,-1.0798125729997778,-60.54,15.1,-13.14,33.88,14.55,UNDERVALUED
YUM,Consumer Discretionary (S&P 500),2025-02-27,0.034200526161940914,0.07,0.3873217702439496,0.034200526161940956,0.03618308194305834,0.9414905294269686,0.626125751946703,0.18766197841960539,0.01085883514313919,-0.27315142535950815,10.12,15.38,14.36,19.63,1.5,FAIRLY VALUED
XYL,Industrials (S&P 500),2025-02-27,0.33357479174212235,0.07938321194133789,0.9244798897599878,0.3335747917421224,0.010379937369093655,0.9703254389034024,0.6540299510077298,0.20909451525391212,0.05874222529371113,-0.04477913167890162,9.12,-4.09,3.61,21.32,-10.48,OVERVALUED
ZBH,Health Care (S&P 500),2025-02-27,0.06546203835790143,0.07,0.39547361333760134,0.06546203835790142,0.10317347070715246,3.79478557214036,2.7588415616700357,0.6641592213311344,1.0,-0.2540143168438385,-42.88,-8.85,-16.95,21.67,-3.43,FAIRLY VALUED
AA,Materials (S&P 400),2025-02-27,-0.1525981848847482,0.08823214228572705,1.4767495208979702,-0.15259818488474822,0.09506287819906059,0.6231292926118408,0.8830553384615081,0.2498285911825844,0.29844738355376654,-0.17523864031927208,670.06,-2.3,26.69,46.14,53.94,UNDERVALUED
AAL,Industrials (S&P 400),2025-02-27,0.07794408935900843,0.07,1.027640750169992,0.07794408935900839,0.4461799572343239,14.82669163344801,9.926678454698171,3.4180973482671897,1.0,-4.21654903917071,-22.48,42.87,-6.5,42.23,-6.95,OVERVALUED
ACI,Consumer Staples (S&P 400),2025-02-27,0.020450819513790686,0.07,0.2629946951970169,0.02045081951379078,0.0915990913265729,1.5633248050374888,0.8392028006298891,0.42046418542156605,0.36489151873767256,-1.238744444295613,10.17,2.36,2.74,19.01,-39.16,OVERVALUED
ACM,Industrials (S&P 400),2025-02-27,0.10676196458725551,0.07482731008003447,0.9051853652230007,0.12011278536694574,0.04970638321379661,2.010824149809522,1.6435578817530627,0.49657897235394,0.9174089068825911,-0.11430468364753181,-26.79,-3.89,9.83,22.72,-31.75,OVERVALUED
AGCO,Industrials (S&P 400),2025-02-27,0.13919408128744637,0.07,0.5425396784487615,0.13919408128744645,0.07897566317183034,4.933138195200929,3.5553537886317192,1.2453133782929078,1.0,-0.1303832205160455,-33.42,9.07,-6.25,30.15,8.49,UNDERVALUED
AIT,Industrials (S&P 400),2025-02-27,0.0841994966280466,0.09880092988811082,1.3577367846933222,0.015095198189627705,0.020906515959712702,0.44870014983677226,0.4740438326675206,0.14728767061879156,0.003615702479338843,-0.014699726163425832,55.76,20.05,30.48,28.86,40.55,UNDERVALUED
ALSN,Industrials (S&P 400),2025-02-27,0.09606356085229328,0.07338051993052637,0.9246927885707906,0.09606356085229324,0.040651160596732856,1.5692421232948393,1.2314832013863644,0.41900086579360546,0.6809403862300588,-0.22539480184658472,49.75,12.19,34.9,28.35,30.68,UNDERVALUED
ALV,Consumer Discretionary (S&P 400),2025-02-27,0.1846867224609816,0.07028510622490379,0.8624227962883009,0.18468672246098167,0.05731376223332364,4.049844863391905,2.9922179631067527,1.1382415358481555,0.991008991008991,-0.19975293881176232,18.81,-3.46,-13.59,28.07,30.62,UNDERVALUED
AM,Energy (S&P 400),2025-02-27,0.12293457776001171,0.07,0.7917633443872141,0.12293457776001179,0.038773818026597594,1.6610768685319466,1.1311301624353427,0.4673249698533687,0.5769230769230769,-0.4448810423261856,25.44,14.47,30.85,21.75,47.47,UNDERVALUED
ALGM,Information Technology (S&P 400),2025-02-27,0.07776281693786191,0.1436408655586047,2.4184128231167015,0.07776281693786184,0.03779948732702469,0.4286211206851813,0.4407955932110956,0.08621150921504318,0.0,-0.014996693518410431,-55.47,-11.47,-29.64,50.96,70.83,UNDERVALUED
AMG,Financials (S&P 400),2025-02-27,-0.11667239010989006,0.07242757150836467,1.0166646649642834,-0.11667239010989011,0.12245998559781221,1.2918777609388337,1.1712922669131813,0.30334588393737927,0.6961805555555556,-0.31047871450137265,43.02,-3.36,6.65,24.08,110.84,UNDERVALUED
AMKR,Information Technology (S&P 400),2025-02-27,-0.08298849975005584,0.12174093239890797,2.2857273763570567,-0.08298849975005587,0.015398322662335116,0.06774797923779403,0.07404845630950892,0.02522221229589381,0.0,-0.04572477024505719,18.17,-35.18,-29.47,48.66,146.63,UNDERVALUED
AN,Consumer Discretionary (S&P 400),2025-02-27,-0.0013377802482861245,0.07,1.1942335532755666,-0.0013377802482860848,0.28440829387465827,6.49803960820031,4.59428780624501,1.1730380052986673,1.0,-1.059050846733834,56.8,0.75,25.13,29.73,10.68,UNDERVALUED
ANF,Consumer Discretionary (S&P 400),2025-02-27,0.1576433891843989,0.08853258221010242,1.3602307434429002,0.15764338918439885,0.015377314025781201,0.6308953479551076,0.6471582992126461,0.264654626717072,0.1016561964591662,-0.02879585190545782,-13.25,-39.13,-19.37,59.35,3.55,FAIRLY VALUED
ARW,Information Technology (S&P 400),2025-02-27,-0.1082118396348366,0.07339835229344492,0.9966917229647335,-0.1082118396348366,0.35728105472314997,4.168731303698802,3.743944535351575,0.928848600296438,1.0,-0.6160971586692606,29.64,-19.07,-6.77,26.2,90.86,UNDERVALUED
APG,Industrials (S&P 400),2025-02-27,0.05641964013418721,0.08519364120968985,1.2684232740517478,0.05641964013418725,0.02181655839590567,0.31262715185490847,0.2869929218537065,0.13359349436587442,0.0,-0.22979643812040168,6.46,8.74,8.34,29.54,62.52,UNDERVALUED
ARMK,Consumer Discretionary (S&P 400),2025-02-27,0.12752186088882378,0.07,0.7949108276210824,0.08191703249326067,0.1016904052782242,4.843704387289557,3.4893968545552307,1.0965362578087459,0.9990403071017274,-0.5167299604132669,2.45,2.85,22.06,23.84,65.45,UNDERVALUED
ASH,Materials (S&P 400),2025-02-27,-0.059930504362030956,0.07,0.8661779210772925,-0.035600182565038795,0.11964873489972647,2.084654394592762,1.4696615900911867,0.3795041296786567,0.8830111902339777,-0.42225587311601254,29.7,-30.3,-32.86,26.54,23.73,UNDERVALUED
ATR,Materials (S&P 400),2025-02-27,0.04972565271296636,0.07,0.6498268535984104,0.049725652712966424,0.04351194000954514,1.4796442260446023,1.067346295176844,0.24490307729115143,0.5850661625708885,-0.10224536460428624,19.72,-3.15,5.0,17.92,-6.78,OVERVALUED
ATI,Industrials (S&P 400),2025-02-27,0.08803441084462982,0.08285767579082028,1.1252636419776096,0.08803441084462982,0.013674337851744248,0.24543428002466047,0.2278613739808271,0.12151987593133586,0.0,-0.1988314272562987,87.94,-12.96,16.43,37.61,267.63,UNDERVALUED
AVNT,Materials (S&P 400),2025-02-27,-0.0748034973063676,0.08283199518378381,1.3247384749209543,-0.07480349730636757,0.06652745988308148,0.48700022275865196,0.44023715124116164,0.21011340389676134,0.008145363408521303,-0.43484528178993753,33.47,-12.25,7.4,29.35,8.8,UNDERVALUED
AXTA,Materials (S&P 400),2025-02-27,0.06142506142506132,0.07,0.8629725227601301,0.06142506142506143,0.05992285059652705,1.9776795249971213,1.3703738365914186,0.38732131617636967,0.8058645096056622,-0.3597179843512942,2.09,1.42,11.21,26.39,-0.87,FAIRLY VALUED
AVTR,Health Care (S&P 400),2025-02-27,-0.07257334540226823,0.07,0.798518956471307,-0.07257334540226824,0.05359046486087425,0.5788052872362089,0.32786737768075347,0.16987133359074139,0.0,-0.47267515772412166,24.39,-35.61,-32.45,31.82,-13.58,OVERVALUED
AVT,Information Technology (S&P 400),2025-02-27,-0.011451060683247527,0.07748054857389057,1.0803583944464548,-0.10475051683730277,0.03939748397309886,0.2013716370549661,0.09655673079940207,0.16210041013426665,0.0,-0.6491346023875935,27.85,-6.81,12.65,24.27,78.34,UNDERVALUED
BAH,Industrials (S&P 400),2025-02-27,0.15152824279079824,0.07,0.442689864303657,0.15152824279079813,0.0053195734321953864,0.14447715258637986,0.056043571293317045,0.09423810663531555,0.0,-0.222820121139762,-39.61,-28.13,-23.09,29.99,-28.45,OVERVALUED
AVAV,Industrials (S&P 400),2025-02-27,0.3259431379223585,0.09211726462111912,1.1165182183395117,0.3259431379223586,0.014991292653674992,1.0459572114333036,0.8697331211729165,0.284055313978626,0.28794402583423034,0.003188534460291615,20.31,-14.57,19.72,54.92,5.22,UNDERVALUED
AYI,Industrials (S&P 400),2025-02-27,-0.020822871728005343,0.09084731429828172,1.1564858196694843,-0.028136227923688074,0.022597636228590387,0.3641759812483857,0.3650065909831711,0.08299997668769614,0.0,0.02960624652260441,45.32,19.0,19.82,27.7,14.65,UNDERVALUED
BC,Consumer Discretionary (S&P 400),2025-02-27,-0.060303573001379895,0.07,0.9581619902715891,-0.060303573001379875,0.22812439588121344,3.9339785028853322,2.8219197199207615,0.7352912683084958,1.0,-0.5365349737760605,4.89,-24.18,-28.69,32.62,39.65,UNDERVALUED
BCO,Industrials (S&P 400),2025-02-27,0.07476573696395095,0.07,1.012545500452529,0.07476573696395106,0.09281162412570239,3.2243996319647388,2.2093523161484505,0.6650102349634556,0.9883040935672515,-0.6690931954530319,11.76,-15.1,15.8,25.42,24.74,UNDERVALUED
BBWI,Consumer Discretionary (S&P 400),2025-02-27,-0.017328042328042303,0.07450538556906686,1.1349581442595584,-0.017328042328042328,0.15446787662508543,2.806002554539931,2.2133273713995756,0.6058215629859555,0.9894651539708266,-0.58048874284091,-16.26,4.48,-22.7,46.06,-42.62,OVERVALUED
BDC,Information Technology (S&P 400),2025-02-27,-0.036217741517791224,0.08845465095506198,1.4405897503137968,-0.036217741517791203,0.0651797805180647,0.7699671393060282,0.7714399282135109,0.22437600731097254,0.17475728155339806,-0.15961449156232535,46.46,0.34,27.9,31.42,16.01,UNDERVALUED
BJ,Consumer Staples (S&P 400),2025-02-27,0.0338347614426282,0.07,0.5149041562817388,0.03383476144262811,0.013628269804860343,0.23173966818976222,0.11432780602051275,0.06814122101922249,0.0,-0.22249364900499657,15.0,21.91,37.33,28.32,-8.53,OVERVALUED
BMRN,Health Care (S&P 400),2025-02-27,0.15418940201017262,0.07,0.5108754303318241,0.15418940201017253,0.041518822801833485,2.450886950653592,1.8460960418960035,0.536734761055452,0.9657258064516129,-0.026129678148587673,-41.76,-23.59,-23.78,32.06,-2.08,FAIRLY VALUED
BURL,Consumer Discretionary (S&P 400),2025-02-27,0.11776509651593936,0.07321372831683168,1.1131291770864429,0.11776509651593936,0.017174549464417942,0.6201023525626601,0.4615086148755649,0.21267653017787375,0.015734265734265736,-0.249796377552112,-21.73,-12.97,17.44,34.97,37.24,UNDERVALUED
BRKR,Health Care (S&P 400),2025-02-27,0.17141502351128146,0.07301550988240849,0.9652233673343674,0.17141502351128146,0.08933373825773969,6.143451982570438,5.006714151104447,1.8383142614253538,1.0,-0.12950443975060077,-43.49,-25.2,-42.77,39.84,26.38,UNDERVALUED
BSY,Information Technology (S&P 400),2025-02-27,0.11767183886188648,0.08250361397243852,1.057611905846291,0.11767183886188656,0.031129737405910678,1.1014547487220243,1.0355715354010522,0.39350230828441896,0.4641724793912492,-0.11627396885924378,21.13,-15.02,-10.53,27.73,-16.53,OVERVALUED
BYD,Consumer Discretionary (S&P 400),2025-02-27,0.05150368020044005,0.07,0.8458829542107124,0.05150368020044006,0.08955028874570593,2.8670666125311346,2.0058427120093847,0.5622118495509615,0.9748953974895398,-0.472508093313974,23.87,27.22,20.82,28.56,8.25,UNDERVALUED
BWA,Consumer Discretionary (S&P 400),2025-02-27,0.12370399683419064,0.07,1.013446141196806,0.12370399683419074,0.06513086787190085,3.013233802387825,2.141910781695372,0.6848523020250418,0.9769008662175168,-0.3592221413824374,-24.44,-11.44,-2.21,28.86,123.33,UNDERVALUED
BWXT,Industrials (S&P 400),2025-02-27,0.11800026334246083,0.08347893174343839,1.083356937252798,0.11800026334246075,0.014664419391994674,0.43844908438356794,0.4163724314904754,0.16781679966070692,0.0006116207951070336,-0.12277080465865324,54.55,0.92,15.46,33.27,55.03,UNDERVALUED
CACI,Industrials (S&P 400),2025-02-27,0.14282423425367008,0.07,0.554283613814761,0.14282423425367016,0.06608181251697046,3.502177305212913,2.519784736519504,0.7637524595309307,0.9961277831558567,-0.2384732781154788,-14.66,-29.58,-9.6,28.13,92.58,UNDERVALUED
CBT,Materials (S&P 400),2025-02-27,-0.03858277872577742,0.08421608320489687,1.1611169321640575,0.01602645637242432,0.07708580515057764,0.8897979433820027,0.8574197614202982,0.2500475852518771,0.27584097859327217,-0.22435288587418417,-7.35,-16.76,3.72,31.51,2.94,FAIRLY VALUED
CCK,Materials (S&P 400),2025-02-27,-0.07208529707177624,0.07,0.3725261557507258,-0.07208529707177624,0.051254842316625346,0.32303312525314876,0.10241391774185858,0.1557755306536436,0.0,-0.6144934683186591,9.1,-1.72,14.78,21.26,36.04,UNDERVALUED
CHDN,Consumer Discretionary (S&P 400),2025-02-27,0.36020554757431755,0.07,0.8600683965651145,0.3602055475743176,0.025376128289936975,5.141684413058287,2.1667324070561427,0.7850430100287724,0.9193706981317601,-0.5400081658107447,-5.19,-14.46,-3.12,23.37,-20.29,OVERVALUED
CHE,Health Care (S&P 400),2025-02-27,0.060635242859009786,0.07,0.2913561842485351,0.06063524285900974,0.006119011480642502,0.2518940822773663,0.19106543172418763,0.03942365510669163,0.0,0.014240981497004646,6.79,3.51,-1.42,24.24,-8.05,OVERVALUED
CELH,Consumer Staples (S&P 400),2025-02-27,1.0165329465547948,0.09073487790515616,1.0768049364786396,1.0165329465547945,0.006556799309926432,8.482860093353151,0.6134501913761583,0.13900208436939127,0.0005580357142857143,0.1251285531792886,-64.36,-34.7,-61.51,70.25,25.2,UNDERVALUED
CHH,Consumer Discretionary (S&P 400),2025-02-27,0.10144163589403044,0.07,0.5120016861619813,0.10144163589403038,0.1157226298713402,5.369006023762715,3.889381448447571,1.1227770714347436,1.0,-0.23690048496195037,13.29,13.42,28.87,24.62,-22.55,OVERVALUED
CHRD,Energy (S&P 400),2025-02-27,0.06851141029627672,0.07,0.5807409533754717,0.06851141029627668,0.17799567879880732,7.166800947743889,5.296958733577546,1.1977015812107523,1.0,-0.05028801257863223,-6.87,-21.87,-25.64,25.95,41.97,UNDERVALUED
CLF,Materials (S&P 400),2025-02-27,-0.04319457131671667,0.08834373391983709,1.3973299449241066,-0.04319457131671669,0.2946026373938263,3.714669497689651,3.6452083746261557,1.029496983915459,1.0,-0.5425076784642253,12.85,-23.63,-48.19,51.47,0.09,FAIRLY VALUED
CNH,Industrials (S&P 400),2025-02-27,0.0482357437051506,0.07,0.7116681679186203,0.048235743705150526,0.5366656308470622,18.146326120495814,13.065910724319613,3.197980426419627,1.0,-1.4574021825728478,-12.12,25.64,10.94,31.25,-11.6,OVERVALUED
CLH,Industrials (S&P 400),2025-02-27,0.04694514095813407,0.0802783489895078,1.0654441130972816,0.04694514095813402,0.03423668934652151,0.7375383966866469,0.6446430196054053,0.20171339968453622,0.04909213180901143,-0.18014104864327626,63.44,-13.85,15.22,27.24,52.93,UNDERVALUED
CMC,Materials (S&P 400),2025-02-27,-0.05701975329846676,0.08567692345901025,1.2424121193659345,-0.0992735637220748,0.0369612740373081,0.46625219746060775,0.45395231683219944,0.123848336902907,0.0,-0.06044712089654454,50.13,-8.14,-8.96,32.27,35.74,UNDERVALUED
CNM,Industrials (S&P 400),2025-02-27,0.007668019846639673,0.09034886073709014,1.3435387366412417,0.007668019846639603,0.123094290880858,1.8799575749815076,1.8653913907429611,0.5262052597260385,0.9895027624309393,-0.21160211908778023,132.2,0.65,7.86,41.85,-12.89,OVERVALUED
COKE,Consumer Staples (S&P 400),2025-02-27,0.07303727473033605,0.07,0.5543111936489308,0.07303727473033599,0.013369625346920693,0.5632532063876621,0.4168308821615065,0.10526240974651026,0.0,-0.007683619413436945,92.37,5.43,69.16,32.96,35.29,UNDERVALUED
CROX,Consumer Discretionary (S&P 400),2025-02-27,0.11458895044564188,0.0880710367957249,1.2579320108031715,0.11458895044564182,0.1719466974796489,5.500146719265147,5.467523655831633,1.859106446919076,1.0,-0.302697952783335,-28.44,-29.56,-16.71,46.92,22.04,UNDERVALUED
CRS,Industrials (S&P 400),2025-02-27,0.2259115016858646,0.10527888187756164,1.4616503194580772,0.08210798729561228,0.007857322392133843,0.23011489973026933,0.24731013308610308,0.10752442629976841,0.0,-0.05119451118919158,74.89,38.3,207.26,43.53,147.34,UNDERVALUED
CRUS,Information Technology (S&P 400),2025-02-27,-0.0572965988394919,0.10796771749891618,1.5292457339932417,-0.05729659883949185,0.030815934229617283,0.35041541414506727,0.3627528965989705,0.074232112909817,0.0,0.06345036336813877,-29.07,-28.57,12.16,37.43,14.16,UNDERVALUED
CVLT,Information Technology (S&P 400),2025-02-27,0.06966313616028752,0.11080620931807747,1.5298870538598257,0.06966313616028753,0.015803992583696806,0.3155811442209497,0.32905226593319553,0.07744090744134749,0.0,0.04094287770281581,195.32,11.32,77.92,47.37,-21.94,OVERVALUED
DCI,Industrials (S&P 400),2025-02-27,0.04143573923677901,0.07470039047127094,0.793412120592239,0.04532470560802145,0.06026849418115384,1.7843933394702096,1.4764002736168835,0.3459103243134805,0.9209896249002394,-0.038260061838593755,-4.93,-8.49,2.21,19.5,39.74,UNDERVALUED
DAR,Consumer Staples (S&P 400),2025-02-27,0.03917146494506296,0.07,0.6107020361007384,0.039171464945062955,0.10705668189638878,2.929367793743547,1.9802429400187238,0.5656734854555063,0.9616895874263262,-0.7668804569938961,-26.3,-11.07,-13.9,41.06,84.0,UNDERVALUED
DINO,Energy (S&P 400),2025-02-27,-0.1633555817301401,0.07,0.7021824075048823,-0.16335558173014003,0.36305825111157614,3.5621675057187985,4.019914211799113,0.8319850992172778,1.0,-0.28179347989052345,18.16,-25.39,-38.68,32.99,186.01,UNDERVALUED
DKS,Consumer Discretionary (S&P 400),2025-02-27,0.04982140486431419,0.07608986893339348,1.0923917381079624,0.049821404864314106,0.06473383827650944,1.8403072071752824,1.5248713138354326,0.39873550139667796,0.9161538461538462,-0.14304918362573274,54.41,-5.17,27.8,39.62,-16.23,OVERVALUED
DLB,Information Technology (S&P 400),2025-02-27,0.007915755769470012,0.07,0.590284658689147,-0.02002163502966738,0.05337914949918665,1.6369941170753972,1.2331666749719679,0.24381215104948553,0.8041884816753927,0.058070219573139355,16.14,14.46,1.35,26.02,-18.27,OVERVALUED
DOCN,Information Technology (S&P 400),2025-02-27,0.20225151911604966,0.08915008518813375,1.8640796173396383,0.20225151911604972,0.11722315348249607,5.315515523827966,5.453938755003536,2.33429960984316,1.0,-0.3472134833112998,-28.97,14.44,13.77,50.02,167.74,UNDERVALUED
EEFT,Financials (S&P 400),2025-02-27,0.09801119447421702,0.07,0.9260868488407751,0.09801119447421698,0.05570461371661304,2.5986672849413774,1.887817674012602,0.5040975287738879,0.9857578840284842,-0.05065031715806627,-15.19,-4.8,-6.96,26.12,-31.25,OVERVALUED
DY,Industrials (S&P 400),2025-02-27,0.09639376735280547,0.08864511242429399,1.2325633395385553,0.09639376735280542,0.038468981852132725,0.9374877582034586,0.9395824135035246,0.32538369852401866,0.375,-0.1662127687850032,14.04,-6.1,32.25,38.88,146.86,UNDERVALUED
EHC,Health Care (S&P 400),2025-02-27,0.10407947385365413,0.07,0.5029896922773495,0.10407947385365406,0.01712930520268264,0.5539831385896047,0.3275170106544089,0.1622530469907355,0.0,-0.28759966128997017,23.84,10.31,34.16,21.5,21.74,UNDERVALUED
ENS,Industrials (S&P 400),2025-02-27,-0.03416618602435062,0.07,0.6881093034592615,-0.034166186024350564,0.10128979627326694,2.1667459812035563,1.6050658899221166,0.3505189704636268,0.955955955955956,-0.14290421584326088,-10.02,3.8,14.0,26.47,88.19,UNDERVALUED
ENSG,Health Care (S&P 400),2025-02-27,0.2326539232938507,0.07,0.3869492708272394,0.23265392329385073,0.009116016617734375,0.5932144681993602,0.3859942003111173,0.18584273262819254,0.0,-0.18178963532210046,39.17,-10.38,7.25,24.13,35.89,UNDERVALUED
ELS,Real Estate (S&P 400),2025-02-27,0.021326547161975684,0.07,0.07867036379452376,0.02132654716197572,0.016937171060387092,0.2389467118039821,0.10180324235082548,0.07823753738618297,0.0,-0.29025030880080466,3.68,-1.6,5.63,19.57,0.76,FAIRLY VALUED
ELF,Consumer Staples (S&P 400),2025-02-27,0.768925651816379,0.10055509299444242,1.4002042194617017,0.7689256518163788,0.04625000463537217,19.580299776221025,2.9322480624961793,0.87485081064929,0.9989754098360656,-0.04695083975843139,-56.69,-53.79,-65.4,65.3,40.86,UNDERVALUED
ESAB,Industrials (S&P 400),2025-02-27,0.06990067399787159,0.09062874222231497,1.2492598847690914,0.06990067399787159,0.04323381243537919,0.8838205038332075,0.8866031064755545,0.28135595016624987,0.30294608115619787,-0.13643042785719162,77.1,20.97,28.98,30.77,-36.34,OVERVALUED
FBIN,Industrials (S&P 400),2025-02-27,-0.020495447808596245,0.073027792475876,0.9901079043418742,-0.02049544780859623,0.05321991309638629,0.88933188454346,0.6480767956344873,0.20284042179611075,0.03571428571428571,-0.30639412903815777,42.33,-17.5,-19.17,30.21,-28.87,OVERVALUED
EXP,Materials (S&P 400),2025-02-27,0.051780459566243,0.09662131128001343,1.4374689746680982,0.051780459566242984,0.0609193189891612,1.0566887129789342,1.1093649555165799,0.3452755744879801,0.555671719811814,-0.14273994220762312,30.23,-12.21,-10.32,31.63,-8.88,OVERVALUED
FCFS,Financials (S&P 400),2025-02-27,0.15495162594148204,0.07,0.5837833159835593,0.1549516259414821,0.12635946394051087,7.200995499663378,5.295183646859004,1.6592906909428968,1.0,-0.3641460200694674,17.0,-3.95,-3.27,26.52,88.31,UNDERVALUED
EXLS,Industrials (S&P 400),2025-02-27,0.15482803652010846,0.0766373231511172,0.7958162087660593,0.15482803652010843,0.024283508612626573,1.2482623910595547,1.0799259430082773,0.3578658004665015,0.5265486725663717,-0.016741026157395443,20.0,33.27,59.94,25.15,-23.5,OVERVALUED
FCN,Industrials (S&P 400),2025-02-27,0.1519801855982421,0.07,0.3174376997758179,0.151980185598242,0.05976489149810981,3.5372212546560506,2.677827297893196,0.7938444089461308,0.9989847715736041,0.007785108183575058,-11.94,-25.9,-23.72,25.81,-6.89,OVERVALUED
FHI,Financials (S&P 400),2025-02-27,0.11326491512739545,0.07,0.45030397588181,0.11326491512739537,0.09485335847553036,5.171318604908699,3.895534704029505,1.1296120225511102,1.0,-0.024060512114667365,-16.47,14.24,14.5,18.49,72.39,UNDERVALUED
FN,Information Technology (S&P 400),2025-02-27,0.08987096430300956,0.14489369099418697,2.2944015381237843,0.08987096430300952,0.00043645976652651077,0.06283936647267567,0.0630029474001828,0.0011644208028014369,0.0,0.057393319653777315,25.73,-20.75,-3.54,57.02,127.88,UNDERVALUED
FLS,Industrials (S&P 400),2025-02-27,0.19514068689282782,0.08787909740482377,1.2376987630943488,0.1951406868928279,0.02917190728578865,1.1573995349347814,1.1755615015109644,0.47693901760739005,0.580046403712297,-0.12320083393164508,24.74,11.57,29.91,26.76,46.65,UNDERVALUED
FND,Consumer Discretionary (S&P 400),2025-02-27,0.03503621666733503,0.0744206784493207,0.9497851206650034,0.03503621666733498,0.022904757360346036,0.5216284613260725,0.39529656491230375,0.11855825056691933,0.0,-0.15393763662000043,36.18,-12.71,-19.68,38.72,-43.5,OVERVALUED
FOUR,Financials (S&P 400),2025-02-27,0.2866171749598716,0.08831498978232327,1.4822086456860848,0.2866171749598716,0.0532141706449633,3.2035785184207253,2.8529645527520353,1.0249697921436551,0.9852857951329937,-0.217400926577453,27.32,20.03,26.9,48.95,-50.91,OVERVALUED
FLR,Industrials (S&P 400),2025-02-27,0.12587310826542497,0.09394404567052772,1.4260246103760137,0.12587310826542492,0.01469127971474268,0.6325225904729935,0.6497980059274385,0.13949991793926314,0.021242697822623474,0.21389477278750682,22.6,-24.64,3.41,38.65,39.69,UNDERVALUED
G,Industrials (S&P 400),2025-02-27,0.02418481816775908,0.07,0.5745702725616216,0.024184818167759126,0.08498529665691297,2.5635176883825816,1.8775468323508415,0.410944915707626,0.9940476190476191,-0.09934905535096268,-7.84,34.57,50.61,29.3,-28.37,OVERVALUED
GAP,Consumer Discretionary (S&P 400),2025-02-27,-0.0465548155737705,0.07045010253368922,1.4778072352857774,-0.04655481557377049,0.07733677027840628,1.1746306300675977,0.7869848705893792,0.2498942064684091,0.216796875,-0.443840780734922,-47.65,-1.37,18.06,53.49,-9.07,OVERVALUED
GEF,Materials (S&P 400),2025-02-27,-0.07798912312805617,0.07,0.9706370332104673,0.04301487318276531,0.11440938265035715,1.258004977759283,0.7502404375044224,0.3424350983890837,0.22880490296220635,-0.92422525499606,31.1,-11.09,-7.73,26.36,64.84,UNDERVALUED
GGG,Industrials (S&P 400),2025-02-27,0.02429880556336972,0.07599371564225524,0.744893383916732,0.024298805563369802,0.015880813582436988,0.45553494413559226,0.393219218624623,0.07696354951575936,0.0,0.03446142039349488,20.95,5.92,-2.75,19.41,-3.07,FAIRLY VALUED
GLPI,Real Estate (S&P 400),2025-02-27,0.09812340615315418,0.07,0.3611166216011144,0.09812340615315415,0.055187586421750416,2.1199602146907752,1.4347950028604601,0.5200139733269177,0.7868852459016393,-0.5063479415448856,2.86,0.76,19.36,17.98,-3.2,FAIRLY VALUED
GHC,Consumer Discretionary (S&P 400),2025-02-27,0.12495473937652579,0.07746958663633265,1.079721432092213,0.12495473937652583,0.05336396956656342,1.961107037737982,1.684666456699346,0.559868356074584,0.9104803493449781,-0.24954996724217368,38.86,25.82,42.94,28.99,18.96,UNDERVALUED
GPK,Materials (S&P 400),2025-02-27,-0.0012711864406779183,0.07,0.724874472672928,-0.001271186440677966,0.17754491635042366,4.034781938446838,2.8455105686561764,0.7493626649829261,0.9990281827016521,-0.6848547125663835,-9.19,-10.98,2.22,24.26,-53.77,OVERVALUED
GXO,Industrials (S&P 400),2025-02-27,0.08729011453352609,0.07,0.8351486219416893,0.08729011453352607,0.04236609301191279,1.0819942719946378,0.5985557117339725,0.33447826841588446,0.13144590495449948,-0.7644982481040872,-13.6,-19.62,-24.08,40.47,14.14,UNDERVALUED
HAE,Health Care (S&P 400),2025-02-27,0.1201333150788082,0.07,0.5339179320122766,0.12013331507880821,0.04513601960894606,2.106514690468846,1.5343578629439885,0.4653147484223489,0.880859375,-0.19180287942410976,-20.14,-15.8,-13.07,34.75,67.6,UNDERVALUED
HALO,Health Care (S&P 400),2025-02-27,0.25622314865872053,0.07,0.8444531404649078,0.2562231486587206,0.037113330155274356,3.78927048157707,2.65611607457,0.9602810022391652,0.9661016949152542,-0.18878305129915846,-30.12,-8.7,44.83,39.43,83.92,UNDERVALUED
HLNE,Financials (S&P 400),2025-02-27,0.04744937617375222,0.09951719850540086,1.347737788180724,0.04744937617375221,0.03500160109603349,0.6120297318682667,0.6442365225875234,0.18177194710539468,0.04806201550387597,-0.026848865951370524,83.31,-0.66,31.55,30.84,-29.44,OVERVALUED
H,Consumer Discretionary (S&P 400),2025-02-27,0.13172636224749623,0.08131069266321649,1.0998116591719875,0.13172636224749618,0.06735210053811562,2.426996454475595,2.231156358877081,0.7219397769773062,0.9888304862023654,-0.17459439368056004,52.67,-6.19,-7.83,27.61,29.72,UNDERVALUED
HRB,Consumer Discretionary (S&P 400),2025-02-27,0.03979108256040509,0.07,0.4796869464067674,0.03979108256040505,0.09943804477327199,3.314089709839597,2.449672816045446,0.5332289224455548,1.0,-0.12910985460069088,45.82,-16.47,9.1,28.51,5.14,UNDERVALUED
IDCC,Information Technology (S&P 400),2025-02-27,0.2005137682014182,0.07379741173859192,0.7587821931995339,0.2005137682014181,0.20188286152230248,16.347593621205306,13.660161800282747,5.4393220639046405,1.0,-0.03555191643519438,160.5,56.57,97.87,31.98,65.33,UNDERVALUED
ITT,Industrials (S&P 400),2025-02-27,0.09883857147638642,0.10102828977762511,1.3444599466426967,0.09883857147638651,0.022933872261952006,0.544454307817423,0.5730704533247459,0.1718134767663257,0.025012761613067893,0.017895358011491808,54.7,3.21,13.56,25.55,49.91,UNDERVALUED
JEF,Financials (S&P 400),2025-02-27,0.04086239378800305,0.09835518094277818,1.3496392529695873,0.04086239378800304,0.11004146387334748,1.3901940017138603,1.4594390358148404,0.5289663543308384,0.807235142118863,-0.5787290037643643,36.51,11.84,60.83,29.5,-16.57,OVERVALUED
KNX,Industrials (S&P 400),2025-02-27,-0.03860979120914332,0.07,0.8124093726962448,-0.03860979120914328,0.10040635280312521,1.9560350087272602,1.3778416956603854,0.34294068948353656,0.8528528528528528,-0.3916867404297456,69.67,-4.49,-13.71,28.96,44.75,UNDERVALUED
KEX,Industrials (S&P 400),2025-02-27,0.11020219380239693,0.08255941288692259,1.127553649063418,0.1102021938023969,0.04783609136342333,1.4307587093401883,1.315687713442323,0.4424131614873957,0.7382001258653241,-0.19271071021139918,4.86,-13.37,17.14,29.48,36.05,UNDERVALUED
KRG,Real Estate (S&P 400),2025-02-27,0.02412231482451288,0.07,0.5056973462436284,0.02412231482451284,0.09911201138353587,2.5565962724840023,1.701133546842218,0.47907091716859906,0.9208211143695014,-0.6208691450781582,3.43,-12.78,10.01,20.8,28.16,UNDERVALUED
LAD,Consumer Discretionary (S&P 400),2025-02-27,0.10126721489438695,0.07,1.0368318445845697,0.10126721489438693,0.0897317799920508,3.2278259234508004,2.1407123801702865,0.8852510803515558,0.9073120494335737,-1.1149579994732173,51.51,15.54,18.27,34.08,9.02,UNDERVALUED
KTOS,Industrials (S&P 400),2025-02-27,0.15451408215518203,0.09251716537322949,1.2447260417024761,0.154514082155182,0.01630934000467445,0.46965300199878884,0.4915264225464504,0.1914238222385947,0.017684887459807074,-0.07319582443040251,-18.97,17.8,40.63,40.03,113.86,UNDERVALUED
LAMR,Real Estate (S&P 400),2025-02-27,0.03879998425305353,0.07,0.7297174016688381,0.03879998425305343,0.06619409748429343,1.8792238948135191,1.290338749252233,0.352122795644123,0.7847847847847848,-0.3980345381317426,22.85,1.88,16.92,20.85,33.42,UNDERVALUED
LEA,Consumer Discretionary (S&P 400),2025-02-27,0.12327501615489544,0.07,0.8329358355789882,0.12327501615489553,0.07231477928195033,3.4087099944267742,2.3975337072302794,0.7309462588147423,0.9980353634577603,-0.32820736406117224,-25.3,-16.09,-27.18,27.16,35.9,UNDERVALUED
LECO,Industrials (S&P 400),2025-02-27,0.11443787652434279,0.08483633797805366,1.071643106044042,0.11443787652434283,0.030360450363476295,1.0394512624311296,1.0155261096916237,0.35900266320177093,0.44624624624624626,-0.06206920542848232,16.61,5.81,-17.87,29.13,37.64,UNDERVALUED
LFUS,Information Technology (S&P 400),2025-02-27,-0.06016157384331977,0.09278507716431085,1.3602429082326353,-0.06016157384331976,0.030759047250527038,0.3109846214392081,0.3202442628327587,0.09770268255905436,0.0,-0.06573806230956178,29.52,-12.23,-0.94,27.87,78.49,UNDERVALUED
LOPE,Consumer Discretionary (S&P 400),2025-02-27,0.05441970095664894,0.07841210459798882,0.831868676526533,0.05441970095664903,0.020965120646206307,0.6295019866325081,0.5532263637661493,0.13679386131352927,0.0,0.00884275362488594,57.39,25.54,33.47,25.33,-17.91,OVERVALUED
LSTR,Industrials (S&P 400),2025-02-27,-0.286858362775702,0.07,0.5846888558000843,-0.286858362775702,0.032061881605175736,0.18810296412100563,0.4022280479276475,0.05907767950658124,0.0,0.06438708482817777,54.4,-12.3,-18.26,22.72,20.42,UNDERVALUED
LSCC,Information Technology (S&P 400),2025-02-27,0.1162978756912938,0.15435795449081785,2.511382075167026,0.11629787569129378,0.02488435629325255,0.34743948680204,0.35718829594341933,0.08311255601963695,0.0,0.01346673288279217,-18.3,29.15,-18.39,53.14,94.12,UNDERVALUED
MIDD,Industrials (S&P 400),2025-02-27,-0.19608029352917156,0.07,0.8113907500009954,-0.19608029352917153,0.06545511717878832,0.34755200624467436,0.5250384626418584,0.15822173527522,0.0041025641025641026,-0.3130832974215194,13.95,16.07,6.37,31.54,-14.33,OVERVALUED
MMS,Industrials (S&P 400),2025-02-27,0.07041811543269372,0.07,0.5413805580481887,0.08185346873465767,0.06151892104293075,2.240359593061629,1.5957996083709247,0.4359655569134997,0.9116751269035533,-0.280066002122411,-34.84,-27.37,-19.52,22.59,-10.75,OVERVALUED
MORN,Financials (S&P 400),2025-02-27,0.08981075590719545,0.07017223293342816,0.7079953230644337,0.08981075590719555,0.018217259378692997,0.7362545371621336,0.527957380159709,0.13976541322711664,0.0,-0.0626820421146706,9.66,0.33,5.97,20.08,-29.16,OVERVALUED
MSA,Industrials (S&P 400),2025-02-27,0.16996203417251698,0.07281748441478347,0.7639539011492668,0.1699620341725171,0.03535550158366635,1.9855687164869713,1.5812223251991389,0.5249351200709599,0.8842105263157894,-0.07987484026226478,16.32,-8.29,-9.9,20.05,18.42,UNDERVALUED
MTDR,Energy (S&P 400),2025-02-27,-0.11858420201589204,0.07,0.7821567717936379,-0.11858420201589202,0.15789208342376304,1.819948096340088,1.5726256174571276,0.4121745134914393,0.9294003868471954,-0.3719460521428797,33.97,-7.78,-14.64,32.92,17.14,UNDERVALUED
MTN,Consumer Discretionary (S&P 400),2025-02-27,0.06875504136101895,0.07,0.6631536083337701,-0.0014442624743715225,0.15596054132153966,5.9710714528223345,4.280537546802143,1.1816024269219385,1.0,-0.5128182293737507,-14.24,-11.01,-28.67,29.6,5.56,UNDERVALUED
MLI,Industrials (S&P 400),2025-02-27,-0.14114660429308057,0.09912204326245051,1.2712068240444663,-0.1411466042930805,0.009116151065384343,0.1830774387628107,0.20284298332838444,0.01756019662842841,0.0,0.1283781064220343,188.34,13.54,55.55,33.91,59.96,UNDERVALUED
MOG-A,Industrials (S&P 400),2025-02-27,0.09032425147634426,0.1073369774086096,1.6646486315057103,0.0882850500122128,0.014208208346138085,0.12198503218132786,0.13880091398898198,0.07938974214898582,0.0,-0.15261605928626684,36.46,-12.91,13.06,34.03,129.23,UNDERVALUED
MSM,Industrials (S&P 400),2025-02-27,0.017328429985369542,0.07622282948927478,0.8989689319581678,-0.04697374741911395,0.09218568883640908,2.2090736635560235,1.8524231994864122,0.43104427351950364,0.9930286599535244,-0.12849621973897987,13.61,-1.29,-17.4,28.03,56.98,UNDERVALUED
MTSI,Information Technology (S&P 400),2025-02-27,0.03951149545218802,0.1295872282905414,2.1038685759880114,0.12518526172604552,0.010312331579531146,0.07757450070402695,0.0818063520030437,0.025239975975355818,0.0,-0.041888679732273525,118.95,7.86,31.38,42.53,136.08,UNDERVALUED
MTZ,Industrials (S&P 400),2025-02-27,0.2268242361095345,0.10399055877132363,1.8820837083541861,0.22682423610953445,0.04860468027738512,1.4905103161484057,1.6141835415408607,0.7170453602073038,0.8123732251521298,-0.2950127988282559,18.77,15.05,70.81,42.94,114.35,UNDERVALUED
MUSA,Consumer Discretionary (S&P 400),2025-02-27,-0.08174920349226522,0.07,0.5104829267855472,-0.08174920349226523,0.04949529470042706,0.5462792976891636,0.37501995400408483,0.1347553275826887,0.0,-0.2263335426485824,59.73,-10.94,11.52,24.13,24.83,UNDERVALUED
MUR,Energy (S&P 400),2025-02-27,-0.18276313108095943,0.07,0.48704355902524454,-0.1827631310809594,0.12547097694928866,0.8982222644900427,1.1823136072835492,0.31011308466489806,0.6950207468879668,-0.4649893732261927,-13.61,-27.99,-30.87,29.69,53.46,UNDERVALUED
NBIX,Health Care (S&P 400),2025-02-27,0.2676160408410022,0.07,0.6390461127447347,0.2676160408410022,0.021868423808622885,2.1515524942585884,1.4599980952296903,0.4657655549146082,0.8273170731707317,-0.015286805811679736,-34.61,-22.97,-13.61,37.79,30.14,UNDERVALUED
NEU,Materials (S&P 400),2025-02-27,-0.024008978591210428,0.07,0.6921712453507682,-0.024008978591210428,0.1021726667433694,2.2229925363174097,1.6390039792165914,0.3386595105081924,0.9771598808341608,-0.11809174579140415,17.68,2.43,-9.9,23.79,68.99,UNDERVALUED
NOV,Energy (S&P 400),2025-02-27,0.18598866933812364,0.07,0.9230541665751439,0.18598866933812352,0.06864057349643814,4.89599429822912,3.666530150423004,1.3856245788189507,1.0,-0.2785963459588281,-50.27,-15.41,-11.4,32.1,42.52,UNDERVALUED
NYT,Communication Services (S&P 400),2025-02-27,0.05104619331540117,0.0720867069418037,0.6642474039552063,0.051046193315401105,0.02747695980461626,0.9716328722613202,0.7659080047236024,0.15983043193676963,0.08140610545790934,0.031883194918196155,24.27,-13.01,10.36,23.36,38.94,UNDERVALUED
NXST,Communication Services (S&P 400),2025-02-27,-0.05334868547303784,0.07,0.643364259690643,-0.0533486854730378,0.1560407205522856,1.886364156154887,1.121596331353204,0.5103054885125247,0.5782178217821782,-1.2979420243173327,1.19,-1.74,4.5,31.83,21.88,UNDERVALUED
OGS,Utilities (S&P 400),2025-02-27,-0.07991256805165237,0.07,0.35250571854476104,-0.07991256805165234,0.18469963702645162,2.726883470123822,1.9337080887779672,0.5805477789413386,0.9638318670576735,-0.7607994663143197,-12.27,9.93,30.48,20.27,15.54,UNDERVALUED
OC,Industrials (S&P 400),2025-02-27,-0.14230099375064031,0.08453551311407305,1.299731729082659,-0.14230099375064031,0.08799245461626833,0.6204000548457841,0.8044334398206315,0.20655327244164282,0.1858622790981109,-0.12947522419798255,64.54,-8.41,3.61,29.85,0.21,FAIRLY VALUED
NVT,Industrials (S&P 400),2025-02-27,0.16286872031719746,0.11015465415338364,1.8504412374246038,0.1628687203171975,0.04293191005884925,0.9886759218446382,1.0861182421797417,0.46450722304205316,0.48969331322272497,-0.174645293523955,33.36,-9.14,-8.58,39.08,160.82,UNDERVALUED
OLN,Materials (S&P 400),2025-02-27,-0.2712399479533286,0.07,0.9177073657189796,-0.2712399479533286,0.37616309676726045,1.0425352336268576,3.490588712489404,0.8233563568235356,1.0,-0.9957839639711297,17.96,-43.1,-51.21,33.0,-21.82,OVERVALUED
OPCH,Health Care (S&P 400),2025-02-27,0.0906496887623629,0.07,0.7060357834235678,0.090649688762363,0.04835695841563856,2.068708670688376,1.499344549906898,0.4144471833942121,0.8888888888888888,-0.14192133578571614,-28.1,6.55,1.34,39.57,-29.25,OVERVALUED
OVV,Energy (S&P 400),2025-02-27,-0.12684531450577663,0.07,0.679588465344513,-0.12684531450577663,0.18508038897997567,1.8518677853946621,1.6756331880357096,0.43980589374753426,0.9495548961424333,-0.5931046887177515,20.62,1.35,-3.68,31.56,60.9,UNDERVALUED
PAG,Consumer Discretionary (S&P 400),2025-02-27,0.11151257603865572,0.07,0.872460681171058,0.11151257603865568,0.09525963129688997,4.148489365655197,2.9118900077522856,0.997863106144227,0.9877800407331976,-0.7210769272589747,47.76,-0.13,12.16,24.41,37.16,UNDERVALUED
OSK,Industrials (S&P 400),2025-02-27,0.16613136923448435,0.09021933336692971,1.1392052417387373,0.16613136923448443,0.18684447901685194,7.278938206825909,7.349903083081027,2.8286502823914903,1.0,-0.09992548178799725,-41.86,-3.8,-5.83,34.77,54.42,UNDERVALUED
PFGC,Consumer Staples (S&P 400),2025-02-27,0.07011517625797481,0.07,0.8751115751715072,0.017928659131914063,0.050972110283738686,1.6575449813757792,1.1208273026895739,0.3365550609842384,0.614519427402863,-0.38819650567696123,-6.92,10.59,8.0,24.39,25.58,UNDERVALUED
PBF,Energy (S&P 400),2025-02-27,-0.1816238631825976,0.0714270552209711,0.727136411381531,-0.1816238631825976,0.5026550774287404,3.723900003063405,5.1893458663682255,0.9879585230326435,1.0,-0.10611148078236005,-36.77,-33.03,-53.71,43.82,241.0,UNDERVALUED
PII,Consumer Discretionary (S&P 400),2025-02-27,0.04021422750029102,0.07,0.7989992329928695,0.04021422750029107,0.06833049859196352,1.6546666321524808,1.0612451951727038,0.3687410439234262,0.5515151515151515,-0.7173567874746328,-37.81,-46.41,-49.77,37.04,54.89,UNDERVALUED
PLNT,Consumer Discretionary (S&P 400),2025-02-27,0.1436358046568429,0.07049415055511604,0.9184387418016565,0.14363580465684286,0.0346151373010817,1.7975852335429212,1.2941911832864672,0.48177403479765185,0.7080867850098619,-0.26353899078930415,12.39,11.79,43.91,31.27,-41.87,OVERVALUED
POST,Consumer Staples (S&P 400),2025-02-27,0.16362792273814142,0.07,0.13617783666156175,0.13327134887712774,0.12519061905570147,6.844535096038351,4.914463161720201,1.825681121109779,0.9990059642147118,-0.9555706037249293,20.97,-2.46,8.85,17.52,-30.12,OVERVALUED
PR,Energy (S&P 400),2025-02-27,0.46433831550745674,0.07,0.8141054176134838,0.46433831550745686,0.14195827160398347,31.16505728102039,10.852088185790524,2.645160720405962,1.0,-0.5359127178814119,54.73,-1.04,-3.22,30.0,80.3,UNDERVALUED
PSN,Industrials (S&P 400),2025-02-27,0.2973530679298029,0.07,0.7527592166458739,0.2973530679298029,0.031686620596406576,3.4638362350604064,2.155081185412058,0.6540654080750591,0.9659211927582535,-0.10487145944031306,-6.47,-37.86,-27.22,34.65,-21.85,OVERVALUED
PVH,Consumer Discretionary (S&P 400),2025-02-27,0.021442343919682694,0.07,1.3419806284328957,0.02144234391968263,0.2544042127630204,7.391764342271587,5.282071442990825,1.2167947567522452,1.0,-0.6567955143030624,-49.51,-28.26,-45.32,38.69,1.91,FAIRLY VALUED
RBA,Industrials (S&P 400),2025-02-27,1.1222747721767217,0.071919389831469,0.7990696337008049,1.1222747721767217,0.014851169092484212,28.954491912677625,0.9874702248732091,0.274051655681795,0.4897959183673469,-0.2225454195008789,114.83,16.32,32.5,24.93,-12.49,OVERVALUED
QLYS,Information Technology (S&P 400),2025-02-27,0.13218697100197452,0.09757414858422851,1.242778567562953,0.13218697100197457,0.011934136010041814,0.4042526071297708,0.43072243181510145,0.14333051242357814,0.002079002079002079,0.036144790673436435,-0.19,4.25,-21.35,38.27,38.96,UNDERVALUED
RBC,Industrials (S&P 400),2025-02-27,0.0619342544068604,0.07618275341888066,0.8354539375814125,0.06193425440686041,0.020656552296843423,0.542629686933889,0.44005330562796796,0.12880274366055253,0.0,-0.11707739974995217,21.86,22.15,31.71,26.19,41.1,UNDERVALUED
RH,Consumer Discretionary (S&P 400),2025-02-27,-0.15634440772075686,0.09673711270680126,1.8910649311721464,-0.1563444077207569,0.2738024816926036,1.1642123009289933,1.9004996063615982,0.5882054839551962,0.986985944820406,-0.5980850632377972,40.68,19.58,23.43,63.16,-52.31,OVERVALUED
RPM,Materials (S&P 400),2025-02-27,0.010868040329562234,0.07367936439295855,0.8371757368339013,0.010868040329562232,0.05769471399522014,1.3739320946618605,1.0984812377001616,0.2630131934231712,0.6184100418410042,-0.14275198500485203,19.81,8.39,9.75,21.9,-6.7,OVERVALUED
RMBS,Information Technology (S&P 400),2025-02-27,0.013905227213259597,0.17274999371244373,2.9342240252597667,0.013905227213259659,0.010201680895193303,0.08139078199397999,0.0823889011748441,0.008608530948423822,0.0,0.011017307261020758,-82.48,19.61,-6.49,55.73,70.93,UNDERVALUED
RS,Materials (S&P 400),2025-02-27,-0.13034361233480174,0.08108543702385275,0.8801666053749557,-0.13034361233480177,0.054273737255304634,0.5130092033789055,0.5826330142972698,0.12945153123700254,0.0045992115637319315,-0.018072961763435348,86.47,5.06,-7.31,26.23,32.49,UNDERVALUED
RRX,Industrials (S&P 400),2025-02-27,0.19793403476494364,0.07984327420638127,1.4701128610897756,0.19793403476494376,0.05241416161341853,2.128303346470463,1.85571923841036,0.8930206014217525,0.8304378040305768,-0.7033527277036359,112.09,-21.28,-22.48,35.29,29.41,UNDERVALUED
SAIC,Industrials (S&P 400),2025-02-27,-0.03374870197300106,0.07,0.5409025788946136,-0.03374870197300104,0.1303637608164899,2.3814199695960645,1.6948545184129467,0.4252473203136263,0.9538300104931794,-0.42013500482435856,-35.85,-21.35,-27.57,30.55,28.21,UNDERVALUED
SAIA,Industrials (S&P 400),2025-02-27,0.032010807802276275,0.08807353776293823,1.0383475010181324,0.03201080780227624,0.005339477229501862,0.12567522494413805,0.12314804099174993,0.026804846014866834,0.0,0.014948743801429581,82.42,6.19,-30.24,51.91,-9.62,OVERVALUED
SEIC,Financials (S&P 400),2025-02-27,-0.03578235864024626,0.08281491071966524,0.9016485991245503,-0.035782358640246266,0.035539096773131856,0.6505251410419214,0.6143394981619293,0.11913737025418324,0.0,0.07922451216907538,44.33,19.13,19.24,18.69,38.17,UNDERVALUED
SANM,Information Technology (S&P 400),2025-02-27,-0.022430268517375396,0.1044432810440154,1.4420436151287426,-0.1529616852645895,0.005464716632412772,0.1361323608473807,0.13955378820802475,0.017422122487690594,0.0,0.06987445711360125,66.21,18.73,32.08,32.13,132.9,UNDERVALUED
SCI,Consumer Discretionary (S&P 400),2025-02-27,-0.002162018234164398,0.07,0.42961690262908053,-0.0021620182341643666,0.03988353508062703,0.6550358685921179,0.3829476928472056,0.15897304701515594,0.0,-0.39905758711004236,8.52,3.8,13.97,22.66,6.26,UNDERVALUED
SFM,Consumer Staples (S&P 400),2025-02-27,0.0676367765457262,0.07479657645430741,0.8980495992405721,0.06763677654572615,0.032780447848745224,1.0374985455914318,0.8403009730618503,0.22975763781996902,0.25622489959839356,-0.10088895543825839,221.12,39.2,134.44,37.13,-45.14,OVERVALUED
SGI,Consumer Discretionary (S&P 400),2025-02-27,0.0008534503779566993,0.07072315952769745,0.9220950141773433,0.000853450377956596,0.034684330454740224,0.6445831353067439,0.41652523587332024,0.14631630333553894,0.0,-0.2989334450712965,68.39,21.33,17.71,30.77,3.69,FAIRLY VALUED
SIRI,Communication Services (S&P 400),2025-02-27,-0.005553704320781949,0.07,1.199289002533395,-0.005553704320781961,0.23372408129504532,5.19763434738474,3.55701485876639,0.964821504478222,1.0,-1.2648236278690748,-27.83,-22.7,-47.01,53.07,27.23,UNDERVALUED
SLGN,Materials (S&P 400),2025-02-27,-0.06602106621244108,0.07,0.5503253458297958,-0.06602106621244111,0.20057821558589492,3.3000633646419995,2.390374603341008,0.6297668691351506,0.9979838709677419,-0.5015059664418974,2.03,6.1,23.36,20.19,-21.11,OVERVALUED
SLAB,Information Technology (S&P 400),2025-02-27,-0.23615524174255398,0.13933405345352637,2.203533467217864,-0.236155241742554,0.16154377097556652,0.5502918968736956,0.9859910312020239,0.14441586820403307,0.3935,0.03750535530668219,614.93,14.99,-0.1,45.37,60.39,UNDERVALUED
SON,Materials (S&P 400),2025-02-27,-0.07132235493939831,0.07,0.4375404505662732,-0.07132235493939833,0.0493541866882074,0.18247828967264412,-0.04082133238155342,0.1481625709921043,0.0,-0.7243321125374208,-20.58,-11.73,-14.01,19.38,33.91,UNDERVALUED
SNX,Information Technology (S&P 400),2025-02-27,-0.07680624588070573,0.07,0.7676177984400844,-0.07680624588070571,0.15573303948216874,2.735144415948584,2.0341860529406954,0.49179526077899116,0.9931102362204725,-0.2537025280831837,19.07,13.5,37.06,26.33,85.02,UNDERVALUED
SPXC,Industrials (S&P 400),2025-02-27,0.1918680265589705,0.11812687034453559,1.8549061601337733,0.1918680265589705,0.04357828721405745,1.0412050096149383,1.1199937790858738,0.4174550995464076,0.5485971943887775,-0.0698010676624262,-31.5,-9.53,26.02,37.67,42.06,UNDERVALUED
SSD,Industrials (S&P 400),2025-02-27,0.046177685511039845,0.07731700407838171,0.8982869209880995,0.04617768551103995,0.034049701055655926,0.9635206364430869,0.8291458606036651,0.1974389282465623,0.21164021164021163,-0.01776407418590376,68.33,-9.6,-20.57,29.52,16.02,UNDERVALUED
ST,Industrials (S&P 400),2025-02-27,0.00616440430034082,0.07,1.0685842199158584,0.006164404300340856,0.09004224334592682,1.9572751285185557,1.2758415052940795,0.37427258568051847,0.7460159362549801,-0.6829374206562117,74.03,-23.71,-14.14,30.67,48.72,UNDERVALUED
THC,Health Care (S&P 400),2025-02-27,0.0724940022947742,0.07,0.6481042775435939,0.07249400229477418,0.08061780593954153,2.374853569225428,1.4900674352887537,0.6221741809531189,0.7644084934277048,-1.0561688302013041,26.13,-20.38,44.61,39.47,108.92,UNDERVALUED
TEX,Industrials (S&P 400),2025-02-27,0.16613852421910358,0.09727801643289805,1.365077653232443,0.16613852421910366,0.1268997302126717,4.677439234784701,5.112571202099396,2.1132529044939696,1.0,-0.09435501051682132,-39.39,-24.71,-24.71,39.02,58.89,UNDERVALUED
STRL,Industrials (S&P 400),2025-02-27,0.11460883580982872,0.14458004096935345,2.5277405103750596,0.11460883580982867,0.03195236532184817,0.4670121985494408,0.48372741215599485,0.11145285713918655,0.0015007503751875938,0.019084493864143865,155.31,4.89,15.94,57.99,322.68,UNDERVALUED
THO,Consumer Discretionary (S&P 400),2025-02-27,-0.21534281169300806,0.081537212641764,1.0200477271929302,-0.09694616919050802,0.08362431392076036,0.44902788850549236,0.8534102271391462,0.20340280656136633,0.2474293059125964,-0.126206274868472,56.58,-8.2,-21.19,35.55,-16.85,OVERVALUED
TKR,Industrials (S&P 400),2025-02-27,0.060555518491338,0.07,0.8810620336623004,0.06055551849133809,0.14015237824033575,5.057884067832648,3.594596956298099,0.903019286926272,1.0,-0.38304531001596676,10.11,-3.86,-3.5,28.78,60.69,UNDERVALUED
TNL,Consumer Discretionary (S&P 400),2025-02-27,0.051303616484440706,0.07,1.1198274579760403,0.051303616484440706,0.17873510817850544,5.136664066143607,3.4237908691857433,1.0108436768673748,0.9990118577075099,-1.458469798900265,13.1,29.52,28.83,27.68,35.2,UNDERVALUED
TOL,Consumer Discretionary (S&P 400),2025-02-27,0.027417378839091233,0.07884208635939079,1.2897772267627319,0.0852234486320424,0.09307540183333785,2.1755426748645665,1.9160950886743813,0.4658985872529759,0.9920116194625999,-0.15202354296188839,29.64,-22.75,0.13,36.34,32.74,UNDERVALUED
TTC,Industrials (S&P 400),2025-02-27,0.007623718161386739,0.07,0.57331825410633,0.0067205481858912414,0.04324312229309328,1.1109112677928676,0.7966656380424613,0.18804616248531952,0.15254237288135594,-0.10686967918482594,-21.79,-10.99,-11.63,30.27,25.99,UNDERVALUED
TTEK,Industrials (S&P 400),2025-02-27,0.21803979555214803,0.07,0.46865119870515864,0.14950171916286167,0.04984683705705938,4.320301687550396,3.210781856367744,1.1750846880832755,0.9959514170040485,-0.09967213025191746,-14.94,-37.02,-15.01,29.38,24.55,UNDERVALUED
TXRH,Consumer Discretionary (S&P 400),2025-02-27,0.15361530332243323,0.07580823678954332,0.8536392969999413,0.15361530332243314,0.02428024031841466,1.3508227682416947,1.1592751476396124,0.4353564232656934,0.5880503144654088,-0.057472799637617575,75.5,5.98,20.6,23.2,15.85,UNDERVALUED
UGI,Utilities (S&P 400),2025-02-27,-0.15534766806428058,0.07,0.15973862618160556,-0.19242831541218638,0.16261533563868508,1.0180716475885778,1.0964222076231844,0.4018491677247084,0.5843373493975904,-1.0350097637100184,53.56,39.73,45.89,29.1,21.49,UNDERVALUED
UFPI,Industrials (S&P 400),2025-02-27,-0.25017350112016123,0.09187884589821281,1.189884356321541,-0.25017350112016123,0.030422137699876124,0.23919984467431385,0.4044772798829128,0.06662479269638907,0.0,0.11419215332156701,66.03,-11.73,-5.01,31.5,-15.53,OVERVALUED
USFD,Consumer Staples (S&P 400),2025-02-27,0.04521831047949032,0.07367316896694938,0.9156399923041174,0.045218310479490265,0.052767922659249775,1.3851247206174544,1.0625023148259827,0.2924532541590628,0.5633561643835616,-0.2864218594990116,21.25,19.86,36.02,22.51,54.41,UNDERVALUED
UTHR,Health Care (S&P 400),2025-02-27,0.20203480865568357,0.07,0.38599640731234697,0.20203480865568352,0.07721123641282426,6.349041456623731,4.8812612326474065,1.7009052373275686,1.0,0.03335027901669476,-13.16,-7.33,42.72,30.97,60.99,UNDERVALUED
VAL,Energy (S&P 400),2025-02-27,0.11338533541341644,0.08026324591074302,1.0081127571002109,0.11338533541341654,0.039522677396769575,1.3933639831229225,1.2597752971914076,0.46190889312491296,0.6777851901267512,-0.20169591404659698,-8.03,-41.85,-43.9,40.4,142.97,UNDERVALUED
VC,Consumer Discretionary (S&P 400),2025-02-27,0.05271565495207664,0.07230513851849561,0.842875120243871,0.052715654952076675,0.10251376473265363,3.605213431457096,2.822942560796167,0.6389930302963448,1.0,0.029547127248829255,-50.26,-14.23,-24.83,29.98,23.17,UNDERVALUED
VIAV,Information Technology (S&P 400),2025-02-27,-0.12019106770238719,0.07352006385567689,1.0459231478301143,-0.0955609800198897,0.00792718688704917,0.02141188446639145,0.015744890256198636,0.02211369001480377,0.0,-0.08777279144576308,38.75,29.89,15.06,40.7,248.01,UNDERVALUED
VFC,Consumer Discretionary (S&P 400),2025-02-27,-0.10583848895143533,0.07,0.726110519529902,-0.10583848895143534,0.09051377021119922,0.7674652417940699,0.4937630539142289,0.2605352883797324,0.03458799593082401,-0.7235223539365809,464.61,39.52,56.36,53.44,-41.36,OVERVALUED
VNOM,Energy (S&P 400),2025-02-27,-0.04477763647725086,0.07,0.7002498016204574,-0.04477763647725081,0.05428977725286719,0.8665901036213769,0.5751763001650372,0.17876595749319502,0.003913894324853229,-0.29777859818069896,100.22,-3.83,34.72,31.14,9.26,UNDERVALUED
VNT,Information Technology (S&P 400),2025-02-27,-0.028011556337143584,0.07,1.0189422480831096,-0.028011556337143573,0.09006347478603426,1.6575056006964823,1.1521641530026305,0.29439715249580334,0.6726190476190477,-0.352533404382331,45.89,6.07,-13.07,26.63,-11.02,OVERVALUED
VVV,Consumer Discretionary (S&P 400),2025-02-27,0.14444946684139248,0.07411480434413721,1.0021832189688908,0.12157949428472463,0.12556490130036366,6.4033408153572475,5.142935763058314,1.6983557328829064,1.0,-0.27729178671581173,-29.2,-12.76,-13.87,28.0,-7.7,OVERVALUED
WFRD,Energy (S&P 400),2025-02-27,0.1856384206880628,0.09190525775902267,1.4317959054179918,0.1856384206880628,0.15888607656702677,7.177394183116672,7.589094623868515,3.3507654263672624,1.0,-0.2527513470992993,-31.13,-42.1,-40.02,41.65,50.67,UNDERVALUED
WH,Consumer Discretionary (S&P 400),2025-02-27,-0.06742323097463288,0.07,0.7208096800402389,-0.06742323097463285,0.07086218435073242,0.9669997764532545,0.6894432126555816,0.20579336342469898,0.07723577235772358,-0.25064490270153306,52.11,41.52,42.11,25.91,-28.17,OVERVALUED
WEX,Financials (S&P 400),2025-02-27,0.08397855866587256,0.07,0.7992033693527331,0.08397855866587255,0.07211552204085028,2.655964669879825,1.8497908135966303,0.5468767958646914,0.9571286141575274,-0.437741391440594,-35.44,-15.85,-28.45,35.05,25.44,UNDERVALUED
WCC,Industrials (S&P 400),2025-02-27,0.04505581206436937,0.08723372070419505,1.6385167960478506,0.04505581206436945,0.0730179165261945,1.0495142633102348,1.0180139660427268,0.41375027132706566,0.4591661907481439,-0.6018049156744378,19.87,10.49,25.79,37.84,90.39,UNDERVALUED
WMG,Communication Services (S&P 400),2025-02-27,0.04194834846635698,0.07,0.49387131102985476,0.06443597813483519,0.024595915040369537,0.6498861461748102,0.42223047895855664,0.1380184845482927,0.0,-0.21340932070828006,25.7,17.31,0.04,28.08,-16.63,OVERVALUED
WHR,Consumer Discretionary (S&P 400),2025-02-27,-0.013638207260190605,0.07,0.8657516166795872,-0.01363820726019063,0.354118666348627,7.883223595114032,5.535781623286039,1.3762226495514527,1.0,-1.1990700971783084,-6.83,3.18,1.91,43.6,-57.57,OVERVALUED
WLK,Materials (S&P 400),2025-02-27,-0.2055210839559326,0.07,0.8372808283441868,-0.20552108395593263,0.046998847464539445,0.2877999220098618,0.4449167146184391,0.11396279099072791,0.0010152284263959391,-0.1622845996276955,119.42,-23.75,-18.4,24.66,-25.86,OVERVALUED
WING,Consumer Discretionary (S&P 400),2025-02-27,0.2867915451120353,0.09539434111932481,1.366491819497164,0.28679154511203536,0.022925423387331507,1.3562878984098623,1.2655350779763106,0.5011859153353907,0.6693079767564712,-0.0968255754977084,28.2,-43.85,-32.38,44.42,-49.75,OVERVALUED
WMS,Industrials (S&P 400),2025-02-27,-0.06403134230139418,0.0926268760395357,1.2888056039623983,-0.06403134230139418,0.039393068708884524,0.31286766330694743,0.32563289557414105,0.11087699788661415,0.0,-0.10197097567444195,18.39,-29.49,-31.81,34.13,28.49,UNDERVALUED
WSO,Industrials (S&P 400),2025-02-27,0.001295374538240246,0.09007467977321956,1.1011287896464867,0.0012953745382401492,0.01719954825453353,0.28063394576352363,0.2804234988365398,0.07177927474271971,0.0,-0.010317067212083402,122.36,7.07,31.44,28.31,-34.19,OVERVALUED
WTS,Industrials (S&P 400),2025-02-27,0.038797676180853724,0.07827920094922163,0.843075134004234,0.03879767618085375,0.026551806009331814,0.7241041104535157,0.63297604824471,0.14174976072735718,0.0014265335235378032,0.0074102997942370845,33.95,11.0,7.42,23.85,76.27,UNDERVALUED
WWD,Industrials (S&P 400),2025-02-27,0.18114683074220328,0.07858170636436652,0.8647512552189051,0.14056398105241055,0.03500367889501772,1.9174839411458637,1.732326428621332,0.6205591892024633,0.8940766550522649,-0.056456749262382484,7.62,11.43,34.87,30.26,86.53,UNDERVALUED
AAMI,Financials (S&P 600),2025-02-27,0.02253116011505263,0.07551587818102497,1.0081155933854906,0.022531160115052733,0.04062593350717503,0.8828099539695897,0.7114643224136417,0.19943401737645364,0.09011164274322168,-0.19817661700940828,52.9,3.81,8.18,28.53,273.37,UNDERVALUED
ABG,Consumer Discretionary (S&P 600),2025-02-27,-0.0408969865037353,0.07,1.345072367082273,-0.040896986503735286,0.251822420080655,4.52248651664213,3.1577065467238925,0.802205555925328,1.0,-1.0010098596801251,122.1,11.06,25.92,35.52,-19.32,OVERVALUED
ACIW,Information Technology (S&P 600),2025-02-27,0.021575341743201637,0.07817240796220404,0.9290346312450729,0.02157534174320153,0.011681681348089237,0.13621440489871622,0.10245047654265975,0.05736303781776831,0.0,-0.15494952420602234,118.74,10.85,74.47,29.82,-5.32,OVERVALUED
ACA,Industrials (S&P 600),2025-02-27,0.029026217228464324,0.10801896710101676,1.654684126395221,0.02902621722846442,0.039936085879248115,0.4765725311328608,0.5055820376034766,0.15082862342864675,0.010584677419354838,-0.10461963169741803,113.63,0.46,11.82,32.09,59.24,UNDERVALUED
ACHC,Health Care (S&P 600),2025-02-27,0.12195032253689964,0.07,0.553914583273198,0.12195032253689952,0.05355740708195089,2.3695216738466547,1.679097320958742,0.5740366625172674,0.8820116054158608,-0.3809608782039736,70.6,-48.48,-53.93,45.19,-33.01,OVERVALUED
ACLS,Information Technology (S&P 600),2025-02-27,0.2289200628697019,0.1502168875937851,2.4377307176850764,0.2289200628697019,0.04551274068816834,1.196066483184669,1.2198516871445575,0.3902540569028805,0.679,0.06792773999749677,-49.11,-50.4,-49.88,50.26,127.22,UNDERVALUED
ADEA,Information Technology (S&P 600),2025-02-27,-0.11424294824039205,0.09704666335807541,1.3820682347054258,-0.11424294824039204,0.060895376170022636,0.16368870476216674,0.2407017782217621,0.13761526936820245,0.0,-0.32656268854737713,68.15,29.68,38.39,46.39,74.67,UNDERVALUED
ADT,Consumer Discretionary (S&P 600),2025-02-27,0.061827004881896075,0.07,0.8114755973836528,0.06182700488189609,0.12560457940863967,3.753111797255893,2.4988061439802016,0.7802145574959966,0.9862475442043221,-1.0899735003107316,-19.38,10.69,28.29,36.62,-5.16,OVERVALUED
ADUS,Health Care (S&P 600),2025-02-27,0.1130572377828245,0.07312877719976264,0.7547506495307457,0.11305723778282446,0.07172598626188638,3.120963566771773,2.4678912737468712,0.6799214888368815,0.9966386554621849,-0.07031442953485027,-23.0,-26.94,5.05,28.69,24.6,UNDERVALUED
AEO,Consumer Discretionary (S&P 600),2025-02-27,0.054498216673784405,0.07,1.2745576982372,0.054498216673784475,0.02357807492095968,0.537808832661688,0.30302634299428494,0.1416159498065407,0.0,-0.33953985179234003,-34.67,-41.54,-43.89,40.34,28.66,UNDERVALUED
ADNT,Consumer Discretionary (S&P 600),2025-02-27,0.019878896571121407,0.07,0.8325908398579352,-0.04592400129912309,0.3020472689209179,8.402831578069373,5.939861122715269,1.4262378828951707,1.0,-1.0792620656973348,-33.97,-28.07,-53.39,37.71,22.27,UNDERVALUED
AIN,Industrials (S&P 600),2025-02-27,0.10921192362064658,0.0840700449675642,1.2220120891893584,0.10921192362064651,0.04384267515947418,1.2764419831644682,1.2243137125717745,0.4011994580857241,0.6788990825688074,-0.15243887955208396,-30.04,-19.04,-20.99,31.67,-17.98,OVERVALUED
ALG,Industrials (S&P 600),2025-02-27,0.1163009640490058,0.07837975030019725,0.8448385315970774,0.11630096404900582,0.04549048930690558,1.6798970584952828,1.5004910658471284,0.4639588833955693,0.85625,-0.0864840277373869,-4.3,1.64,-8.29,27.64,-10.9,OVERVALUED
ALGT,Industrials (S&P 600),2025-02-27,0.09037508867948052,0.07,1.2829541170464513,0.09037508867948053,0.3831617627980969,15.319368177214814,10.914369821957408,2.9962753260472055,1.0,-1.6282376832079861,-29.62,73.21,0.25,55.15,2.4,FAIRLY VALUED
ALKS,Health Care (S&P 600),2025-02-27,0.49614362359967434,0.07,0.5278303539894542,0.4961436235996744,0.02359512002802702,10.587284361254156,2.6898759717078304,0.662258161977898,0.99317738791423,0.015004239092878619,-85.3,20.75,14.61,31.32,41.07,UNDERVALUED
ALRM,Financials (S&P 600),2025-02-27,0.04643354352632878,0.07382966144655315,0.974377731706122,0.04643354352632872,0.005960891714925636,0.24804383072075434,0.21095510211210175,0.033302502667347765,0.0,0.058984488219779974,-27.84,-2.07,-22.9,27.53,-1.82,FAIRLY VALUED
AMN,Health Care (S&P 600),2025-02-27,-0.27730705544394096,0.07,0.46418622632058004,-0.27730705544394096,0.37819720395339645,0.24488619296509012,2.6839845018607704,0.7133240208624101,1.0,-1.3113016851493087,-28.53,-49.32,-51.59,56.61,30.94,UNDERVALUED
AMPH,Health Care (S&P 600),2025-02-27,0.29140638934481267,0.07,0.5572172022256657,0.2914063893448126,0.11577548562263498,14.410868713117699,9.090893460164335,2.9135714032791653,1.0,-0.3166740219634171,-1.72,-35.05,-43.2,38.45,-31.15,OVERVALUED
AMR,Materials (S&P 600),2025-02-27,-0.15364156161802545,0.09701171850844176,1.0852021756549521,-0.1536415616180254,0.33605092515530083,2.0594096604081162,2.911537142500395,0.6303312449994414,1.0,0.1341364103155551,44.91,-36.29,-66.13,53.26,30.79,UNDERVALUED
APAM,Financials (S&P 600),2025-02-27,-0.018276728230064876,0.09037903759835376,1.256819704207983,-0.018276728230064886,0.10694715166876519,1.4968195727967635,1.5051387197033976,0.37720597545406365,0.9406544647809207,-0.05389764105835403,29.47,3.51,6.06,27.66,15.78,UNDERVALUED
ASO,Consumer Discretionary (S&P 600),2025-02-27,-0.036869321116428266,0.07,0.8257773009054222,-0.036869321116428225,0.10752293535706342,1.8941561768317101,1.3523802671234832,0.3441549578703835,0.8309859154929577,-0.36943696706853996,2.49,-10.35,-31.24,36.08,-7.03,OVERVALUED
APLE,Real Estate (S&P 600),2025-02-27,0.08509492360004756,0.07,0.8182016672962861,0.08509492360004749,0.11663109611161515,4.5611255530168,3.296317769242423,0.8839012751249,1.0,-0.46907124065470907,-2.99,5.42,-2.74,21.38,26.89,UNDERVALUED
APOG,Industrials (S&P 600),2025-02-27,-0.016487864198970525,0.10401795894638437,1.5248139522514745,-0.016487864198970498,0.1289396312938625,1.4989400515986857,1.590725221859631,0.4180168263873655,0.9776536312849162,-0.06886325027467745,-11.43,-27.94,-15.37,43.74,-9.01,OVERVALUED
ASTH,Health Care (S&P 600),2025-02-27,0.21194357796922292,0.0804038945201976,1.0907532207092174,0.21194357796922292,0.0581591957732938,3.2763037275342275,2.989225092623944,1.0595585903269369,0.9946055293324343,-0.016747499533303838,13.43,-28.8,-20.35,46.2,11.71,UNDERVALUED
AROC,Energy (S&P 600),2025-02-27,0.17120917537087488,0.10860204935528003,1.2516487607727502,0.17120917537087496,0.02253177817919662,0.6037097431958497,0.6558301913913865,0.23102200946553186,0.08442211055276382,-0.0027541438200318824,11.61,33.69,54.2,37.44,26.83,UNDERVALUED
ASTE,Industrials (S&P 600),2025-02-27,0.04998038446449593,0.0982382050074145,1.3723151195916998,0.04998038446449588,0.03041075997422071,0.5435570157105681,0.568080250903581,0.1587356294185224,0.015560165975103735,-0.024913912702364076,-13.56,6.81,0.1,42.11,19.2,UNDERVALUED
ATEN,Information Technology (S&P 600),2025-02-27,-0.10215525544164539,0.07895733215363082,0.8138104166019082,-0.10215525544164544,0.008239383164240752,0.1532415385479958,0.1507648167592156,0.0221476915677921,0.0,0.05382703416246028,63.16,51.78,56.07,33.75,27.06,UNDERVALUED
AWI,Industrials (S&P 600),2025-02-27,0.050360879085232346,0.08204573490783773,0.9817997732306357,0.05036087908523234,0.04788473895591709,1.1752135901384828,1.0966419645939334,0.2962088264834564,0.5888030888030888,-0.08697421682683369,72.55,21.54,23.83,21.73,19.4,UNDERVALUED
AZZ,Industrials (S&P 600),2025-02-27,0.16162895148185052,0.09743104000231777,1.4524407236511643,0.16162895148185055,0.09216034750373334,2.4663604993131285,2.701527801233568,1.1067586120887094,0.9890795631825273,-0.41236220692155,26.76,16.17,30.27,36.78,48.35,UNDERVALUED
BFAM,Consumer Discretionary (S&P 600),2025-02-27,0.1968683787621499,0.07,0.4863597626859098,0.1968683787621499,0.005875650152409415,0.18223339188453147,0.070070484068748,0.10437217121094033,0.0,-0.24356056192876616,50.17,-8.66,15.7,32.01,-42.03,OVERVALUED
BCPC,Materials (S&P 600),2025-02-27,-0.021137402133796335,0.0804611084960886,0.90530259954565,-0.021137402133796286,0.030464738864207072,0.5337627235611914,0.4824115222257076,0.12048932884761727,0.0,-0.04822130984827235,23.86,0.28,11.81,22.32,5.08,UNDERVALUED
BCC,Industrials (S&P 600),2025-02-27,-0.18469122448957698,0.09980205807818159,1.4690917934504482,-0.18469122448957692,0.1348779396024486,0.8190015405080808,1.2866007403487574,0.27363341151960774,0.8889457523029682,0.10495368553125947,205.84,-20.09,-19.41,37.51,-19.16,OVERVALUED
BGC,Financials (S&P 600),2025-02-27,0.1159243530529026,0.07365016881315012,0.9444511021301298,0.1159243530529027,0.02870859458983038,1.1308565598345062,0.8913460342219661,0.28012860284574714,0.3175150992234685,-0.14312247121822086,133.82,-2.23,39.76,35.39,14.02,UNDERVALUED
BL,Information Technology (S&P 600),2025-02-27,0.12823317486967856,0.07,1.1032018413488778,0.1282331748696786,0.0677178745257807,3.3987346244484598,2.4422344633656534,0.8522990868300794,0.9785495403472931,-0.38370622630645074,-99.15,-3.36,-15.4,39.69,-33.87,OVERVALUED
BHE,Information Technology (S&P 600),2025-02-27,-0.01640664220423782,0.1031630707571513,1.8069546464963209,-0.016406642204237838,0.03569268171005785,0.32557324595829884,0.3519620001151879,0.12057737048924742,0.0,-0.1280897183282688,27.43,-5.96,32.9,41.48,89.39,UNDERVALUED
BNL,Real Estate (S&P 600),2025-02-27,0.08680704664636463,0.07,0.437490503215942,0.08680704664636466,0.11953719711424295,4.536345258051918,3.11651819333,0.8811671209883928,1.0,-0.6615740919094186,-1.67,-5.9,21.09,19.83,39.2,UNDERVALUED
BOX,Information Technology (S&P 600),2025-02-27,0.04729864745668966,0.07,0.4561728407309844,0.04729864745668975,0.005584439605629813,0.18419158766738686,0.13256604097635455,0.03128142577334677,0.0,-0.017371031901238378,-9.87,12.42,28.47,27.67,1.54,FAIRLY VALUED
BRC,Industrials (S&P 600),2025-02-27,0.014990986613487411,0.07,0.600032328427134,0.007155390606991861,0.03710236134594452,1.1542655980912486,0.8739040438379083,0.17184893692035225,0.26136363636363635,0.0354424399138418,20.92,0.28,28.52,23.47,27.02,UNDERVALUED
CAKE,Consumer Discretionary (S&P 600),2025-02-27,0.04127779614405136,0.07,1.0648466584642349,0.041277796144051325,0.0453999022919435,0.8853787098328234,0.4678919379171747,0.25545215863144355,0.01962809917355372,-0.7013361629255946,-10.85,30.03,52.06,35.29,109.82,UNDERVALUED
BTU,Energy (S&P 600),2025-02-27,-0.007065577390152344,0.1011642192439769,0.7602115990868822,-0.007065577390152351,0.7534829871961471,10.378683658336271,10.81601416188525,2.604353945495252,1.0,0.32896030306987334,-50.34,-40.31,-44.45,39.53,99.47,UNDERVALUED
